ISO-10303-21;
HEADER;
/* Generated by software containing ST-Developer
 * from STEP Tools, Inc. (www.steptools.com) 
 */

FILE_DESCRIPTION(
/* description */ (''),
/* implementation_level */ '2;1');

FILE_NAME(
/* name */ 
'E:\\Eng\\Customer Service\\Drawings\\1551\\3D Files\\1551T\\1551TFL.s
tp',
/* time_stamp */ '2020-06-26T09:36:35-04:00',
/* author */ ('mbeerman'),
/* organization */ (''),
/* preprocessor_version */ 'ST-DEVELOPER v18.1',
/* originating_system */ 'Autodesk Inventor 2020',
/* authorisation */ '');

FILE_SCHEMA (('AUTOMOTIVE_DESIGN { 1 0 10303 214 3 1 1 }'));
ENDSEC;

DATA;
#10=MECHANICAL_DESIGN_GEOMETRIC_PRESENTATION_REPRESENTATION('',(#68,#69,
#70),#11646);
#11=ITEM_DEFINED_TRANSFORMATION($,$,#6493,#7038);
#12=ITEM_DEFINED_TRANSFORMATION($,$,#6747,#7039);
#13=ITEM_DEFINED_TRANSFORMATION($,$,#6992,#7040);
#14=ITEM_DEFINED_TRANSFORMATION($,$,#6992,#7041);
#15=(
REPRESENTATION_RELATIONSHIP($,$,#11664,#11663)
REPRESENTATION_RELATIONSHIP_WITH_TRANSFORMATION(#11)
SHAPE_REPRESENTATION_RELATIONSHIP()
);
#16=(
REPRESENTATION_RELATIONSHIP($,$,#11665,#11663)
REPRESENTATION_RELATIONSHIP_WITH_TRANSFORMATION(#12)
SHAPE_REPRESENTATION_RELATIONSHIP()
);
#17=(
REPRESENTATION_RELATIONSHIP($,$,#11666,#11663)
REPRESENTATION_RELATIONSHIP_WITH_TRANSFORMATION(#13)
SHAPE_REPRESENTATION_RELATIONSHIP()
);
#18=(
REPRESENTATION_RELATIONSHIP($,$,#11666,#11663)
REPRESENTATION_RELATIONSHIP_WITH_TRANSFORMATION(#14)
SHAPE_REPRESENTATION_RELATIONSHIP()
);
#19=CONTEXT_DEPENDENT_SHAPE_REPRESENTATION(#15,#11659);
#20=CONTEXT_DEPENDENT_SHAPE_REPRESENTATION(#16,#11660);
#21=CONTEXT_DEPENDENT_SHAPE_REPRESENTATION(#17,#11661);
#22=CONTEXT_DEPENDENT_SHAPE_REPRESENTATION(#18,#11662);
#23=NEXT_ASSEMBLY_USAGE_OCCURRENCE('1551T Box:1','1551T Box:1',
'1551T Box:1',#11668,#11669,'1551T Box:1');
#24=NEXT_ASSEMBLY_USAGE_OCCURRENCE('1551T Flange Lid:1',
'1551T Flange Lid:1','1551T Flange Lid:1',#11668,#11670,
'1551T Flange Lid:1');
#25=NEXT_ASSEMBLY_USAGE_OCCURRENCE('SC510 (screw #4X 1_2'''' FH):1',
'SC510 (screw #4X 1_2'''' FH):1','SC510 (screw #4X 1_2'''' FH):1',#11668,
#11671,'SC510 (screw #4X 1_2'''' FH):1');
#26=NEXT_ASSEMBLY_USAGE_OCCURRENCE('SC510 (screw #4X 1_2'''' FH):3',
'SC510 (screw #4X 1_2'''' FH):3','SC510 (screw #4X 1_2'''' FH):3',#11668,
#11671,'SC510 (screw #4X 1_2'''' FH):3');
#27=DIMENSIONAL_EXPONENTS(1.,0.,0.,0.,0.,0.,0.);
#28=(
CONVERSION_BASED_UNIT('inch',#29)
LENGTH_UNIT()
NAMED_UNIT(#27)
);
#29=LENGTH_MEASURE_WITH_UNIT(LENGTH_MEASURE(25.4),#11647);
#30=TOROIDAL_SURFACE('',#6748,43.1125,0.5);
#31=TOROIDAL_SURFACE('',#6752,5.5,0.5);
#32=TOROIDAL_SURFACE('',#6758,5.5,0.5);
#33=TOROIDAL_SURFACE('',#6762,43.1125,0.5);
#34=TOROIDAL_SURFACE('',#6775,43.1125,0.5);
#35=TOROIDAL_SURFACE('',#6779,5.5,0.5);
#36=TOROIDAL_SURFACE('',#6785,5.5,0.5);
#37=TOROIDAL_SURFACE('',#6789,43.1125,0.5);
#38=TOROIDAL_SURFACE('',#6808,5.5,0.5);
#39=TOROIDAL_SURFACE('',#6812,43.1125,0.5);
#40=TOROIDAL_SURFACE('',#6817,3.,0.5);
#41=TOROIDAL_SURFACE('',#6820,5.5,0.5);
#42=TOROIDAL_SURFACE('',#6825,43.1125,0.5);
#43=TOROIDAL_SURFACE('',#6829,3.,0.5);
#44=TOROIDAL_SURFACE('',#6832,3.,0.5);
#45=TOROIDAL_SURFACE('',#6836,43.1125,0.5);
#46=TOROIDAL_SURFACE('',#6841,5.5,0.5);
#47=TOROIDAL_SURFACE('',#6845,3.,0.5);
#48=TOROIDAL_SURFACE('',#6851,43.1125,0.5);
#49=TOROIDAL_SURFACE('',#6855,5.5,0.5);
#50=TOROIDAL_SURFACE('',#6873,2.25,0.5);
#51=TOROIDAL_SURFACE('',#6876,2.25,0.5);
#52=TOROIDAL_SURFACE('',#6885,2.25,0.5);
#53=TOROIDAL_SURFACE('',#6888,2.25,0.5);
#54=TOROIDAL_SURFACE('',#6927,0.838656664160451,0.4);
#55=TOROIDAL_SURFACE('',#6931,0.838656664160451,0.4);
#56=TOROIDAL_SURFACE('',#6939,0.838656664160451,0.4);
#57=TOROIDAL_SURFACE('',#6943,0.838656664160451,0.4);
#58=TOROIDAL_SURFACE('',#6960,0.96134333583955,0.4);
#59=TOROIDAL_SURFACE('',#6963,0.961343335839549,0.4);
#60=TOROIDAL_SURFACE('',#6970,0.961343335839549,0.4);
#61=TOROIDAL_SURFACE('',#6973,0.96134333583955,0.4);
#62=SHAPE_REPRESENTATION_RELATIONSHIP('SRR','None',#11664,#65);
#63=SHAPE_REPRESENTATION_RELATIONSHIP('SRR','None',#11665,#66);
#64=SHAPE_REPRESENTATION_RELATIONSHIP('SRR','None',#11666,#67);
#65=ADVANCED_BREP_SHAPE_REPRESENTATION('',(#71),#11643);
#66=ADVANCED_BREP_SHAPE_REPRESENTATION('',(#72),#11644);
#67=ADVANCED_BREP_SHAPE_REPRESENTATION('',(#73),#11645);
#68=STYLED_ITEM('',(#6459),#71);
#69=STYLED_ITEM('',(#6459),#72);
#70=STYLED_ITEM('',(#6459),#73);
#71=MANIFOLD_SOLID_BREP('Solid1',#6422);
#72=MANIFOLD_SOLID_BREP('Solid1',#6423);
#73=MANIFOLD_SOLID_BREP('Solid1',#6424);
#74=CONICAL_SURFACE('',#6663,0.906362337679456,0.0174532925199433);
#75=CONICAL_SURFACE('',#6669,2.12218545449752,0.0174532925199433);
#76=CONICAL_SURFACE('',#6673,0.906362337679456,0.0174532925199433);
#77=CONICAL_SURFACE('',#6679,2.12218545449752,0.0174532925199433);
#78=CONICAL_SURFACE('',#6687,3.,0.0174532925199433);
#79=CONICAL_SURFACE('',#6693,0.75,0.0174532925199433);
#80=CONICAL_SURFACE('',#6702,0.750000000000003,0.0174532925199433);
#81=CONICAL_SURFACE('',#6705,0.749999999999999,0.0174532925199433);
#82=CONICAL_SURFACE('',#6710,0.75,0.0174532925199433);
#83=CONICAL_SURFACE('',#6715,1.375,0.715584993317675);
#84=CONICAL_SURFACE('',#6724,1.375,0.715584993317675);
#85=CONICAL_SURFACE('',#6734,3.,0.0174532925199433);
#86=CONICAL_SURFACE('',#6901,2.375,0.715584993317675);
#87=CONICAL_SURFACE('',#6906,2.375,0.715584993317675);
#88=CONICAL_SURFACE('',#6911,2.5,0.0174532925199433);
#89=CONICAL_SURFACE('',#6915,2.5,0.0174532925199433);
#90=CONICAL_SURFACE('',#6948,0.4,0.0349065850398866);
#91=CONICAL_SURFACE('',#6950,0.399999999999999,0.0349065850398866);
#92=CONICAL_SURFACE('',#6977,1.4,0.0349065850398866);
#93=CONICAL_SURFACE('',#6979,1.4,0.0349065850398866);
#94=CONICAL_SURFACE('',#6982,0.399999999999999,0.0349065850398866);
#95=CONICAL_SURFACE('',#6984,0.4,0.0349065850398866);
#96=CONICAL_SURFACE('',#6986,1.4,0.0349065850398866);
#97=CONICAL_SURFACE('',#6988,1.4,0.0349065850398866);
#98=CONICAL_SURFACE('',#6995,0.071,0.174532925199433);
#99=CONICAL_SURFACE('',#7002,0.071,0.174532925199433);
#100=CONICAL_SURFACE('',#7009,0.071,0.174532925199433);
#101=CONICAL_SURFACE('',#7020,0.071,0.174532925199433);
#102=CONICAL_SURFACE('',#7030,0.049,0.540419500270585);
#103=CONICAL_SURFACE('',#7037,0.0815,0.715584993317673);
#104=FACE_BOUND('',#860,.T.);
#105=FACE_BOUND('',#907,.T.);
#106=FACE_BOUND('',#928,.T.);
#107=FACE_BOUND('',#994,.T.);
#108=FACE_BOUND('',#995,.T.);
#109=FACE_BOUND('',#996,.T.);
#110=FACE_BOUND('',#997,.T.);
#111=FACE_BOUND('',#998,.T.);
#112=FACE_BOUND('',#999,.T.);
#113=FACE_BOUND('',#1000,.T.);
#114=FACE_BOUND('',#1001,.T.);
#115=FACE_BOUND('',#1002,.T.);
#116=FACE_BOUND('',#1003,.T.);
#117=FACE_BOUND('',#1004,.T.);
#118=FACE_BOUND('',#1005,.T.);
#119=FACE_BOUND('',#1006,.T.);
#120=FACE_BOUND('',#1007,.T.);
#121=FACE_BOUND('',#1027,.T.);
#122=FACE_BOUND('',#1032,.T.);
#123=FACE_BOUND('',#1060,.T.);
#124=FACE_BOUND('',#1063,.T.);
#125=FACE_BOUND('',#1075,.T.);
#126=FACE_BOUND('',#1092,.T.);
#127=FACE_BOUND('',#1093,.T.);
#128=FACE_BOUND('',#1094,.T.);
#129=FACE_BOUND('',#1117,.T.);
#130=FACE_BOUND('',#1118,.T.);
#131=FACE_BOUND('',#1119,.T.);
#132=FACE_BOUND('',#1120,.T.);
#133=FACE_BOUND('',#1146,.T.);
#134=FACE_BOUND('',#1149,.T.);
#135=FACE_BOUND('',#1151,.T.);
#136=FACE_BOUND('',#1152,.T.);
#137=FACE_BOUND('',#1166,.T.);
#138=FACE_BOUND('',#1206,.T.);
#139=CIRCLE('',#6505,0.5);
#140=CIRCLE('',#6507,0.5);
#141=CIRCLE('',#6510,0.499999999999999);
#142=CIRCLE('',#6621,3.);
#143=CIRCLE('',#6622,0.749999999999999);
#144=CIRCLE('',#6623,3.);
#145=CIRCLE('',#6624,0.750000000000003);
#146=CIRCLE('',#6625,3.);
#147=CIRCLE('',#6626,3.);
#148=CIRCLE('',#6627,3.);
#149=CIRCLE('',#6628,0.75);
#150=CIRCLE('',#6629,3.);
#151=CIRCLE('',#6630,0.75);
#152=CIRCLE('',#6631,3.);
#153=CIRCLE('',#6632,2.06982025971287);
#154=CIRCLE('',#6633,2.06982025971287);
#155=CIRCLE('',#6637,3.);
#156=CIRCLE('',#6638,3.);
#157=CIRCLE('',#6639,3.);
#158=CIRCLE('',#6642,3.);
#159=CIRCLE('',#6646,3.);
#160=CIRCLE('',#6648,3.);
#161=CIRCLE('',#6649,3.);
#162=CIRCLE('',#6652,3.);
#163=CIRCLE('',#6664,0.95);
#164=CIRCLE('',#6665,0.95);
#165=CIRCLE('',#6666,0.862724675358912);
#166=CIRCLE('',#6667,0.862724675358912);
#167=CIRCLE('',#6670,2.);
#168=CIRCLE('',#6671,2.);
#169=CIRCLE('',#6674,0.95);
#170=CIRCLE('',#6675,0.95);
#171=CIRCLE('',#6676,0.862724675358912);
#172=CIRCLE('',#6677,0.862724675358912);
#173=CIRCLE('',#6680,2.);
#174=CIRCLE('',#6681,2.);
#175=CIRCLE('',#6684,2.79053922086139);
#176=CIRCLE('',#6686,2.79053922086139);
#177=CIRCLE('',#6688,2.77308415593317);
#178=CIRCLE('',#6689,2.93017974028713);
#179=CIRCLE('',#6690,2.93017974028713);
#180=CIRCLE('',#6694,0.680179740287129);
#181=CIRCLE('',#6698,2.93017974028713);
#182=CIRCLE('',#6699,0.680179740287133);
#183=CIRCLE('',#6700,2.93017974028713);
#184=CIRCLE('',#6706,0.680179740287128);
#185=CIRCLE('',#6708,2.93017974028713);
#186=CIRCLE('',#6711,0.68017974028713);
#187=CIRCLE('',#6716,1.5);
#188=CIRCLE('',#6717,1.5);
#189=CIRCLE('',#6718,1.25);
#190=CIRCLE('',#6719,1.25);
#191=CIRCLE('',#6721,1.25);
#192=CIRCLE('',#6722,1.25);
#193=CIRCLE('',#6725,1.5);
#194=CIRCLE('',#6726,1.5);
#195=CIRCLE('',#6727,1.25);
#196=CIRCLE('',#6728,1.25);
#197=CIRCLE('',#6730,1.25);
#198=CIRCLE('',#6731,1.25);
#199=CIRCLE('',#6735,2.77308415593317);
#200=CIRCLE('',#6738,0.500000000000003);
#201=CIRCLE('',#6749,43.6125);
#202=CIRCLE('',#6750,0.499999999999998);
#203=CIRCLE('',#6751,43.1125);
#204=CIRCLE('',#6753,0.500000000000003);
#205=CIRCLE('',#6754,5.5);
#206=CIRCLE('',#6755,6.);
#207=CIRCLE('',#6757,0.499999999999998);
#208=CIRCLE('',#6759,0.500000000000007);
#209=CIRCLE('',#6760,5.5);
#210=CIRCLE('',#6761,6.);
#211=CIRCLE('',#6763,43.1125);
#212=CIRCLE('',#6764,43.6125);
#213=CIRCLE('',#6766,6.);
#214=CIRCLE('',#6769,6.);
#215=CIRCLE('',#6771,43.6125);
#216=CIRCLE('',#6773,3.5);
#217=CIRCLE('',#6774,3.5);
#218=CIRCLE('',#6776,43.1125);
#219=CIRCLE('',#6777,0.5);
#220=CIRCLE('',#6778,43.6125);
#221=CIRCLE('',#6780,0.5);
#222=CIRCLE('',#6781,6.);
#223=CIRCLE('',#6782,5.5);
#224=CIRCLE('',#6784,0.5);
#225=CIRCLE('',#6786,0.5);
#226=CIRCLE('',#6787,6.);
#227=CIRCLE('',#6788,5.5);
#228=CIRCLE('',#6790,43.6125);
#229=CIRCLE('',#6791,43.1125);
#230=CIRCLE('',#6793,3.5);
#231=CIRCLE('',#6794,3.5);
#232=CIRCLE('',#6795,3.5);
#233=CIRCLE('',#6796,2.25);
#234=CIRCLE('',#6797,2.25);
#235=CIRCLE('',#6798,1.4);
#236=CIRCLE('',#6799,1.4);
#237=CIRCLE('',#6800,1.4);
#238=CIRCLE('',#6801,1.4);
#239=CIRCLE('',#6802,2.25);
#240=CIRCLE('',#6803,2.25);
#241=CIRCLE('',#6805,3.5);
#242=CIRCLE('',#6807,43.6125);
#243=CIRCLE('',#6809,0.500000000000007);
#244=CIRCLE('',#6810,5.5);
#245=CIRCLE('',#6811,0.5);
#246=CIRCLE('',#6813,0.499999999999987);
#247=CIRCLE('',#6814,43.1125);
#248=CIRCLE('',#6816,0.5);
#249=CIRCLE('',#6818,0.499999999999994);
#250=CIRCLE('',#6819,3.);
#251=CIRCLE('',#6821,0.5);
#252=CIRCLE('',#6822,5.5);
#253=CIRCLE('',#6824,0.499999999999998);
#254=CIRCLE('',#6826,0.5);
#255=CIRCLE('',#6827,43.6125);
#256=CIRCLE('',#6828,43.1125);
#257=CIRCLE('',#6830,0.499999999999994);
#258=CIRCLE('',#6831,3.);
#259=CIRCLE('',#6833,0.5);
#260=CIRCLE('',#6834,3.5);
#261=CIRCLE('',#6835,3.);
#262=CIRCLE('',#6837,0.500000000000003);
#263=CIRCLE('',#6838,43.1125);
#264=CIRCLE('',#6840,0.5);
#265=CIRCLE('',#6842,0.499999999999998);
#266=CIRCLE('',#6843,5.5);
#267=CIRCLE('',#6844,6.);
#268=CIRCLE('',#6846,0.5);
#269=CIRCLE('',#6847,3.5);
#270=CIRCLE('',#6848,3.);
#271=CIRCLE('',#6850,0.499999999999998);
#272=CIRCLE('',#6852,0.5);
#273=CIRCLE('',#6853,43.6125);
#274=CIRCLE('',#6854,43.1125);
#275=CIRCLE('',#6856,6.);
#276=CIRCLE('',#6857,5.5);
#277=CIRCLE('',#6862,3.);
#278=CIRCLE('',#6863,3.);
#279=CIRCLE('',#6864,3.);
#280=CIRCLE('',#6865,3.);
#281=CIRCLE('',#6866,1.75);
#282=CIRCLE('',#6867,1.75);
#283=CIRCLE('',#6868,1.75);
#284=CIRCLE('',#6869,1.75);
#285=CIRCLE('',#6871,0.5);
#286=CIRCLE('',#6872,0.499999999999998);
#287=CIRCLE('',#6874,0.5);
#288=CIRCLE('',#6875,1.75);
#289=CIRCLE('',#6877,0.500000000000003);
#290=CIRCLE('',#6878,1.75);
#291=CIRCLE('',#6883,0.5);
#292=CIRCLE('',#6884,0.499999999999998);
#293=CIRCLE('',#6886,0.5);
#294=CIRCLE('',#6887,1.75);
#295=CIRCLE('',#6889,0.500000000000003);
#296=CIRCLE('',#6890,1.75);
#297=CIRCLE('',#6902,1.75);
#298=CIRCLE('',#6903,1.75);
#299=CIRCLE('',#6905,1.75);
#300=CIRCLE('',#6907,1.75);
#301=CIRCLE('',#6908,1.75);
#302=CIRCLE('',#6910,1.75);
#303=CIRCLE('',#6912,2.44763480521535);
#304=CIRCLE('',#6913,2.5);
#305=CIRCLE('',#6916,2.44763480521535);
#306=CIRCLE('',#6917,2.5);
#307=CIRCLE('',#6920,0.365079230508252);
#308=CIRCLE('',#6921,0.365079230508252);
#309=CIRCLE('',#6922,0.365079230508252);
#310=CIRCLE('',#6923,0.365079230508252);
#311=CIRCLE('',#6925,0.4);
#312=CIRCLE('',#6926,0.400000000000001);
#313=CIRCLE('',#6928,0.4);
#314=CIRCLE('',#6929,0.438900333352817);
#315=CIRCLE('',#6930,0.838656664160451);
#316=CIRCLE('',#6932,0.40000000000001);
#317=CIRCLE('',#6933,0.838656664160451);
#318=CIRCLE('',#6934,0.438900333352817);
#319=CIRCLE('',#6936,0.4);
#320=CIRCLE('',#6938,0.400000000000005);
#321=CIRCLE('',#6940,0.4);
#322=CIRCLE('',#6941,0.438900333352817);
#323=CIRCLE('',#6942,0.838656664160451);
#324=CIRCLE('',#6944,0.400000000000001);
#325=CIRCLE('',#6945,0.838656664160451);
#326=CIRCLE('',#6946,0.438900333352814);
#327=CIRCLE('',#6953,0.961343335839549);
#328=CIRCLE('',#6954,0.961343335839549);
#329=CIRCLE('',#6955,0.96134333583955);
#330=CIRCLE('',#6956,0.961343335839549);
#331=CIRCLE('',#6958,0.399999999999996);
#332=CIRCLE('',#6959,0.4);
#333=CIRCLE('',#6961,0.400000000000001);
#334=CIRCLE('',#6962,1.36109966664718);
#335=CIRCLE('',#6964,0.400000000000001);
#336=CIRCLE('',#6965,1.36109966664718);
#337=CIRCLE('',#6967,0.400000000000001);
#338=CIRCLE('',#6969,0.4);
#339=CIRCLE('',#6971,0.399999999999996);
#340=CIRCLE('',#6972,1.36109966664718);
#341=CIRCLE('',#6974,0.400000000000001);
#342=CIRCLE('',#6975,1.36109966664718);
#343=CIRCLE('',#6996,0.071);
#344=CIRCLE('',#6997,0.065710190578746);
#345=CIRCLE('',#7003,0.071);
#346=CIRCLE('',#7004,0.065710190578746);
#347=CIRCLE('',#7010,0.071);
#348=CIRCLE('',#7011,0.065710190578746);
#349=CIRCLE('',#7015,0.105);
#350=CIRCLE('',#7016,0.105);
#351=CIRCLE('',#7017,0.071);
#352=CIRCLE('',#7021,0.065710190578746);
#353=CIRCLE('',#7026,0.0580000000000001);
#354=CIRCLE('',#7027,0.0580000000000001);
#355=CIRCLE('',#7028,0.0580000000000001);
#356=CIRCLE('',#7029,0.0580000000000001);
#357=CIRCLE('',#7031,0.04);
#358=CIRCLE('',#7032,0.04);
#359=CIRCLE('',#7035,0.105);
#360=CIRCLE('',#7036,0.105);
#361=CYLINDRICAL_SURFACE('',#6504,0.5);
#362=CYLINDRICAL_SURFACE('',#6506,0.5);
#363=CYLINDRICAL_SURFACE('',#6509,0.5);
#364=CYLINDRICAL_SURFACE('',#6636,3.);
#365=CYLINDRICAL_SURFACE('',#6645,3.);
#366=CYLINDRICAL_SURFACE('',#6647,3.);
#367=CYLINDRICAL_SURFACE('',#6655,3.);
#368=CYLINDRICAL_SURFACE('',#6656,3.5);
#369=CYLINDRICAL_SURFACE('',#6659,3.5);
#370=CYLINDRICAL_SURFACE('',#6720,1.25);
#371=CYLINDRICAL_SURFACE('',#6729,1.25);
#372=CYLINDRICAL_SURFACE('',#6737,0.5);
#373=CYLINDRICAL_SURFACE('',#6740,3.5);
#374=CYLINDRICAL_SURFACE('',#6742,3.5);
#375=CYLINDRICAL_SURFACE('',#6756,0.5);
#376=CYLINDRICAL_SURFACE('',#6765,6.);
#377=CYLINDRICAL_SURFACE('',#6768,6.);
#378=CYLINDRICAL_SURFACE('',#6770,43.6125);
#379=CYLINDRICAL_SURFACE('',#6772,3.5);
#380=CYLINDRICAL_SURFACE('',#6783,0.5);
#381=CYLINDRICAL_SURFACE('',#6804,3.5);
#382=CYLINDRICAL_SURFACE('',#6806,43.6125);
#383=CYLINDRICAL_SURFACE('',#6815,0.5);
#384=CYLINDRICAL_SURFACE('',#6823,0.5);
#385=CYLINDRICAL_SURFACE('',#6839,0.5);
#386=CYLINDRICAL_SURFACE('',#6849,0.5);
#387=CYLINDRICAL_SURFACE('',#6859,6.);
#388=CYLINDRICAL_SURFACE('',#6870,0.5);
#389=CYLINDRICAL_SURFACE('',#6879,0.5);
#390=CYLINDRICAL_SURFACE('',#6880,1.75);
#391=CYLINDRICAL_SURFACE('',#6882,0.5);
#392=CYLINDRICAL_SURFACE('',#6891,0.5);
#393=CYLINDRICAL_SURFACE('',#6892,1.75);
#394=CYLINDRICAL_SURFACE('',#6894,6.);
#395=CYLINDRICAL_SURFACE('',#6895,43.6125);
#396=CYLINDRICAL_SURFACE('',#6896,43.6125);
#397=CYLINDRICAL_SURFACE('',#6898,1.75);
#398=CYLINDRICAL_SURFACE('',#6900,1.75);
#399=CYLINDRICAL_SURFACE('',#6904,1.75);
#400=CYLINDRICAL_SURFACE('',#6909,1.75);
#401=CYLINDRICAL_SURFACE('',#6924,0.4);
#402=CYLINDRICAL_SURFACE('',#6935,0.4);
#403=CYLINDRICAL_SURFACE('',#6937,0.4);
#404=CYLINDRICAL_SURFACE('',#6947,0.4);
#405=CYLINDRICAL_SURFACE('',#6957,0.4);
#406=CYLINDRICAL_SURFACE('',#6966,0.4);
#407=CYLINDRICAL_SURFACE('',#6968,0.4);
#408=CYLINDRICAL_SURFACE('',#6976,0.4);
#409=CYLINDRICAL_SURFACE('',#6989,3.5);
#410=CYLINDRICAL_SURFACE('',#6991,3.5);
#411=CYLINDRICAL_SURFACE('',#7025,0.0580000000000001);
#412=CYLINDRICAL_SURFACE('',#7034,0.105);
#413=B_SPLINE_SURFACE_WITH_KNOTS('',3,3,((#8785,#8786,#8787,#8788),(#8789,
#8790,#8791,#8792),(#8793,#8794,#8795,#8796),(#8797,#8798,#8799,#8800),
(#8801,#8802,#8803,#8804)),.UNSPECIFIED.,.F.,.F.,.F.,(4,1,4),(4,4),(5.49873846983318,
6.17112147327296,7.06763214452599),(-1.5,-0.236406096585515),
 .UNSPECIFIED.);
#414=B_SPLINE_SURFACE_WITH_KNOTS('',3,3,((#8853,#8854,#8855,#8856),(#8857,
#8858,#8859,#8860),(#8861,#8862,#8863,#8864),(#8865,#8866,#8867,#8868),
(#8869,#8870,#8871,#8872)),.UNSPECIFIED.,.F.,.F.,.F.,(4,1,4),(4,4),(5.49873846983318,
6.17112147327296,7.06763214452599),(-1.5,-0.236406096584303),
 .UNSPECIFIED.);
#415=B_SPLINE_SURFACE_WITH_KNOTS('',2,1,((#9077,#9078),(#9079,#9080),(#9081,
#9082)),.UNSPECIFIED.,.F.,.F.,.F.,(3,3),(2,2),(-1.,0.),(0.,17.3138606050622),
 .UNSPECIFIED.);
#416=B_SPLINE_SURFACE_WITH_KNOTS('',2,1,((#9088,#9089),(#9090,#9091),(#9092,
#9093)),.UNSPECIFIED.,.F.,.F.,.F.,(3,3),(2,2),(-1.,0.),(0.,17.3138606050622),
 .UNSPECIFIED.);
#417=B_SPLINE_SURFACE_WITH_KNOTS('',2,1,((#9190,#9191),(#9192,#9193),(#9194,
#9195)),.UNSPECIFIED.,.F.,.F.,.F.,(3,3),(2,2),(0.,1.),(0.,17.3138606050622),
 .UNSPECIFIED.);
#418=B_SPLINE_SURFACE_WITH_KNOTS('',2,1,((#9201,#9202),(#9203,#9204),(#9205,
#9206)),.UNSPECIFIED.,.F.,.F.,.F.,(3,3),(2,2),(0.,1.),(0.,17.3138606050622),
 .UNSPECIFIED.);
#419=B_SPLINE_SURFACE_WITH_KNOTS('',2,1,((#9301,#9302),(#9303,#9304),(#9305,
#9306)),.UNSPECIFIED.,.F.,.F.,.F.,(3,3),(2,2),(0.,1.),(0.,17.3138606050622),
 .UNSPECIFIED.);
#420=B_SPLINE_SURFACE_WITH_KNOTS('',2,1,((#9312,#9313),(#9314,#9315),(#9316,
#9317)),.UNSPECIFIED.,.F.,.F.,.F.,(3,3),(2,2),(0.,1.),(0.,17.3138606050622),
 .UNSPECIFIED.);
#421=B_SPLINE_SURFACE_WITH_KNOTS('',2,1,((#9410,#9411),(#9412,#9413),(#9414,
#9415),(#9416,#9417)),.UNSPECIFIED.,.F.,.F.,.F.,(3,1,3),(2,2),(-2.,-1.,
0.),(0.,17.3138606050622),.UNSPECIFIED.);
#422=B_SPLINE_SURFACE_WITH_KNOTS('',2,1,((#9426,#9427),(#9428,#9429),(#9430,
#9431),(#9432,#9433)),.UNSPECIFIED.,.F.,.F.,.F.,(3,1,3),(2,2),(-2.,-1.,
0.),(0.,17.3138606050622),.UNSPECIFIED.);
#423=B_SPLINE_SURFACE_WITH_KNOTS('',2,1,((#9440,#9441),(#9442,#9443),(#9444,
#9445),(#9446,#9447),(#9448,#9449)),.UNSPECIFIED.,.F.,.F.,.F.,(3,1,1,3),
(2,2),(0.,1.,2.,3.),(0.,17.3138606050622),.UNSPECIFIED.);
#424=B_SPLINE_SURFACE_WITH_KNOTS('',2,1,((#9459,#9460),(#9461,#9462),(#9463,
#9464),(#9465,#9466),(#9467,#9468)),.UNSPECIFIED.,.F.,.F.,.F.,(3,1,1,3),
(2,2),(0.,1.,2.,3.),(0.,17.3138606050622),.UNSPECIFIED.);
#425=B_SPLINE_SURFACE_WITH_KNOTS('',2,1,((#9476,#9477),(#9478,#9479),(#9480,
#9481),(#9482,#9483),(#9484,#9485)),.UNSPECIFIED.,.F.,.F.,.F.,(3,1,1,3),
(2,2),(-3.,-2.,-1.,0.),(0.,17.3138606050622),.UNSPECIFIED.);
#426=B_SPLINE_SURFACE_WITH_KNOTS('',2,1,((#9493,#9494),(#9495,#9496),(#9497,
#9498),(#9499,#9500)),.UNSPECIFIED.,.F.,.F.,.F.,(3,1,3),(2,2),(-2.,-1.,
0.),(0.,17.3138606050622),.UNSPECIFIED.);
#427=B_SPLINE_SURFACE_WITH_KNOTS('',2,1,((#9505,#9506),(#9507,#9508),(#9509,
#9510),(#9511,#9512),(#9513,#9514)),.UNSPECIFIED.,.F.,.F.,.F.,(3,1,1,3),
(2,2),(0.,1.,2.,3.),(0.,17.3138606050622),.UNSPECIFIED.);
#428=B_SPLINE_SURFACE_WITH_KNOTS('',2,1,((#9522,#9523),(#9524,#9525),(#9526,
#9527),(#9528,#9529)),.UNSPECIFIED.,.F.,.F.,.F.,(3,1,3),(2,2),(0.,1.,2.),
(0.,17.3138606050622),.UNSPECIFIED.);
#429=B_SPLINE_SURFACE_WITH_KNOTS('',2,1,((#9687,#9688),(#9689,#9690),(#9691,
#9692),(#9693,#9694)),.UNSPECIFIED.,.F.,.F.,.F.,(3,1,3),(2,2),(-2.,-1.,
0.),(0.,17.3138606050622),.UNSPECIFIED.);
#430=B_SPLINE_SURFACE_WITH_KNOTS('',2,1,((#9701,#9702),(#9703,#9704),(#9705,
#9706)),.UNSPECIFIED.,.F.,.F.,.F.,(3,3),(2,2),(0.,1.),(0.,17.3138606050622),
 .UNSPECIFIED.);
#431=B_SPLINE_SURFACE_WITH_KNOTS('',2,1,((#9714,#9715),(#9716,#9717),(#9718,
#9719),(#9720,#9721)),.UNSPECIFIED.,.F.,.F.,.F.,(3,1,3),(2,2),(0.,1.,2.),
(0.,17.3138606050622),.UNSPECIFIED.);
#432=B_SPLINE_SURFACE_WITH_KNOTS('',2,1,((#9728,#9729),(#9730,#9731),(#9732,
#9733),(#9734,#9735),(#9736,#9737),(#9738,#9739),(#9740,#9741)),
 .UNSPECIFIED.,.F.,.F.,.F.,(3,1,1,1,1,3),(2,2),(0.,1.,2.,3.,4.,5.),(0.,
17.3138606050622),.UNSPECIFIED.);
#433=B_SPLINE_SURFACE_WITH_KNOTS('',2,1,((#9755,#9756),(#9757,#9758),(#9759,
#9760),(#9761,#9762)),.UNSPECIFIED.,.F.,.F.,.F.,(3,1,3),(2,2),(-2.,-1.,
0.),(0.,17.3138606050622),.UNSPECIFIED.);
#434=B_SPLINE_SURFACE_WITH_KNOTS('',2,1,((#9769,#9770),(#9771,#9772),(#9773,
#9774),(#9775,#9776)),.UNSPECIFIED.,.F.,.F.,.F.,(3,1,3),(2,2),(-2.,-1.,
0.),(0.,17.3138606050622),.UNSPECIFIED.);
#435=B_SPLINE_SURFACE_WITH_KNOTS('',2,1,((#9783,#9784),(#9785,#9786),(#9787,
#9788)),.UNSPECIFIED.,.F.,.F.,.F.,(3,3),(2,2),(-1.,0.),(0.,17.3138606050622),
 .UNSPECIFIED.);
#436=B_SPLINE_SURFACE_WITH_KNOTS('',2,1,((#9792,#9793),(#9794,#9795),(#9796,
#9797)),.UNSPECIFIED.,.F.,.F.,.F.,(3,3),(2,2),(0.,1.),(0.,17.3138606050622),
 .UNSPECIFIED.);
#437=B_SPLINE_SURFACE_WITH_KNOTS('',2,1,((#9842,#9843),(#9844,#9845),(#9846,
#9847),(#9848,#9849)),.UNSPECIFIED.,.F.,.F.,.F.,(3,1,3),(2,2),(0.,1.,2.),
(0.,17.3138606050622),.UNSPECIFIED.);
#438=B_SPLINE_SURFACE_WITH_KNOTS('',2,1,((#9864,#9865),(#9866,#9867),(#9868,
#9869),(#9870,#9871)),.UNSPECIFIED.,.F.,.F.,.F.,(3,1,3),(2,2),(0.,1.,2.),
(0.,17.3138606050622),.UNSPECIFIED.);
#439=B_SPLINE_SURFACE_WITH_KNOTS('',2,1,((#9978,#9979),(#9980,#9981),(#9982,
#9983)),.UNSPECIFIED.,.F.,.F.,.F.,(3,3),(2,2),(0.,1.),(0.,17.3138606050622),
 .UNSPECIFIED.);
#440=B_SPLINE_SURFACE_WITH_KNOTS('',2,1,((#9989,#9990),(#9991,#9992),(#9993,
#9994),(#9995,#9996)),.UNSPECIFIED.,.F.,.F.,.F.,(3,1,3),(2,2),(0.,1.,2.),
(0.,17.3138606050622),.UNSPECIFIED.);
#441=B_SPLINE_SURFACE_WITH_KNOTS('',2,1,((#10003,#10004),(#10005,#10006),
(#10007,#10008)),.UNSPECIFIED.,.F.,.F.,.F.,(3,3),(2,2),(0.,1.),(0.,17.3138606050622),
 .UNSPECIFIED.);
#442=B_SPLINE_SURFACE_WITH_KNOTS('',2,1,((#10014,#10015),(#10016,#10017),
(#10018,#10019)),.UNSPECIFIED.,.F.,.F.,.F.,(3,3),(2,2),(0.,1.),(0.,17.3138606050622),
 .UNSPECIFIED.);
#443=B_SPLINE_SURFACE_WITH_KNOTS('',2,1,((#10025,#10026),(#10027,#10028),
(#10029,#10030),(#10031,#10032)),.UNSPECIFIED.,.F.,.F.,.F.,(3,1,3),(2,2),
(0.,1.,2.),(0.,17.3138606050622),.UNSPECIFIED.);
#444=B_SPLINE_SURFACE_WITH_KNOTS('',2,1,((#10051,#10052),(#10053,#10054),
(#10055,#10056),(#10057,#10058)),.UNSPECIFIED.,.F.,.F.,.F.,(3,1,3),(2,2),
(0.,1.,2.),(0.,17.3138606050622),.UNSPECIFIED.);
#445=B_SPLINE_SURFACE_WITH_KNOTS('',2,1,((#10065,#10066),(#10067,#10068),
(#10069,#10070),(#10071,#10072)),.UNSPECIFIED.,.F.,.F.,.F.,(3,1,3),(2,2),
(0.,1.,2.),(0.,17.3138606050622),.UNSPECIFIED.);
#446=B_SPLINE_SURFACE_WITH_KNOTS('',2,1,((#10079,#10080),(#10081,#10082),
(#10083,#10084),(#10085,#10086)),.UNSPECIFIED.,.F.,.F.,.F.,(3,1,3),(2,2),
(0.,1.,2.),(0.,17.3138606050622),.UNSPECIFIED.);
#447=B_SPLINE_SURFACE_WITH_KNOTS('',2,1,((#10093,#10094),(#10095,#10096),
(#10097,#10098),(#10099,#10100)),.UNSPECIFIED.,.F.,.F.,.F.,(3,1,3),(2,2),
(0.,1.,2.),(0.,17.3138606050622),.UNSPECIFIED.);
#448=B_SPLINE_SURFACE_WITH_KNOTS('',2,1,((#10204,#10205),(#10206,#10207),
(#10208,#10209)),.UNSPECIFIED.,.F.,.F.,.F.,(3,3),(2,2),(0.,1.),(0.,17.3138606050622),
 .UNSPECIFIED.);
#449=B_SPLINE_SURFACE_WITH_KNOTS('',2,1,((#10215,#10216),(#10217,#10218),
(#10219,#10220),(#10221,#10222)),.UNSPECIFIED.,.F.,.F.,.F.,(3,1,3),(2,2),
(0.,1.,2.),(0.,17.3138606050622),.UNSPECIFIED.);
#450=B_SPLINE_SURFACE_WITH_KNOTS('',2,1,((#10229,#10230),(#10231,#10232),
(#10233,#10234)),.UNSPECIFIED.,.F.,.F.,.F.,(3,3),(2,2),(0.,1.),(0.,17.3138606050622),
 .UNSPECIFIED.);
#451=B_SPLINE_SURFACE_WITH_KNOTS('',2,1,((#10240,#10241),(#10242,#10243),
(#10244,#10245)),.UNSPECIFIED.,.F.,.F.,.F.,(3,3),(2,2),(0.,1.),(0.,17.3138606050622),
 .UNSPECIFIED.);
#452=B_SPLINE_SURFACE_WITH_KNOTS('',2,1,((#10251,#10252),(#10253,#10254),
(#10255,#10256),(#10257,#10258)),.UNSPECIFIED.,.F.,.F.,.F.,(3,1,3),(2,2),
(0.,1.,2.),(0.,17.3138606050622),.UNSPECIFIED.);
#453=B_SPLINE_SURFACE_WITH_KNOTS('',2,1,((#10277,#10278),(#10279,#10280),
(#10281,#10282),(#10283,#10284)),.UNSPECIFIED.,.F.,.F.,.F.,(3,1,3),(2,2),
(0.,1.,2.),(0.,17.3138606050622),.UNSPECIFIED.);
#454=B_SPLINE_SURFACE_WITH_KNOTS('',2,1,((#10291,#10292),(#10293,#10294),
(#10295,#10296),(#10297,#10298)),.UNSPECIFIED.,.F.,.F.,.F.,(3,1,3),(2,2),
(0.,1.,2.),(0.,17.3138606050622),.UNSPECIFIED.);
#455=B_SPLINE_SURFACE_WITH_KNOTS('',2,1,((#10305,#10306),(#10307,#10308),
(#10309,#10310),(#10311,#10312)),.UNSPECIFIED.,.F.,.F.,.F.,(3,1,3),(2,2),
(0.,1.,2.),(0.,17.3138606050622),.UNSPECIFIED.);
#456=B_SPLINE_SURFACE_WITH_KNOTS('',2,1,((#10319,#10320),(#10321,#10322),
(#10323,#10324),(#10325,#10326)),.UNSPECIFIED.,.F.,.F.,.F.,(3,1,3),(2,2),
(0.,1.,2.),(0.,17.3138606050622),.UNSPECIFIED.);
#457=B_SPLINE_SURFACE_WITH_KNOTS('',2,1,((#10368,#10369),(#10370,#10371),
(#10372,#10373),(#10374,#10375)),.UNSPECIFIED.,.F.,.F.,.F.,(3,1,3),(2,2),
(0.,1.,2.),(0.,17.3138606050622),.UNSPECIFIED.);
#458=B_SPLINE_SURFACE_WITH_KNOTS('',2,1,((#10390,#10391),(#10392,#10393),
(#10394,#10395),(#10396,#10397)),.UNSPECIFIED.,.F.,.F.,.F.,(3,1,3),(2,2),
(0.,1.,2.),(0.,17.3138606050622),.UNSPECIFIED.);
#459=B_SPLINE_SURFACE_WITH_KNOTS('',3,3,((#10476,#10477,#10478,#10479,#10480),
(#10481,#10482,#10483,#10484,#10485),(#10486,#10487,#10488,#10489,#10490),
(#10491,#10492,#10493,#10494,#10495),(#10496,#10497,#10498,#10499,#10500)),
 .UNSPECIFIED.,.F.,.F.,.F.,(4,1,4),(4,1,4),(0.,0.571428571428571,1.),(-0.784446837346407,
-0.112063833906633,0.7844468373464),.UNSPECIFIED.);
#460=B_SPLINE_SURFACE_WITH_KNOTS('',3,3,((#10506,#10507,#10508,#10509,#10510),
(#10511,#10512,#10513,#10514,#10515),(#10516,#10517,#10518,#10519,#10520),
(#10521,#10522,#10523,#10524,#10525),(#10526,#10527,#10528,#10529,#10530)),
 .UNSPECIFIED.,.F.,.F.,.F.,(4,1,4),(4,1,4),(0.,0.571428571428571,1.),(-0.784446837346405,
-0.112063833906628,0.784446837346408),.UNSPECIFIED.);
#461=B_SPLINE_SURFACE_WITH_KNOTS('',3,3,((#10548,#10549,#10550,#10551,#10552),
(#10553,#10554,#10555,#10556,#10557),(#10558,#10559,#10560,#10561,#10562),
(#10563,#10564,#10565,#10566,#10567),(#10568,#10569,#10570,#10571,#10572)),
 .UNSPECIFIED.,.F.,.F.,.F.,(4,1,4),(4,1,4),(0.,0.571428571428571,1.),(-0.784446837346407,
-0.112063833906633,0.7844468373464),.UNSPECIFIED.);
#462=B_SPLINE_SURFACE_WITH_KNOTS('',3,3,((#10578,#10579,#10580,#10581,#10582),
(#10583,#10584,#10585,#10586,#10587),(#10588,#10589,#10590,#10591,#10592),
(#10593,#10594,#10595,#10596,#10597),(#10598,#10599,#10600,#10601,#10602)),
 .UNSPECIFIED.,.F.,.F.,.F.,(4,1,4),(4,1,4),(0.,0.571428571428571,1.),(-0.784446837346397,
-0.112063833906624,0.784446837346408),.UNSPECIFIED.);
#463=B_SPLINE_SURFACE_WITH_KNOTS('',3,3,((#10805,#10806,#10807,#10808,#10809,
#10810),(#10811,#10812,#10813,#10814,#10815,#10816),(#10817,#10818,#10819,
#10820,#10821,#10822),(#10823,#10824,#10825,#10826,#10827,#10828),(#10829,
#10830,#10831,#10832,#10833,#10834)),.UNSPECIFIED.,.F.,.F.,.F.,(4,1,4),
(4,1,1,4),(0.,0.5,1.),(0.,0.016226194021408,0.032452388042816,0.0567916790749281),
 .UNSPECIFIED.);
#464=B_SPLINE_SURFACE_WITH_KNOTS('',3,3,((#10841,#10842,#10843,#10844,#10845,
#10846),(#10847,#10848,#10849,#10850,#10851,#10852),(#10853,#10854,#10855,
#10856,#10857,#10858),(#10859,#10860,#10861,#10862,#10863,#10864),(#10865,
#10866,#10867,#10868,#10869,#10870)),.UNSPECIFIED.,.F.,.F.,.F.,(4,1,4),
(4,1,1,4),(0.,0.5,1.),(0.,0.0243392910320985,0.0405654850534975,0.0567916790748965),
 .UNSPECIFIED.);
#465=B_SPLINE_SURFACE_WITH_KNOTS('',3,3,((#10881,#10882,#10883,#10884),
(#10885,#10886,#10887,#10888),(#10889,#10890,#10891,#10892),(#10893,#10894,
#10895,#10896),(#10897,#10898,#10899,#10900)),.UNSPECIFIED.,.F.,.F.,.F.,
(4,1,4),(4,4),(5.49873846983318,6.17112147327296,7.06763214452599),(-1.5,
-0.047819030631733),.UNSPECIFIED.);
#466=B_SPLINE_SURFACE_WITH_KNOTS('',3,3,((#10906,#10907,#10908,#10909),
(#10910,#10911,#10912,#10913),(#10914,#10915,#10916,#10917),(#10918,#10919,
#10920,#10921),(#10922,#10923,#10924,#10925)),.UNSPECIFIED.,.F.,.F.,.F.,
(4,1,4),(4,4),(5.49873846983318,6.17112147327296,7.06763214452599),(-1.5,
-0.0478190306317329),.UNSPECIFIED.);
#467=FACE_OUTER_BOUND('',#825,.T.);
#468=FACE_OUTER_BOUND('',#826,.T.);
#469=FACE_OUTER_BOUND('',#827,.T.);
#470=FACE_OUTER_BOUND('',#828,.T.);
#471=FACE_OUTER_BOUND('',#829,.T.);
#472=FACE_OUTER_BOUND('',#830,.T.);
#473=FACE_OUTER_BOUND('',#831,.T.);
#474=FACE_OUTER_BOUND('',#832,.T.);
#475=FACE_OUTER_BOUND('',#833,.T.);
#476=FACE_OUTER_BOUND('',#834,.T.);
#477=FACE_OUTER_BOUND('',#835,.T.);
#478=FACE_OUTER_BOUND('',#836,.T.);
#479=FACE_OUTER_BOUND('',#837,.T.);
#480=FACE_OUTER_BOUND('',#838,.T.);
#481=FACE_OUTER_BOUND('',#839,.T.);
#482=FACE_OUTER_BOUND('',#840,.T.);
#483=FACE_OUTER_BOUND('',#841,.T.);
#484=FACE_OUTER_BOUND('',#842,.T.);
#485=FACE_OUTER_BOUND('',#843,.T.);
#486=FACE_OUTER_BOUND('',#844,.T.);
#487=FACE_OUTER_BOUND('',#845,.T.);
#488=FACE_OUTER_BOUND('',#846,.T.);
#489=FACE_OUTER_BOUND('',#847,.T.);
#490=FACE_OUTER_BOUND('',#848,.T.);
#491=FACE_OUTER_BOUND('',#849,.T.);
#492=FACE_OUTER_BOUND('',#850,.T.);
#493=FACE_OUTER_BOUND('',#851,.T.);
#494=FACE_OUTER_BOUND('',#852,.T.);
#495=FACE_OUTER_BOUND('',#853,.T.);
#496=FACE_OUTER_BOUND('',#854,.T.);
#497=FACE_OUTER_BOUND('',#855,.T.);
#498=FACE_OUTER_BOUND('',#856,.T.);
#499=FACE_OUTER_BOUND('',#857,.T.);
#500=FACE_OUTER_BOUND('',#858,.T.);
#501=FACE_OUTER_BOUND('',#859,.T.);
#502=FACE_OUTER_BOUND('',#861,.T.);
#503=FACE_OUTER_BOUND('',#862,.T.);
#504=FACE_OUTER_BOUND('',#863,.T.);
#505=FACE_OUTER_BOUND('',#864,.T.);
#506=FACE_OUTER_BOUND('',#865,.T.);
#507=FACE_OUTER_BOUND('',#866,.T.);
#508=FACE_OUTER_BOUND('',#867,.T.);
#509=FACE_OUTER_BOUND('',#868,.T.);
#510=FACE_OUTER_BOUND('',#869,.T.);
#511=FACE_OUTER_BOUND('',#870,.T.);
#512=FACE_OUTER_BOUND('',#871,.T.);
#513=FACE_OUTER_BOUND('',#872,.T.);
#514=FACE_OUTER_BOUND('',#873,.T.);
#515=FACE_OUTER_BOUND('',#874,.T.);
#516=FACE_OUTER_BOUND('',#875,.T.);
#517=FACE_OUTER_BOUND('',#876,.T.);
#518=FACE_OUTER_BOUND('',#877,.T.);
#519=FACE_OUTER_BOUND('',#878,.T.);
#520=FACE_OUTER_BOUND('',#879,.T.);
#521=FACE_OUTER_BOUND('',#880,.T.);
#522=FACE_OUTER_BOUND('',#881,.T.);
#523=FACE_OUTER_BOUND('',#882,.T.);
#524=FACE_OUTER_BOUND('',#883,.T.);
#525=FACE_OUTER_BOUND('',#884,.T.);
#526=FACE_OUTER_BOUND('',#885,.T.);
#527=FACE_OUTER_BOUND('',#886,.T.);
#528=FACE_OUTER_BOUND('',#887,.T.);
#529=FACE_OUTER_BOUND('',#888,.T.);
#530=FACE_OUTER_BOUND('',#889,.T.);
#531=FACE_OUTER_BOUND('',#890,.T.);
#532=FACE_OUTER_BOUND('',#891,.T.);
#533=FACE_OUTER_BOUND('',#892,.T.);
#534=FACE_OUTER_BOUND('',#893,.T.);
#535=FACE_OUTER_BOUND('',#894,.T.);
#536=FACE_OUTER_BOUND('',#895,.T.);
#537=FACE_OUTER_BOUND('',#896,.T.);
#538=FACE_OUTER_BOUND('',#897,.T.);
#539=FACE_OUTER_BOUND('',#898,.T.);
#540=FACE_OUTER_BOUND('',#899,.T.);
#541=FACE_OUTER_BOUND('',#900,.T.);
#542=FACE_OUTER_BOUND('',#901,.T.);
#543=FACE_OUTER_BOUND('',#902,.T.);
#544=FACE_OUTER_BOUND('',#903,.T.);
#545=FACE_OUTER_BOUND('',#904,.T.);
#546=FACE_OUTER_BOUND('',#905,.T.);
#547=FACE_OUTER_BOUND('',#906,.T.);
#548=FACE_OUTER_BOUND('',#908,.T.);
#549=FACE_OUTER_BOUND('',#909,.T.);
#550=FACE_OUTER_BOUND('',#910,.T.);
#551=FACE_OUTER_BOUND('',#911,.T.);
#552=FACE_OUTER_BOUND('',#912,.T.);
#553=FACE_OUTER_BOUND('',#913,.T.);
#554=FACE_OUTER_BOUND('',#914,.T.);
#555=FACE_OUTER_BOUND('',#915,.T.);
#556=FACE_OUTER_BOUND('',#916,.T.);
#557=FACE_OUTER_BOUND('',#917,.T.);
#558=FACE_OUTER_BOUND('',#918,.T.);
#559=FACE_OUTER_BOUND('',#919,.T.);
#560=FACE_OUTER_BOUND('',#920,.T.);
#561=FACE_OUTER_BOUND('',#921,.T.);
#562=FACE_OUTER_BOUND('',#922,.T.);
#563=FACE_OUTER_BOUND('',#923,.T.);
#564=FACE_OUTER_BOUND('',#924,.T.);
#565=FACE_OUTER_BOUND('',#925,.T.);
#566=FACE_OUTER_BOUND('',#926,.T.);
#567=FACE_OUTER_BOUND('',#927,.T.);
#568=FACE_OUTER_BOUND('',#929,.T.);
#569=FACE_OUTER_BOUND('',#930,.T.);
#570=FACE_OUTER_BOUND('',#931,.T.);
#571=FACE_OUTER_BOUND('',#932,.T.);
#572=FACE_OUTER_BOUND('',#933,.T.);
#573=FACE_OUTER_BOUND('',#934,.T.);
#574=FACE_OUTER_BOUND('',#935,.T.);
#575=FACE_OUTER_BOUND('',#936,.T.);
#576=FACE_OUTER_BOUND('',#937,.T.);
#577=FACE_OUTER_BOUND('',#938,.T.);
#578=FACE_OUTER_BOUND('',#939,.T.);
#579=FACE_OUTER_BOUND('',#940,.T.);
#580=FACE_OUTER_BOUND('',#941,.T.);
#581=FACE_OUTER_BOUND('',#942,.T.);
#582=FACE_OUTER_BOUND('',#943,.T.);
#583=FACE_OUTER_BOUND('',#944,.T.);
#584=FACE_OUTER_BOUND('',#945,.T.);
#585=FACE_OUTER_BOUND('',#946,.T.);
#586=FACE_OUTER_BOUND('',#947,.T.);
#587=FACE_OUTER_BOUND('',#948,.T.);
#588=FACE_OUTER_BOUND('',#949,.T.);
#589=FACE_OUTER_BOUND('',#950,.T.);
#590=FACE_OUTER_BOUND('',#951,.T.);
#591=FACE_OUTER_BOUND('',#952,.T.);
#592=FACE_OUTER_BOUND('',#953,.T.);
#593=FACE_OUTER_BOUND('',#954,.T.);
#594=FACE_OUTER_BOUND('',#955,.T.);
#595=FACE_OUTER_BOUND('',#956,.T.);
#596=FACE_OUTER_BOUND('',#957,.T.);
#597=FACE_OUTER_BOUND('',#958,.T.);
#598=FACE_OUTER_BOUND('',#959,.T.);
#599=FACE_OUTER_BOUND('',#960,.T.);
#600=FACE_OUTER_BOUND('',#961,.T.);
#601=FACE_OUTER_BOUND('',#962,.T.);
#602=FACE_OUTER_BOUND('',#963,.T.);
#603=FACE_OUTER_BOUND('',#964,.T.);
#604=FACE_OUTER_BOUND('',#965,.T.);
#605=FACE_OUTER_BOUND('',#966,.T.);
#606=FACE_OUTER_BOUND('',#967,.T.);
#607=FACE_OUTER_BOUND('',#968,.T.);
#608=FACE_OUTER_BOUND('',#969,.T.);
#609=FACE_OUTER_BOUND('',#970,.T.);
#610=FACE_OUTER_BOUND('',#971,.T.);
#611=FACE_OUTER_BOUND('',#972,.T.);
#612=FACE_OUTER_BOUND('',#973,.T.);
#613=FACE_OUTER_BOUND('',#974,.T.);
#614=FACE_OUTER_BOUND('',#975,.T.);
#615=FACE_OUTER_BOUND('',#976,.T.);
#616=FACE_OUTER_BOUND('',#977,.T.);
#617=FACE_OUTER_BOUND('',#978,.T.);
#618=FACE_OUTER_BOUND('',#979,.T.);
#619=FACE_OUTER_BOUND('',#980,.T.);
#620=FACE_OUTER_BOUND('',#981,.T.);
#621=FACE_OUTER_BOUND('',#982,.T.);
#622=FACE_OUTER_BOUND('',#983,.T.);
#623=FACE_OUTER_BOUND('',#984,.T.);
#624=FACE_OUTER_BOUND('',#985,.T.);
#625=FACE_OUTER_BOUND('',#986,.T.);
#626=FACE_OUTER_BOUND('',#987,.T.);
#627=FACE_OUTER_BOUND('',#988,.T.);
#628=FACE_OUTER_BOUND('',#989,.T.);
#629=FACE_OUTER_BOUND('',#990,.T.);
#630=FACE_OUTER_BOUND('',#991,.T.);
#631=FACE_OUTER_BOUND('',#992,.T.);
#632=FACE_OUTER_BOUND('',#993,.T.);
#633=FACE_OUTER_BOUND('',#1008,.T.);
#634=FACE_OUTER_BOUND('',#1009,.T.);
#635=FACE_OUTER_BOUND('',#1010,.T.);
#636=FACE_OUTER_BOUND('',#1011,.T.);
#637=FACE_OUTER_BOUND('',#1012,.T.);
#638=FACE_OUTER_BOUND('',#1013,.T.);
#639=FACE_OUTER_BOUND('',#1014,.T.);
#640=FACE_OUTER_BOUND('',#1015,.T.);
#641=FACE_OUTER_BOUND('',#1016,.T.);
#642=FACE_OUTER_BOUND('',#1017,.T.);
#643=FACE_OUTER_BOUND('',#1018,.T.);
#644=FACE_OUTER_BOUND('',#1019,.T.);
#645=FACE_OUTER_BOUND('',#1020,.T.);
#646=FACE_OUTER_BOUND('',#1021,.T.);
#647=FACE_OUTER_BOUND('',#1022,.T.);
#648=FACE_OUTER_BOUND('',#1023,.T.);
#649=FACE_OUTER_BOUND('',#1024,.T.);
#650=FACE_OUTER_BOUND('',#1025,.T.);
#651=FACE_OUTER_BOUND('',#1026,.T.);
#652=FACE_OUTER_BOUND('',#1028,.T.);
#653=FACE_OUTER_BOUND('',#1029,.T.);
#654=FACE_OUTER_BOUND('',#1030,.T.);
#655=FACE_OUTER_BOUND('',#1031,.T.);
#656=FACE_OUTER_BOUND('',#1033,.T.);
#657=FACE_OUTER_BOUND('',#1034,.T.);
#658=FACE_OUTER_BOUND('',#1035,.T.);
#659=FACE_OUTER_BOUND('',#1036,.T.);
#660=FACE_OUTER_BOUND('',#1037,.T.);
#661=FACE_OUTER_BOUND('',#1038,.T.);
#662=FACE_OUTER_BOUND('',#1039,.T.);
#663=FACE_OUTER_BOUND('',#1040,.T.);
#664=FACE_OUTER_BOUND('',#1041,.T.);
#665=FACE_OUTER_BOUND('',#1042,.T.);
#666=FACE_OUTER_BOUND('',#1043,.T.);
#667=FACE_OUTER_BOUND('',#1044,.T.);
#668=FACE_OUTER_BOUND('',#1045,.T.);
#669=FACE_OUTER_BOUND('',#1046,.T.);
#670=FACE_OUTER_BOUND('',#1047,.T.);
#671=FACE_OUTER_BOUND('',#1048,.T.);
#672=FACE_OUTER_BOUND('',#1049,.T.);
#673=FACE_OUTER_BOUND('',#1050,.T.);
#674=FACE_OUTER_BOUND('',#1051,.T.);
#675=FACE_OUTER_BOUND('',#1052,.T.);
#676=FACE_OUTER_BOUND('',#1053,.T.);
#677=FACE_OUTER_BOUND('',#1054,.T.);
#678=FACE_OUTER_BOUND('',#1055,.T.);
#679=FACE_OUTER_BOUND('',#1056,.T.);
#680=FACE_OUTER_BOUND('',#1057,.T.);
#681=FACE_OUTER_BOUND('',#1058,.T.);
#682=FACE_OUTER_BOUND('',#1059,.T.);
#683=FACE_OUTER_BOUND('',#1061,.T.);
#684=FACE_OUTER_BOUND('',#1062,.T.);
#685=FACE_OUTER_BOUND('',#1064,.T.);
#686=FACE_OUTER_BOUND('',#1065,.T.);
#687=FACE_OUTER_BOUND('',#1066,.T.);
#688=FACE_OUTER_BOUND('',#1067,.T.);
#689=FACE_OUTER_BOUND('',#1068,.T.);
#690=FACE_OUTER_BOUND('',#1069,.T.);
#691=FACE_OUTER_BOUND('',#1070,.T.);
#692=FACE_OUTER_BOUND('',#1071,.T.);
#693=FACE_OUTER_BOUND('',#1072,.T.);
#694=FACE_OUTER_BOUND('',#1073,.T.);
#695=FACE_OUTER_BOUND('',#1074,.T.);
#696=FACE_OUTER_BOUND('',#1076,.T.);
#697=FACE_OUTER_BOUND('',#1077,.T.);
#698=FACE_OUTER_BOUND('',#1078,.T.);
#699=FACE_OUTER_BOUND('',#1079,.T.);
#700=FACE_OUTER_BOUND('',#1080,.T.);
#701=FACE_OUTER_BOUND('',#1081,.T.);
#702=FACE_OUTER_BOUND('',#1082,.T.);
#703=FACE_OUTER_BOUND('',#1083,.T.);
#704=FACE_OUTER_BOUND('',#1084,.T.);
#705=FACE_OUTER_BOUND('',#1085,.T.);
#706=FACE_OUTER_BOUND('',#1086,.T.);
#707=FACE_OUTER_BOUND('',#1087,.T.);
#708=FACE_OUTER_BOUND('',#1088,.T.);
#709=FACE_OUTER_BOUND('',#1089,.T.);
#710=FACE_OUTER_BOUND('',#1090,.T.);
#711=FACE_OUTER_BOUND('',#1091,.T.);
#712=FACE_OUTER_BOUND('',#1095,.T.);
#713=FACE_OUTER_BOUND('',#1096,.T.);
#714=FACE_OUTER_BOUND('',#1097,.T.);
#715=FACE_OUTER_BOUND('',#1098,.T.);
#716=FACE_OUTER_BOUND('',#1099,.T.);
#717=FACE_OUTER_BOUND('',#1100,.T.);
#718=FACE_OUTER_BOUND('',#1101,.T.);
#719=FACE_OUTER_BOUND('',#1102,.T.);
#720=FACE_OUTER_BOUND('',#1103,.T.);
#721=FACE_OUTER_BOUND('',#1104,.T.);
#722=FACE_OUTER_BOUND('',#1105,.T.);
#723=FACE_OUTER_BOUND('',#1106,.T.);
#724=FACE_OUTER_BOUND('',#1107,.T.);
#725=FACE_OUTER_BOUND('',#1108,.T.);
#726=FACE_OUTER_BOUND('',#1109,.T.);
#727=FACE_OUTER_BOUND('',#1110,.T.);
#728=FACE_OUTER_BOUND('',#1111,.T.);
#729=FACE_OUTER_BOUND('',#1112,.T.);
#730=FACE_OUTER_BOUND('',#1113,.T.);
#731=FACE_OUTER_BOUND('',#1114,.T.);
#732=FACE_OUTER_BOUND('',#1115,.T.);
#733=FACE_OUTER_BOUND('',#1116,.T.);
#734=FACE_OUTER_BOUND('',#1121,.T.);
#735=FACE_OUTER_BOUND('',#1122,.T.);
#736=FACE_OUTER_BOUND('',#1123,.T.);
#737=FACE_OUTER_BOUND('',#1124,.T.);
#738=FACE_OUTER_BOUND('',#1125,.T.);
#739=FACE_OUTER_BOUND('',#1126,.T.);
#740=FACE_OUTER_BOUND('',#1127,.T.);
#741=FACE_OUTER_BOUND('',#1128,.T.);
#742=FACE_OUTER_BOUND('',#1129,.T.);
#743=FACE_OUTER_BOUND('',#1130,.T.);
#744=FACE_OUTER_BOUND('',#1131,.T.);
#745=FACE_OUTER_BOUND('',#1132,.T.);
#746=FACE_OUTER_BOUND('',#1133,.T.);
#747=FACE_OUTER_BOUND('',#1134,.T.);
#748=FACE_OUTER_BOUND('',#1135,.T.);
#749=FACE_OUTER_BOUND('',#1136,.T.);
#750=FACE_OUTER_BOUND('',#1137,.T.);
#751=FACE_OUTER_BOUND('',#1138,.T.);
#752=FACE_OUTER_BOUND('',#1139,.T.);
#753=FACE_OUTER_BOUND('',#1140,.T.);
#754=FACE_OUTER_BOUND('',#1141,.T.);
#755=FACE_OUTER_BOUND('',#1142,.T.);
#756=FACE_OUTER_BOUND('',#1143,.T.);
#757=FACE_OUTER_BOUND('',#1144,.T.);
#758=FACE_OUTER_BOUND('',#1145,.T.);
#759=FACE_OUTER_BOUND('',#1147,.T.);
#760=FACE_OUTER_BOUND('',#1148,.T.);
#761=FACE_OUTER_BOUND('',#1150,.T.);
#762=FACE_OUTER_BOUND('',#1153,.T.);
#763=FACE_OUTER_BOUND('',#1154,.T.);
#764=FACE_OUTER_BOUND('',#1155,.T.);
#765=FACE_OUTER_BOUND('',#1156,.T.);
#766=FACE_OUTER_BOUND('',#1157,.T.);
#767=FACE_OUTER_BOUND('',#1158,.T.);
#768=FACE_OUTER_BOUND('',#1159,.T.);
#769=FACE_OUTER_BOUND('',#1160,.T.);
#770=FACE_OUTER_BOUND('',#1161,.T.);
#771=FACE_OUTER_BOUND('',#1162,.T.);
#772=FACE_OUTER_BOUND('',#1163,.T.);
#773=FACE_OUTER_BOUND('',#1164,.T.);
#774=FACE_OUTER_BOUND('',#1165,.T.);
#775=FACE_OUTER_BOUND('',#1167,.T.);
#776=FACE_OUTER_BOUND('',#1168,.T.);
#777=FACE_OUTER_BOUND('',#1169,.T.);
#778=FACE_OUTER_BOUND('',#1170,.T.);
#779=FACE_OUTER_BOUND('',#1171,.T.);
#780=FACE_OUTER_BOUND('',#1172,.T.);
#781=FACE_OUTER_BOUND('',#1173,.T.);
#782=FACE_OUTER_BOUND('',#1174,.T.);
#783=FACE_OUTER_BOUND('',#1175,.T.);
#784=FACE_OUTER_BOUND('',#1176,.T.);
#785=FACE_OUTER_BOUND('',#1177,.T.);
#786=FACE_OUTER_BOUND('',#1178,.T.);
#787=FACE_OUTER_BOUND('',#1179,.T.);
#788=FACE_OUTER_BOUND('',#1180,.T.);
#789=FACE_OUTER_BOUND('',#1181,.T.);
#790=FACE_OUTER_BOUND('',#1182,.T.);
#791=FACE_OUTER_BOUND('',#1183,.T.);
#792=FACE_OUTER_BOUND('',#1184,.T.);
#793=FACE_OUTER_BOUND('',#1185,.T.);
#794=FACE_OUTER_BOUND('',#1186,.T.);
#795=FACE_OUTER_BOUND('',#1187,.T.);
#796=FACE_OUTER_BOUND('',#1188,.T.);
#797=FACE_OUTER_BOUND('',#1189,.T.);
#798=FACE_OUTER_BOUND('',#1190,.T.);
#799=FACE_OUTER_BOUND('',#1191,.T.);
#800=FACE_OUTER_BOUND('',#1192,.T.);
#801=FACE_OUTER_BOUND('',#1193,.T.);
#802=FACE_OUTER_BOUND('',#1194,.T.);
#803=FACE_OUTER_BOUND('',#1195,.T.);
#804=FACE_OUTER_BOUND('',#1196,.T.);
#805=FACE_OUTER_BOUND('',#1197,.T.);
#806=FACE_OUTER_BOUND('',#1198,.T.);
#807=FACE_OUTER_BOUND('',#1199,.T.);
#808=FACE_OUTER_BOUND('',#1200,.T.);
#809=FACE_OUTER_BOUND('',#1201,.T.);
#810=FACE_OUTER_BOUND('',#1202,.T.);
#811=FACE_OUTER_BOUND('',#1203,.T.);
#812=FACE_OUTER_BOUND('',#1204,.T.);
#813=FACE_OUTER_BOUND('',#1205,.T.);
#814=FACE_OUTER_BOUND('',#1207,.T.);
#815=FACE_OUTER_BOUND('',#1208,.T.);
#816=FACE_OUTER_BOUND('',#1209,.T.);
#817=FACE_OUTER_BOUND('',#1210,.T.);
#818=FACE_OUTER_BOUND('',#1211,.T.);
#819=FACE_OUTER_BOUND('',#1212,.T.);
#820=FACE_OUTER_BOUND('',#1213,.T.);
#821=FACE_OUTER_BOUND('',#1214,.T.);
#822=FACE_OUTER_BOUND('',#1215,.T.);
#823=FACE_OUTER_BOUND('',#1216,.T.);
#824=FACE_OUTER_BOUND('',#1217,.T.);
#825=EDGE_LOOP('',(#4016,#4017,#4018,#4019,#4020,#4021));
#826=EDGE_LOOP('',(#4022,#4023,#4024,#4025,#4026,#4027));
#827=EDGE_LOOP('',(#4028,#4029,#4030,#4031,#4032,#4033));
#828=EDGE_LOOP('',(#4034,#4035,#4036,#4037,#4038,#4039));
#829=EDGE_LOOP('',(#4040,#4041,#4042,#4043,#4044));
#830=EDGE_LOOP('',(#4045,#4046,#4047,#4048,#4049,#4050));
#831=EDGE_LOOP('',(#4051,#4052,#4053,#4054,#4055));
#832=EDGE_LOOP('',(#4056,#4057,#4058,#4059));
#833=EDGE_LOOP('',(#4060,#4061,#4062,#4063));
#834=EDGE_LOOP('',(#4064,#4065,#4066,#4067,#4068));
#835=EDGE_LOOP('',(#4069,#4070,#4071,#4072));
#836=EDGE_LOOP('',(#4073,#4074,#4075,#4076,#4077,#4078));
#837=EDGE_LOOP('',(#4079,#4080,#4081,#4082,#4083,#4084,#4085,#4086));
#838=EDGE_LOOP('',(#4087,#4088,#4089,#4090));
#839=EDGE_LOOP('',(#4091,#4092,#4093,#4094));
#840=EDGE_LOOP('',(#4095,#4096,#4097,#4098));
#841=EDGE_LOOP('',(#4099,#4100,#4101,#4102));
#842=EDGE_LOOP('',(#4103,#4104,#4105,#4106));
#843=EDGE_LOOP('',(#4107,#4108,#4109,#4110));
#844=EDGE_LOOP('',(#4111,#4112,#4113,#4114));
#845=EDGE_LOOP('',(#4115,#4116,#4117,#4118));
#846=EDGE_LOOP('',(#4119,#4120,#4121,#4122,#4123,#4124,#4125,#4126,#4127,
#4128,#4129,#4130));
#847=EDGE_LOOP('',(#4131,#4132,#4133,#4134));
#848=EDGE_LOOP('',(#4135,#4136,#4137,#4138));
#849=EDGE_LOOP('',(#4139,#4140,#4141,#4142));
#850=EDGE_LOOP('',(#4143,#4144,#4145,#4146));
#851=EDGE_LOOP('',(#4147,#4148,#4149,#4150));
#852=EDGE_LOOP('',(#4151,#4152,#4153,#4154));
#853=EDGE_LOOP('',(#4155,#4156,#4157,#4158));
#854=EDGE_LOOP('',(#4159,#4160,#4161,#4162));
#855=EDGE_LOOP('',(#4163,#4164,#4165,#4166));
#856=EDGE_LOOP('',(#4167,#4168,#4169,#4170));
#857=EDGE_LOOP('',(#4171,#4172,#4173,#4174));
#858=EDGE_LOOP('',(#4175,#4176,#4177,#4178));
#859=EDGE_LOOP('',(#4179,#4180,#4181,#4182,#4183,#4184,#4185,#4186));
#860=EDGE_LOOP('',(#4187,#4188,#4189,#4190,#4191));
#861=EDGE_LOOP('',(#4192,#4193,#4194,#4195));
#862=EDGE_LOOP('',(#4196,#4197,#4198,#4199));
#863=EDGE_LOOP('',(#4200,#4201,#4202,#4203));
#864=EDGE_LOOP('',(#4204,#4205,#4206,#4207));
#865=EDGE_LOOP('',(#4208,#4209,#4210,#4211));
#866=EDGE_LOOP('',(#4212,#4213,#4214,#4215));
#867=EDGE_LOOP('',(#4216,#4217,#4218,#4219));
#868=EDGE_LOOP('',(#4220,#4221,#4222,#4223));
#869=EDGE_LOOP('',(#4224,#4225,#4226,#4227));
#870=EDGE_LOOP('',(#4228,#4229,#4230,#4231));
#871=EDGE_LOOP('',(#4232,#4233,#4234,#4235));
#872=EDGE_LOOP('',(#4236,#4237,#4238,#4239));
#873=EDGE_LOOP('',(#4240,#4241,#4242,#4243));
#874=EDGE_LOOP('',(#4244,#4245,#4246,#4247,#4248,#4249,#4250,#4251,#4252,
#4253,#4254,#4255,#4256,#4257,#4258));
#875=EDGE_LOOP('',(#4259,#4260,#4261,#4262));
#876=EDGE_LOOP('',(#4263,#4264,#4265,#4266));
#877=EDGE_LOOP('',(#4267,#4268,#4269,#4270));
#878=EDGE_LOOP('',(#4271,#4272,#4273,#4274));
#879=EDGE_LOOP('',(#4275,#4276,#4277,#4278));
#880=EDGE_LOOP('',(#4279,#4280,#4281,#4282));
#881=EDGE_LOOP('',(#4283,#4284,#4285,#4286));
#882=EDGE_LOOP('',(#4287,#4288,#4289,#4290));
#883=EDGE_LOOP('',(#4291,#4292,#4293,#4294));
#884=EDGE_LOOP('',(#4295,#4296,#4297,#4298));
#885=EDGE_LOOP('',(#4299,#4300,#4301,#4302));
#886=EDGE_LOOP('',(#4303,#4304,#4305,#4306));
#887=EDGE_LOOP('',(#4307,#4308,#4309,#4310));
#888=EDGE_LOOP('',(#4311,#4312,#4313,#4314));
#889=EDGE_LOOP('',(#4315,#4316,#4317,#4318));
#890=EDGE_LOOP('',(#4319,#4320,#4321,#4322,#4323,#4324,#4325,#4326,#4327,
#4328,#4329,#4330,#4331,#4332,#4333));
#891=EDGE_LOOP('',(#4334,#4335,#4336,#4337));
#892=EDGE_LOOP('',(#4338,#4339,#4340,#4341));
#893=EDGE_LOOP('',(#4342,#4343,#4344,#4345));
#894=EDGE_LOOP('',(#4346,#4347,#4348,#4349));
#895=EDGE_LOOP('',(#4350,#4351,#4352,#4353));
#896=EDGE_LOOP('',(#4354,#4355,#4356,#4357));
#897=EDGE_LOOP('',(#4358,#4359,#4360,#4361));
#898=EDGE_LOOP('',(#4362,#4363,#4364,#4365));
#899=EDGE_LOOP('',(#4366,#4367,#4368,#4369));
#900=EDGE_LOOP('',(#4370,#4371,#4372,#4373));
#901=EDGE_LOOP('',(#4374,#4375,#4376,#4377));
#902=EDGE_LOOP('',(#4378,#4379,#4380,#4381));
#903=EDGE_LOOP('',(#4382,#4383,#4384,#4385));
#904=EDGE_LOOP('',(#4386,#4387,#4388,#4389));
#905=EDGE_LOOP('',(#4390,#4391,#4392,#4393));
#906=EDGE_LOOP('',(#4394,#4395,#4396,#4397));
#907=EDGE_LOOP('',(#4398,#4399,#4400,#4401));
#908=EDGE_LOOP('',(#4402,#4403,#4404,#4405));
#909=EDGE_LOOP('',(#4406,#4407,#4408,#4409));
#910=EDGE_LOOP('',(#4410,#4411,#4412,#4413));
#911=EDGE_LOOP('',(#4414,#4415,#4416,#4417));
#912=EDGE_LOOP('',(#4418,#4419,#4420,#4421));
#913=EDGE_LOOP('',(#4422,#4423,#4424,#4425));
#914=EDGE_LOOP('',(#4426,#4427,#4428,#4429));
#915=EDGE_LOOP('',(#4430,#4431,#4432,#4433));
#916=EDGE_LOOP('',(#4434,#4435,#4436,#4437,#4438,#4439,#4440,#4441,#4442,
#4443));
#917=EDGE_LOOP('',(#4444,#4445,#4446,#4447));
#918=EDGE_LOOP('',(#4448,#4449,#4450,#4451));
#919=EDGE_LOOP('',(#4452,#4453,#4454,#4455));
#920=EDGE_LOOP('',(#4456,#4457,#4458,#4459));
#921=EDGE_LOOP('',(#4460,#4461,#4462,#4463));
#922=EDGE_LOOP('',(#4464,#4465,#4466,#4467));
#923=EDGE_LOOP('',(#4468,#4469,#4470,#4471));
#924=EDGE_LOOP('',(#4472,#4473,#4474,#4475));
#925=EDGE_LOOP('',(#4476,#4477,#4478,#4479));
#926=EDGE_LOOP('',(#4480,#4481,#4482,#4483));
#927=EDGE_LOOP('',(#4484,#4485,#4486,#4487,#4488,#4489,#4490));
#928=EDGE_LOOP('',(#4491,#4492,#4493,#4494,#4495,#4496,#4497));
#929=EDGE_LOOP('',(#4498,#4499,#4500,#4501));
#930=EDGE_LOOP('',(#4502,#4503,#4504,#4505));
#931=EDGE_LOOP('',(#4506,#4507,#4508,#4509));
#932=EDGE_LOOP('',(#4510,#4511,#4512,#4513));
#933=EDGE_LOOP('',(#4514,#4515,#4516,#4517));
#934=EDGE_LOOP('',(#4518,#4519,#4520,#4521));
#935=EDGE_LOOP('',(#4522,#4523,#4524,#4525));
#936=EDGE_LOOP('',(#4526,#4527,#4528,#4529));
#937=EDGE_LOOP('',(#4530,#4531,#4532,#4533));
#938=EDGE_LOOP('',(#4534,#4535,#4536,#4537));
#939=EDGE_LOOP('',(#4538,#4539,#4540,#4541));
#940=EDGE_LOOP('',(#4542,#4543,#4544,#4545));
#941=EDGE_LOOP('',(#4546,#4547,#4548,#4549));
#942=EDGE_LOOP('',(#4550,#4551,#4552,#4553));
#943=EDGE_LOOP('',(#4554,#4555,#4556,#4557,#4558,#4559,#4560));
#944=EDGE_LOOP('',(#4561,#4562,#4563,#4564));
#945=EDGE_LOOP('',(#4565,#4566,#4567,#4568));
#946=EDGE_LOOP('',(#4569,#4570,#4571,#4572));
#947=EDGE_LOOP('',(#4573,#4574,#4575,#4576));
#948=EDGE_LOOP('',(#4577,#4578,#4579,#4580));
#949=EDGE_LOOP('',(#4581,#4582,#4583,#4584));
#950=EDGE_LOOP('',(#4585,#4586,#4587,#4588));
#951=EDGE_LOOP('',(#4589,#4590,#4591,#4592,#4593,#4594,#4595,#4596,#4597,
#4598,#4599,#4600,#4601,#4602,#4603,#4604));
#952=EDGE_LOOP('',(#4605,#4606,#4607,#4608));
#953=EDGE_LOOP('',(#4609,#4610,#4611,#4612));
#954=EDGE_LOOP('',(#4613,#4614,#4615,#4616));
#955=EDGE_LOOP('',(#4617,#4618,#4619,#4620));
#956=EDGE_LOOP('',(#4621,#4622,#4623,#4624));
#957=EDGE_LOOP('',(#4625,#4626,#4627,#4628));
#958=EDGE_LOOP('',(#4629,#4630,#4631,#4632));
#959=EDGE_LOOP('',(#4633,#4634,#4635,#4636));
#960=EDGE_LOOP('',(#4637,#4638,#4639,#4640));
#961=EDGE_LOOP('',(#4641,#4642,#4643,#4644));
#962=EDGE_LOOP('',(#4645,#4646,#4647,#4648));
#963=EDGE_LOOP('',(#4649,#4650,#4651,#4652));
#964=EDGE_LOOP('',(#4653,#4654,#4655,#4656));
#965=EDGE_LOOP('',(#4657,#4658,#4659,#4660));
#966=EDGE_LOOP('',(#4661,#4662,#4663,#4664));
#967=EDGE_LOOP('',(#4665,#4666,#4667,#4668));
#968=EDGE_LOOP('',(#4669,#4670,#4671,#4672,#4673,#4674,#4675,#4676,#4677,
#4678,#4679,#4680,#4681,#4682,#4683,#4684));
#969=EDGE_LOOP('',(#4685,#4686,#4687,#4688));
#970=EDGE_LOOP('',(#4689,#4690,#4691,#4692));
#971=EDGE_LOOP('',(#4693,#4694,#4695,#4696));
#972=EDGE_LOOP('',(#4697,#4698,#4699,#4700));
#973=EDGE_LOOP('',(#4701,#4702,#4703,#4704));
#974=EDGE_LOOP('',(#4705,#4706,#4707,#4708));
#975=EDGE_LOOP('',(#4709,#4710,#4711,#4712));
#976=EDGE_LOOP('',(#4713,#4714,#4715,#4716));
#977=EDGE_LOOP('',(#4717,#4718,#4719,#4720));
#978=EDGE_LOOP('',(#4721,#4722,#4723,#4724));
#979=EDGE_LOOP('',(#4725,#4726,#4727,#4728));
#980=EDGE_LOOP('',(#4729,#4730,#4731,#4732));
#981=EDGE_LOOP('',(#4733,#4734,#4735,#4736));
#982=EDGE_LOOP('',(#4737,#4738,#4739,#4740));
#983=EDGE_LOOP('',(#4741,#4742,#4743,#4744));
#984=EDGE_LOOP('',(#4745,#4746,#4747,#4748));
#985=EDGE_LOOP('',(#4749,#4750,#4751,#4752,#4753,#4754,#4755));
#986=EDGE_LOOP('',(#4756,#4757,#4758,#4759));
#987=EDGE_LOOP('',(#4760,#4761,#4762,#4763));
#988=EDGE_LOOP('',(#4764,#4765,#4766,#4767));
#989=EDGE_LOOP('',(#4768,#4769,#4770,#4771));
#990=EDGE_LOOP('',(#4772,#4773,#4774,#4775));
#991=EDGE_LOOP('',(#4776,#4777,#4778,#4779));
#992=EDGE_LOOP('',(#4780,#4781,#4782,#4783));
#993=EDGE_LOOP('',(#4784,#4785,#4786,#4787,#4788,#4789,#4790,#4791,#4792,
#4793,#4794,#4795,#4796,#4797,#4798,#4799,#4800,#4801,#4802,#4803,#4804,
#4805,#4806,#4807,#4808,#4809,#4810,#4811,#4812));
#994=EDGE_LOOP('',(#4813));
#995=EDGE_LOOP('',(#4814));
#996=EDGE_LOOP('',(#4815,#4816,#4817,#4818,#4819,#4820,#4821));
#997=EDGE_LOOP('',(#4822,#4823,#4824,#4825,#4826,#4827,#4828,#4829,#4830,
#4831,#4832,#4833,#4834,#4835,#4836,#4837));
#998=EDGE_LOOP('',(#4838,#4839,#4840,#4841,#4842,#4843,#4844,#4845,#4846,
#4847,#4848,#4849,#4850,#4851,#4852,#4853));
#999=EDGE_LOOP('',(#4854,#4855,#4856,#4857,#4858,#4859,#4860));
#1000=EDGE_LOOP('',(#4861,#4862,#4863,#4864,#4865,#4866,#4867));
#1001=EDGE_LOOP('',(#4868,#4869,#4870,#4871,#4872,#4873,#4874,#4875,#4876,
#4877));
#1002=EDGE_LOOP('',(#4878,#4879,#4880,#4881));
#1003=EDGE_LOOP('',(#4882,#4883,#4884,#4885,#4886,#4887,#4888,#4889,#4890,
#4891,#4892,#4893,#4894,#4895,#4896));
#1004=EDGE_LOOP('',(#4897,#4898,#4899,#4900,#4901,#4902,#4903,#4904,#4905,
#4906,#4907,#4908,#4909,#4910,#4911));
#1005=EDGE_LOOP('',(#4912,#4913,#4914,#4915,#4916,#4917,#4918,#4919));
#1006=EDGE_LOOP('',(#4920,#4921,#4922,#4923,#4924,#4925,#4926,#4927,#4928,
#4929,#4930,#4931));
#1007=EDGE_LOOP('',(#4932,#4933,#4934,#4935,#4936,#4937,#4938,#4939));
#1008=EDGE_LOOP('',(#4940,#4941,#4942,#4943,#4944,#4945,#4946));
#1009=EDGE_LOOP('',(#4947,#4948,#4949,#4950));
#1010=EDGE_LOOP('',(#4951,#4952,#4953,#4954));
#1011=EDGE_LOOP('',(#4955,#4956,#4957,#4958));
#1012=EDGE_LOOP('',(#4959,#4960,#4961,#4962));
#1013=EDGE_LOOP('',(#4963,#4964,#4965,#4966));
#1014=EDGE_LOOP('',(#4967,#4968,#4969,#4970));
#1015=EDGE_LOOP('',(#4971,#4972,#4973,#4974));
#1016=EDGE_LOOP('',(#4975,#4976,#4977,#4978));
#1017=EDGE_LOOP('',(#4979,#4980,#4981,#4982));
#1018=EDGE_LOOP('',(#4983,#4984,#4985,#4986));
#1019=EDGE_LOOP('',(#4987,#4988,#4989,#4990));
#1020=EDGE_LOOP('',(#4991,#4992,#4993,#4994));
#1021=EDGE_LOOP('',(#4995,#4996,#4997,#4998));
#1022=EDGE_LOOP('',(#4999,#5000,#5001,#5002,#5003,#5004,#5005,#5006));
#1023=EDGE_LOOP('',(#5007,#5008,#5009,#5010,#5011,#5012));
#1024=EDGE_LOOP('',(#5013,#5014));
#1025=EDGE_LOOP('',(#5015,#5016,#5017,#5018,#5019));
#1026=EDGE_LOOP('',(#5020,#5021));
#1027=EDGE_LOOP('',(#5022,#5023));
#1028=EDGE_LOOP('',(#5024,#5025,#5026,#5027,#5028,#5029));
#1029=EDGE_LOOP('',(#5030,#5031));
#1030=EDGE_LOOP('',(#5032,#5033,#5034,#5035,#5036));
#1031=EDGE_LOOP('',(#5037,#5038));
#1032=EDGE_LOOP('',(#5039,#5040));
#1033=EDGE_LOOP('',(#5041,#5042,#5043,#5044));
#1034=EDGE_LOOP('',(#5045,#5046,#5047,#5048));
#1035=EDGE_LOOP('',(#5049,#5050,#5051,#5052,#5053,#5054,#5055,#5056,#5057,
#5058,#5059,#5060,#5061,#5062,#5063,#5064));
#1036=EDGE_LOOP('',(#5065,#5066,#5067,#5068));
#1037=EDGE_LOOP('',(#5069,#5070,#5071,#5072));
#1038=EDGE_LOOP('',(#5073,#5074,#5075,#5076));
#1039=EDGE_LOOP('',(#5077,#5078,#5079,#5080));
#1040=EDGE_LOOP('',(#5081,#5082,#5083,#5084));
#1041=EDGE_LOOP('',(#5085,#5086,#5087,#5088,#5089));
#1042=EDGE_LOOP('',(#5090,#5091,#5092,#5093));
#1043=EDGE_LOOP('',(#5094,#5095,#5096,#5097));
#1044=EDGE_LOOP('',(#5098,#5099,#5100,#5101));
#1045=EDGE_LOOP('',(#5102,#5103,#5104,#5105));
#1046=EDGE_LOOP('',(#5106,#5107,#5108,#5109));
#1047=EDGE_LOOP('',(#5110,#5111,#5112,#5113));
#1048=EDGE_LOOP('',(#5114,#5115,#5116,#5117));
#1049=EDGE_LOOP('',(#5118,#5119,#5120,#5121));
#1050=EDGE_LOOP('',(#5122,#5123,#5124,#5125));
#1051=EDGE_LOOP('',(#5126,#5127,#5128,#5129));
#1052=EDGE_LOOP('',(#5130,#5131,#5132,#5133,#5134));
#1053=EDGE_LOOP('',(#5135,#5136,#5137,#5138,#5139,#5140));
#1054=EDGE_LOOP('',(#5141,#5142,#5143,#5144,#5145,#5146));
#1055=EDGE_LOOP('',(#5147,#5148));
#1056=EDGE_LOOP('',(#5149,#5150,#5151,#5152,#5153,#5154));
#1057=EDGE_LOOP('',(#5155,#5156,#5157,#5158,#5159,#5160));
#1058=EDGE_LOOP('',(#5161,#5162));
#1059=EDGE_LOOP('',(#5163));
#1060=EDGE_LOOP('',(#5164,#5165));
#1061=EDGE_LOOP('',(#5166,#5167,#5168,#5169,#5170,#5171,#5172,#5173,#5174,
#5175,#5176,#5177,#5178,#5179,#5180,#5181));
#1062=EDGE_LOOP('',(#5182));
#1063=EDGE_LOOP('',(#5183,#5184));
#1064=EDGE_LOOP('',(#5185,#5186,#5187,#5188));
#1065=EDGE_LOOP('',(#5189,#5190,#5191,#5192));
#1066=EDGE_LOOP('',(#5193,#5194,#5195,#5196));
#1067=EDGE_LOOP('',(#5197,#5198,#5199,#5200,#5201));
#1068=EDGE_LOOP('',(#5202,#5203,#5204,#5205));
#1069=EDGE_LOOP('',(#5206,#5207,#5208,#5209));
#1070=EDGE_LOOP('',(#5210,#5211,#5212,#5213));
#1071=EDGE_LOOP('',(#5214,#5215,#5216,#5217));
#1072=EDGE_LOOP('',(#5218,#5219,#5220,#5221));
#1073=EDGE_LOOP('',(#5222,#5223,#5224,#5225));
#1074=EDGE_LOOP('',(#5226,#5227,#5228,#5229,#5230,#5231,#5232,#5233));
#1075=EDGE_LOOP('',(#5234,#5235,#5236,#5237,#5238,#5239,#5240,#5241));
#1076=EDGE_LOOP('',(#5242,#5243,#5244,#5245));
#1077=EDGE_LOOP('',(#5246,#5247,#5248,#5249));
#1078=EDGE_LOOP('',(#5250,#5251,#5252,#5253));
#1079=EDGE_LOOP('',(#5254,#5255,#5256,#5257));
#1080=EDGE_LOOP('',(#5258,#5259,#5260,#5261));
#1081=EDGE_LOOP('',(#5262,#5263,#5264,#5265));
#1082=EDGE_LOOP('',(#5266,#5267,#5268,#5269));
#1083=EDGE_LOOP('',(#5270,#5271,#5272,#5273));
#1084=EDGE_LOOP('',(#5274,#5275,#5276,#5277));
#1085=EDGE_LOOP('',(#5278,#5279,#5280,#5281,#5282));
#1086=EDGE_LOOP('',(#5283,#5284,#5285,#5286));
#1087=EDGE_LOOP('',(#5287,#5288,#5289,#5290));
#1088=EDGE_LOOP('',(#5291,#5292,#5293,#5294));
#1089=EDGE_LOOP('',(#5295,#5296,#5297,#5298));
#1090=EDGE_LOOP('',(#5299,#5300,#5301,#5302));
#1091=EDGE_LOOP('',(#5303,#5304,#5305,#5306,#5307,#5308,#5309,#5310,#5311,
#5312,#5313,#5314,#5315,#5316,#5317,#5318));
#1092=EDGE_LOOP('',(#5319,#5320,#5321,#5322));
#1093=EDGE_LOOP('',(#5323,#5324,#5325,#5326,#5327,#5328,#5329,#5330));
#1094=EDGE_LOOP('',(#5331,#5332,#5333,#5334));
#1095=EDGE_LOOP('',(#5335,#5336,#5337,#5338,#5339));
#1096=EDGE_LOOP('',(#5340,#5341,#5342,#5343));
#1097=EDGE_LOOP('',(#5344,#5345,#5346,#5347));
#1098=EDGE_LOOP('',(#5348,#5349,#5350,#5351));
#1099=EDGE_LOOP('',(#5352,#5353,#5354,#5355));
#1100=EDGE_LOOP('',(#5356,#5357,#5358,#5359));
#1101=EDGE_LOOP('',(#5360,#5361,#5362,#5363));
#1102=EDGE_LOOP('',(#5364,#5365,#5366,#5367));
#1103=EDGE_LOOP('',(#5368,#5369,#5370,#5371));
#1104=EDGE_LOOP('',(#5372,#5373,#5374,#5375));
#1105=EDGE_LOOP('',(#5376,#5377,#5378,#5379));
#1106=EDGE_LOOP('',(#5380,#5381,#5382,#5383));
#1107=EDGE_LOOP('',(#5384,#5385,#5386,#5387));
#1108=EDGE_LOOP('',(#5388,#5389,#5390,#5391));
#1109=EDGE_LOOP('',(#5392,#5393,#5394,#5395));
#1110=EDGE_LOOP('',(#5396,#5397,#5398,#5399));
#1111=EDGE_LOOP('',(#5400,#5401,#5402,#5403));
#1112=EDGE_LOOP('',(#5404,#5405,#5406,#5407));
#1113=EDGE_LOOP('',(#5408,#5409,#5410,#5411));
#1114=EDGE_LOOP('',(#5412,#5413,#5414,#5415));
#1115=EDGE_LOOP('',(#5416,#5417,#5418,#5419));
#1116=EDGE_LOOP('',(#5420,#5421,#5422,#5423,#5424,#5425,#5426,#5427,#5428,
#5429,#5430,#5431,#5432,#5433,#5434,#5435));
#1117=EDGE_LOOP('',(#5436,#5437));
#1118=EDGE_LOOP('',(#5438,#5439));
#1119=EDGE_LOOP('',(#5440,#5441,#5442,#5443));
#1120=EDGE_LOOP('',(#5444,#5445,#5446,#5447));
#1121=EDGE_LOOP('',(#5448,#5449,#5450,#5451));
#1122=EDGE_LOOP('',(#5452,#5453,#5454,#5455));
#1123=EDGE_LOOP('',(#5456,#5457,#5458,#5459));
#1124=EDGE_LOOP('',(#5460,#5461,#5462,#5463));
#1125=EDGE_LOOP('',(#5464,#5465,#5466,#5467));
#1126=EDGE_LOOP('',(#5468,#5469,#5470,#5471));
#1127=EDGE_LOOP('',(#5472,#5473,#5474,#5475));
#1128=EDGE_LOOP('',(#5476,#5477,#5478,#5479));
#1129=EDGE_LOOP('',(#5480,#5481,#5482,#5483));
#1130=EDGE_LOOP('',(#5484,#5485,#5486,#5487));
#1131=EDGE_LOOP('',(#5488,#5489,#5490,#5491));
#1132=EDGE_LOOP('',(#5492,#5493,#5494,#5495));
#1133=EDGE_LOOP('',(#5496,#5497,#5498,#5499));
#1134=EDGE_LOOP('',(#5500,#5501,#5502,#5503));
#1135=EDGE_LOOP('',(#5504,#5505,#5506,#5507));
#1136=EDGE_LOOP('',(#5508,#5509,#5510,#5511));
#1137=EDGE_LOOP('',(#5512,#5513,#5514,#5515));
#1138=EDGE_LOOP('',(#5516,#5517,#5518,#5519));
#1139=EDGE_LOOP('',(#5520,#5521,#5522,#5523));
#1140=EDGE_LOOP('',(#5524,#5525,#5526,#5527,#5528,#5529));
#1141=EDGE_LOOP('',(#5530,#5531,#5532,#5533,#5534));
#1142=EDGE_LOOP('',(#5535,#5536,#5537,#5538,#5539,#5540));
#1143=EDGE_LOOP('',(#5541,#5542,#5543,#5544,#5545));
#1144=EDGE_LOOP('',(#5546,#5547,#5548,#5549));
#1145=EDGE_LOOP('',(#5550));
#1146=EDGE_LOOP('',(#5551));
#1147=EDGE_LOOP('',(#5552,#5553,#5554,#5555));
#1148=EDGE_LOOP('',(#5556));
#1149=EDGE_LOOP('',(#5557));
#1150=EDGE_LOOP('',(#5558,#5559,#5560,#5561,#5562,#5563,#5564,#5565));
#1151=EDGE_LOOP('',(#5566));
#1152=EDGE_LOOP('',(#5567));
#1153=EDGE_LOOP('',(#5568,#5569,#5570,#5571));
#1154=EDGE_LOOP('',(#5572,#5573,#5574,#5575));
#1155=EDGE_LOOP('',(#5576,#5577,#5578,#5579));
#1156=EDGE_LOOP('',(#5580,#5581,#5582,#5583));
#1157=EDGE_LOOP('',(#5584,#5585,#5586,#5587));
#1158=EDGE_LOOP('',(#5588,#5589,#5590,#5591));
#1159=EDGE_LOOP('',(#5592,#5593,#5594,#5595));
#1160=EDGE_LOOP('',(#5596,#5597,#5598,#5599));
#1161=EDGE_LOOP('',(#5600,#5601,#5602,#5603));
#1162=EDGE_LOOP('',(#5604,#5605,#5606,#5607));
#1163=EDGE_LOOP('',(#5608,#5609,#5610,#5611));
#1164=EDGE_LOOP('',(#5612,#5613,#5614,#5615));
#1165=EDGE_LOOP('',(#5616,#5617,#5618,#5619,#5620,#5621,#5622,#5623));
#1166=EDGE_LOOP('',(#5624,#5625,#5626,#5627,#5628,#5629,#5630,#5631));
#1167=EDGE_LOOP('',(#5632,#5633,#5634,#5635));
#1168=EDGE_LOOP('',(#5636,#5637,#5638,#5639));
#1169=EDGE_LOOP('',(#5640,#5641,#5642,#5643));
#1170=EDGE_LOOP('',(#5644,#5645,#5646,#5647));
#1171=EDGE_LOOP('',(#5648,#5649,#5650,#5651));
#1172=EDGE_LOOP('',(#5652,#5653,#5654,#5655));
#1173=EDGE_LOOP('',(#5656,#5657,#5658,#5659));
#1174=EDGE_LOOP('',(#5660,#5661,#5662,#5663));
#1175=EDGE_LOOP('',(#5664,#5665,#5666,#5667));
#1176=EDGE_LOOP('',(#5668,#5669,#5670,#5671));
#1177=EDGE_LOOP('',(#5672,#5673,#5674,#5675));
#1178=EDGE_LOOP('',(#5676,#5677,#5678,#5679));
#1179=EDGE_LOOP('',(#5680,#5681,#5682,#5683));
#1180=EDGE_LOOP('',(#5684,#5685,#5686,#5687));
#1181=EDGE_LOOP('',(#5688,#5689,#5690,#5691));
#1182=EDGE_LOOP('',(#5692,#5693,#5694,#5695));
#1183=EDGE_LOOP('',(#5696,#5697,#5698,#5699));
#1184=EDGE_LOOP('',(#5700,#5701,#5702,#5703));
#1185=EDGE_LOOP('',(#5704,#5705,#5706,#5707));
#1186=EDGE_LOOP('',(#5708,#5709,#5710,#5711));
#1187=EDGE_LOOP('',(#5712,#5713,#5714,#5715,#5716));
#1188=EDGE_LOOP('',(#5717,#5718,#5719,#5720));
#1189=EDGE_LOOP('',(#5721,#5722,#5723,#5724,#5725));
#1190=EDGE_LOOP('',(#5726,#5727,#5728,#5729));
#1191=EDGE_LOOP('',(#5730,#5731,#5732,#5733));
#1192=EDGE_LOOP('',(#5734,#5735,#5736,#5737));
#1193=EDGE_LOOP('',(#5738,#5739,#5740,#5741));
#1194=EDGE_LOOP('',(#5742,#5743,#5744,#5745));
#1195=EDGE_LOOP('',(#5746,#5747,#5748,#5749));
#1196=EDGE_LOOP('',(#5750,#5751,#5752,#5753));
#1197=EDGE_LOOP('',(#5754,#5755,#5756,#5757));
#1198=EDGE_LOOP('',(#5758,#5759,#5760,#5761));
#1199=EDGE_LOOP('',(#5762,#5763,#5764,#5765));
#1200=EDGE_LOOP('',(#5766,#5767,#5768,#5769));
#1201=EDGE_LOOP('',(#5770,#5771,#5772,#5773));
#1202=EDGE_LOOP('',(#5774,#5775,#5776,#5777));
#1203=EDGE_LOOP('',(#5778,#5779,#5780,#5781));
#1204=EDGE_LOOP('',(#5782,#5783,#5784,#5785));
#1205=EDGE_LOOP('',(#5786,#5787));
#1206=EDGE_LOOP('',(#5788,#5789,#5790,#5791,#5792,#5793,#5794,#5795,#5796,
#5797,#5798,#5799,#5800,#5801,#5802,#5803,#5804,#5805,#5806,#5807));
#1207=EDGE_LOOP('',(#5808,#5809,#5810,#5811));
#1208=EDGE_LOOP('',(#5812,#5813,#5814,#5815));
#1209=EDGE_LOOP('',(#5816,#5817,#5818,#5819));
#1210=EDGE_LOOP('',(#5820,#5821,#5822,#5823));
#1211=EDGE_LOOP('',(#5824,#5825,#5826,#5827));
#1212=EDGE_LOOP('',(#5828,#5829,#5830,#5831,#5832,#5833,#5834,#5835,#5836,
#5837,#5838,#5839,#5840,#5841,#5842,#5843,#5844,#5845,#5846,#5847));
#1213=EDGE_LOOP('',(#5848,#5849,#5850,#5851,#5852,#5853));
#1214=EDGE_LOOP('',(#5854,#5855,#5856,#5857,#5858,#5859));
#1215=EDGE_LOOP('',(#5860,#5861));
#1216=EDGE_LOOP('',(#5862,#5863,#5864,#5865,#5866,#5867));
#1217=EDGE_LOOP('',(#5868,#5869,#5870,#5871,#5872,#5873));
#1218=ELLIPSE('',#6495,0.707214493379359,0.5);
#1219=ELLIPSE('',#6497,0.707214493379359,0.5);
#1220=ELLIPSE('',#6499,0.707214493379447,0.5);
#1221=ELLIPSE('',#6501,0.707214493379446,0.5);
#1222=ELLIPSE('',#6640,0.500952232221626,0.5);
#1223=ELLIPSE('',#6641,3.50013616006118,3.5);
#1224=ELLIPSE('',#6643,3.50013616006118,3.5);
#1225=ELLIPSE('',#6644,0.500952232221626,0.5);
#1226=ELLIPSE('',#6650,0.500952232221626,0.5);
#1227=ELLIPSE('',#6651,3.50013616006118,3.5);
#1228=ELLIPSE('',#6653,3.50013616006118,3.50000000000002);
#1229=ELLIPSE('',#6654,0.500952232221626,0.5);
#1230=ELLIPSE('',#6657,3.50666562555138,3.5);
#1231=ELLIPSE('',#6660,3.50666562555138,3.5);
#1232=ELLIPSE('',#6741,3.50666562555138,3.5);
#1233=ELLIPSE('',#6743,3.50666562555138,3.5);
#1234=(
BOUNDED_CURVE()
B_SPLINE_CURVE(2,(#8712,#8713,#8714),.UNSPECIFIED.,.F.,.F.)
B_SPLINE_CURVE_WITH_KNOTS((3,3),(0.,1.20030254015182),.UNSPECIFIED.)
CURVE()
GEOMETRIC_REPRESENTATION_ITEM()
RATIONAL_B_SPLINE_CURVE((1.,1.,1.))
REPRESENTATION_ITEM('')
);
#1235=(
BOUNDED_CURVE()
B_SPLINE_CURVE(2,(#8727,#8728,#8729),.UNSPECIFIED.,.F.,.F.)
B_SPLINE_CURVE_WITH_KNOTS((3,3),(0.,1.20030254015182),.UNSPECIFIED.)
CURVE()
GEOMETRIC_REPRESENTATION_ITEM()
RATIONAL_B_SPLINE_CURVE((1.,1.,1.))
REPRESENTATION_ITEM('')
);
#1236=(
BOUNDED_CURVE()
B_SPLINE_CURVE(2,(#8752,#8753,#8754),.UNSPECIFIED.,.F.,.F.)
B_SPLINE_CURVE_WITH_KNOTS((3,3),(0.,1.20030254015182),.UNSPECIFIED.)
CURVE()
GEOMETRIC_REPRESENTATION_ITEM()
RATIONAL_B_SPLINE_CURVE((1.,1.,1.))
REPRESENTATION_ITEM('')
);
#1237=(
BOUNDED_CURVE()
B_SPLINE_CURVE(2,(#8763,#8764,#8765),.UNSPECIFIED.,.F.,.F.)
B_SPLINE_CURVE_WITH_KNOTS((3,3),(0.,1.20030254015182),.UNSPECIFIED.)
CURVE()
GEOMETRIC_REPRESENTATION_ITEM()
RATIONAL_B_SPLINE_CURVE((1.,1.,1.))
REPRESENTATION_ITEM('')
);
#1238=(
BOUNDED_CURVE()
B_SPLINE_CURVE(2,(#10675,#10676,#10677),.UNSPECIFIED.,.F.,.F.)
B_SPLINE_CURVE_WITH_KNOTS((3,3),(0.,0.4000982395479),.UNSPECIFIED.)
CURVE()
GEOMETRIC_REPRESENTATION_ITEM()
RATIONAL_B_SPLINE_CURVE((1.,1.,1.))
REPRESENTATION_ITEM('')
);
#1239=(
BOUNDED_CURVE()
B_SPLINE_CURVE(2,(#10680,#10681,#10682),.UNSPECIFIED.,.F.,.F.)
B_SPLINE_CURVE_WITH_KNOTS((3,3),(0.,0.400098183158527),.UNSPECIFIED.)
CURVE()
GEOMETRIC_REPRESENTATION_ITEM()
RATIONAL_B_SPLINE_CURVE((1.,1.,1.))
REPRESENTATION_ITEM('')
);
#1240=(
BOUNDED_CURVE()
B_SPLINE_CURVE(2,(#10684,#10685,#10686),.UNSPECIFIED.,.F.,.F.)
B_SPLINE_CURVE_WITH_KNOTS((3,3),(0.,0.4000982395479),.UNSPECIFIED.)
CURVE()
GEOMETRIC_REPRESENTATION_ITEM()
RATIONAL_B_SPLINE_CURVE((1.,1.,1.))
REPRESENTATION_ITEM('')
);
#1241=(
BOUNDED_CURVE()
B_SPLINE_CURVE(2,(#10689,#10690,#10691),.UNSPECIFIED.,.F.,.F.)
B_SPLINE_CURVE_WITH_KNOTS((3,3),(0.,0.4000982395479),.UNSPECIFIED.)
CURVE()
GEOMETRIC_REPRESENTATION_ITEM()
RATIONAL_B_SPLINE_CURVE((1.,1.,1.))
REPRESENTATION_ITEM('')
);
#1242=(
BOUNDED_CURVE()
B_SPLINE_CURVE(2,(#10698,#10699,#10700),.UNSPECIFIED.,.F.,.F.)
B_SPLINE_CURVE_WITH_KNOTS((3,3),(-0.441118052368222,-0.0411097392117238),
 .UNSPECIFIED.)
CURVE()
GEOMETRIC_REPRESENTATION_ITEM()
RATIONAL_B_SPLINE_CURVE((1.00000000094562,1.0000000053719,1.00000000099305))
REPRESENTATION_ITEM('')
);
#1243=(
BOUNDED_CURVE()
B_SPLINE_CURVE(2,(#10707,#10708,#10709),.UNSPECIFIED.,.F.,.F.)
B_SPLINE_CURVE_WITH_KNOTS((3,3),(0.,0.400098183210297),.UNSPECIFIED.)
CURVE()
GEOMETRIC_REPRESENTATION_ITEM()
RATIONAL_B_SPLINE_CURVE((1.,1.,1.))
REPRESENTATION_ITEM('')
);
#1244=(
BOUNDED_CURVE()
B_SPLINE_CURVE(2,(#10722,#10723,#10724),.UNSPECIFIED.,.F.,.F.)
B_SPLINE_CURVE_WITH_KNOTS((3,3),(0.,0.400098183106756),.UNSPECIFIED.)
CURVE()
GEOMETRIC_REPRESENTATION_ITEM()
RATIONAL_B_SPLINE_CURVE((1.,1.,1.))
REPRESENTATION_ITEM('')
);
#1245=(
BOUNDED_CURVE()
B_SPLINE_CURVE(2,(#10729,#10730,#10731),.UNSPECIFIED.,.F.,.F.)
B_SPLINE_CURVE_WITH_KNOTS((3,3),(0.,0.400098204524299),.UNSPECIFIED.)
CURVE()
GEOMETRIC_REPRESENTATION_ITEM()
RATIONAL_B_SPLINE_CURVE((1.,1.,1.))
REPRESENTATION_ITEM('')
);
#1246=(
BOUNDED_CURVE()
B_SPLINE_CURVE(2,(#10737,#10738,#10739),.UNSPECIFIED.,.F.,.F.)
B_SPLINE_CURVE_WITH_KNOTS((3,3),(0.,0.40009816180205),.UNSPECIFIED.)
CURVE()
GEOMETRIC_REPRESENTATION_ITEM()
RATIONAL_B_SPLINE_CURVE((1.,1.,1.))
REPRESENTATION_ITEM('')
);
#1247=(
BOUNDED_CURVE()
B_SPLINE_CURVE(2,(#10750,#10751,#10752),.UNSPECIFIED.,.F.,.F.)
B_SPLINE_CURVE_WITH_KNOTS((3,3),(-0.441118041961982,-0.041109728617265),
 .UNSPECIFIED.)
CURVE()
GEOMETRIC_REPRESENTATION_ITEM()
RATIONAL_B_SPLINE_CURVE((0.999999998897994,0.999999993739716,0.999999998842724))
REPRESENTATION_ITEM('')
);
#1248=(
BOUNDED_CURVE()
B_SPLINE_CURVE(2,(#10756,#10757,#10758),.UNSPECIFIED.,.F.,.F.)
B_SPLINE_CURVE_WITH_KNOTS((3,3),(-0.441118041963193,-0.0411097286132702),
 .UNSPECIFIED.)
CURVE()
GEOMETRIC_REPRESENTATION_ITEM()
RATIONAL_B_SPLINE_CURVE((0.999999998910371,0.999999993810028,0.999999998855722))
REPRESENTATION_ITEM('')
);
#1249=(
BOUNDED_CURVE()
B_SPLINE_CURVE(2,(#11479,#11480,#11481),.UNSPECIFIED.,.F.,.F.)
B_SPLINE_CURVE_WITH_KNOTS((3,3),(95.4005352651829,95.9161719525958),
 .UNSPECIFIED.)
CURVE()
GEOMETRIC_REPRESENTATION_ITEM()
RATIONAL_B_SPLINE_CURVE((1.,1.,1.))
REPRESENTATION_ITEM('')
);
#1250=(
BOUNDED_CURVE()
B_SPLINE_CURVE(2,(#11487,#11488,#11489),.UNSPECIFIED.,.F.,.F.)
B_SPLINE_CURVE_WITH_KNOTS((3,3),(95.4005352655938,95.9161719530496),
 .UNSPECIFIED.)
CURVE()
GEOMETRIC_REPRESENTATION_ITEM()
RATIONAL_B_SPLINE_CURVE((1.,1.,1.))
REPRESENTATION_ITEM('')
);
#1251=(
BOUNDED_CURVE()
B_SPLINE_CURVE(2,(#11516,#11517,#11518),.UNSPECIFIED.,.F.,.F.)
B_SPLINE_CURVE_WITH_KNOTS((3,3),(95.4005352651829,95.9161719525958),
 .UNSPECIFIED.)
CURVE()
GEOMETRIC_REPRESENTATION_ITEM()
RATIONAL_B_SPLINE_CURVE((1.,1.,1.))
REPRESENTATION_ITEM('')
);
#1252=(
BOUNDED_CURVE()
B_SPLINE_CURVE(2,(#11524,#11525,#11526),.UNSPECIFIED.,.F.,.F.)
B_SPLINE_CURVE_WITH_KNOTS((3,3),(95.4005352655999,95.9161719530556),
 .UNSPECIFIED.)
CURVE()
GEOMETRIC_REPRESENTATION_ITEM()
RATIONAL_B_SPLINE_CURVE((1.,1.,1.))
REPRESENTATION_ITEM('')
);
#1253=(
BOUNDED_CURVE()
B_SPLINE_CURVE(2,(#11550,#11551,#11552),.UNSPECIFIED.,.F.,.F.)
B_SPLINE_CURVE_WITH_KNOTS((3,3),(95.4005352651829,95.9161719525958),
 .UNSPECIFIED.)
CURVE()
GEOMETRIC_REPRESENTATION_ITEM()
RATIONAL_B_SPLINE_CURVE((1.,1.,1.))
REPRESENTATION_ITEM('')
);
#1254=(
BOUNDED_CURVE()
B_SPLINE_CURVE(2,(#11558,#11559,#11560),.UNSPECIFIED.,.F.,.F.)
B_SPLINE_CURVE_WITH_KNOTS((3,3),(95.4005352655999,95.9161719530556),
 .UNSPECIFIED.)
CURVE()
GEOMETRIC_REPRESENTATION_ITEM()
RATIONAL_B_SPLINE_CURVE((1.,1.,1.))
REPRESENTATION_ITEM('')
);
#1255=(
BOUNDED_CURVE()
B_SPLINE_CURVE(2,(#11591,#11592,#11593),.UNSPECIFIED.,.F.,.F.)
B_SPLINE_CURVE_WITH_KNOTS((3,3),(95.4005352651824,95.9161719525959),
 .UNSPECIFIED.)
CURVE()
GEOMETRIC_REPRESENTATION_ITEM()
RATIONAL_B_SPLINE_CURVE((1.,1.,1.))
REPRESENTATION_ITEM('')
);
#1256=(
BOUNDED_CURVE()
B_SPLINE_CURVE(2,(#11597,#11598,#11599),.UNSPECIFIED.,.F.,.F.)
B_SPLINE_CURVE_WITH_KNOTS((3,3),(95.4005352655999,95.9161719530556),
 .UNSPECIFIED.)
CURVE()
GEOMETRIC_REPRESENTATION_ITEM()
RATIONAL_B_SPLINE_CURVE((1.,1.,1.))
REPRESENTATION_ITEM('')
);
#1257=LINE('',#8710,#1815);
#1258=LINE('',#8716,#1816);
#1259=LINE('',#8719,#1817);
#1260=LINE('',#8725,#1818);
#1261=LINE('',#8731,#1819);
#1262=LINE('',#8737,#1820);
#1263=LINE('',#8743,#1821);
#1264=LINE('',#8750,#1822);
#1265=LINE('',#8755,#1823);
#1266=LINE('',#8761,#1824);
#1267=LINE('',#8767,#1825);
#1268=LINE('',#8773,#1826);
#1269=LINE('',#8776,#1827);
#1270=LINE('',#8778,#1828);
#1271=LINE('',#8784,#1829);
#1272=LINE('',#8824,#1830);
#1273=LINE('',#8826,#1831);
#1274=LINE('',#8827,#1832);
#1275=LINE('',#8830,#1833);
#1276=LINE('',#8834,#1834);
#1277=LINE('',#8837,#1835);
#1278=LINE('',#8840,#1836);
#1279=LINE('',#8842,#1837);
#1280=LINE('',#8849,#1838);
#1281=LINE('',#8852,#1839);
#1282=LINE('',#8893,#1840);
#1283=LINE('',#8895,#1841);
#1284=LINE('',#8897,#1842);
#1285=LINE('',#8899,#1843);
#1286=LINE('',#8901,#1844);
#1287=LINE('',#8903,#1845);
#1288=LINE('',#8905,#1846);
#1289=LINE('',#8906,#1847);
#1290=LINE('',#8909,#1848);
#1291=LINE('',#8911,#1849);
#1292=LINE('',#8912,#1850);
#1293=LINE('',#8915,#1851);
#1294=LINE('',#8916,#1852);
#1295=LINE('',#8919,#1853);
#1296=LINE('',#8920,#1854);
#1297=LINE('',#8923,#1855);
#1298=LINE('',#8924,#1856);
#1299=LINE('',#8927,#1857);
#1300=LINE('',#8928,#1858);
#1301=LINE('',#8931,#1859);
#1302=LINE('',#8932,#1860);
#1303=LINE('',#8935,#1861);
#1304=LINE('',#8936,#1862);
#1305=LINE('',#8938,#1863);
#1306=LINE('',#8942,#1864);
#1307=LINE('',#8944,#1865);
#1308=LINE('',#8946,#1866);
#1309=LINE('',#8948,#1867);
#1310=LINE('',#8950,#1868);
#1311=LINE('',#8952,#1869);
#1312=LINE('',#8954,#1870);
#1313=LINE('',#8956,#1871);
#1314=LINE('',#8958,#1872);
#1315=LINE('',#8960,#1873);
#1316=LINE('',#8962,#1874);
#1317=LINE('',#8963,#1875);
#1318=LINE('',#8966,#1876);
#1319=LINE('',#8968,#1877);
#1320=LINE('',#8969,#1878);
#1321=LINE('',#8972,#1879);
#1322=LINE('',#8973,#1880);
#1323=LINE('',#8976,#1881);
#1324=LINE('',#8977,#1882);
#1325=LINE('',#8980,#1883);
#1326=LINE('',#8981,#1884);
#1327=LINE('',#8984,#1885);
#1328=LINE('',#8985,#1886);
#1329=LINE('',#8988,#1887);
#1330=LINE('',#8989,#1888);
#1331=LINE('',#8992,#1889);
#1332=LINE('',#8993,#1890);
#1333=LINE('',#8996,#1891);
#1334=LINE('',#8997,#1892);
#1335=LINE('',#9000,#1893);
#1336=LINE('',#9001,#1894);
#1337=LINE('',#9004,#1895);
#1338=LINE('',#9005,#1896);
#1339=LINE('',#9008,#1897);
#1340=LINE('',#9009,#1898);
#1341=LINE('',#9011,#1899);
#1342=LINE('',#9015,#1900);
#1343=LINE('',#9017,#1901);
#1344=LINE('',#9019,#1902);
#1345=LINE('',#9021,#1903);
#1346=LINE('',#9023,#1904);
#1347=LINE('',#9025,#1905);
#1348=LINE('',#9027,#1906);
#1349=LINE('',#9028,#1907);
#1350=LINE('',#9031,#1908);
#1351=LINE('',#9033,#1909);
#1352=LINE('',#9035,#1910);
#1353=LINE('',#9047,#1911);
#1354=LINE('',#9049,#1912);
#1355=LINE('',#9050,#1913);
#1356=LINE('',#9053,#1914);
#1357=LINE('',#9054,#1915);
#1358=LINE('',#9057,#1916);
#1359=LINE('',#9058,#1917);
#1360=LINE('',#9061,#1918);
#1361=LINE('',#9063,#1919);
#1362=LINE('',#9064,#1920);
#1363=LINE('',#9067,#1921);
#1364=LINE('',#9068,#1922);
#1365=LINE('',#9071,#1923);
#1366=LINE('',#9072,#1924);
#1367=LINE('',#9075,#1925);
#1368=LINE('',#9076,#1926);
#1369=LINE('',#9084,#1927);
#1370=LINE('',#9099,#1928);
#1371=LINE('',#9100,#1929);
#1372=LINE('',#9103,#1930);
#1373=LINE('',#9104,#1931);
#1374=LINE('',#9107,#1932);
#1375=LINE('',#9108,#1933);
#1376=LINE('',#9110,#1934);
#1377=LINE('',#9114,#1935);
#1378=LINE('',#9116,#1936);
#1379=LINE('',#9118,#1937);
#1380=LINE('',#9120,#1938);
#1381=LINE('',#9122,#1939);
#1382=LINE('',#9124,#1940);
#1383=LINE('',#9126,#1941);
#1384=LINE('',#9128,#1942);
#1385=LINE('',#9130,#1943);
#1386=LINE('',#9132,#1944);
#1387=LINE('',#9144,#1945);
#1388=LINE('',#9146,#1946);
#1389=LINE('',#9147,#1947);
#1390=LINE('',#9150,#1948);
#1391=LINE('',#9152,#1949);
#1392=LINE('',#9153,#1950);
#1393=LINE('',#9156,#1951);
#1394=LINE('',#9157,#1952);
#1395=LINE('',#9160,#1953);
#1396=LINE('',#9161,#1954);
#1397=LINE('',#9164,#1955);
#1398=LINE('',#9165,#1956);
#1399=LINE('',#9168,#1957);
#1400=LINE('',#9169,#1958);
#1401=LINE('',#9172,#1959);
#1402=LINE('',#9173,#1960);
#1403=LINE('',#9176,#1961);
#1404=LINE('',#9177,#1962);
#1405=LINE('',#9180,#1963);
#1406=LINE('',#9181,#1964);
#1407=LINE('',#9184,#1965);
#1408=LINE('',#9185,#1966);
#1409=LINE('',#9188,#1967);
#1410=LINE('',#9189,#1968);
#1411=LINE('',#9200,#1969);
#1412=LINE('',#9211,#1970);
#1413=LINE('',#9214,#1971);
#1414=LINE('',#9215,#1972);
#1415=LINE('',#9218,#1973);
#1416=LINE('',#9219,#1974);
#1417=LINE('',#9221,#1975);
#1418=LINE('',#9225,#1976);
#1419=LINE('',#9227,#1977);
#1420=LINE('',#9229,#1978);
#1421=LINE('',#9231,#1979);
#1422=LINE('',#9233,#1980);
#1423=LINE('',#9235,#1981);
#1424=LINE('',#9237,#1982);
#1425=LINE('',#9239,#1983);
#1426=LINE('',#9241,#1984);
#1427=LINE('',#9243,#1985);
#1428=LINE('',#9255,#1986);
#1429=LINE('',#9257,#1987);
#1430=LINE('',#9258,#1988);
#1431=LINE('',#9261,#1989);
#1432=LINE('',#9263,#1990);
#1433=LINE('',#9264,#1991);
#1434=LINE('',#9267,#1992);
#1435=LINE('',#9268,#1993);
#1436=LINE('',#9271,#1994);
#1437=LINE('',#9272,#1995);
#1438=LINE('',#9275,#1996);
#1439=LINE('',#9276,#1997);
#1440=LINE('',#9279,#1998);
#1441=LINE('',#9280,#1999);
#1442=LINE('',#9283,#2000);
#1443=LINE('',#9284,#2001);
#1444=LINE('',#9287,#2002);
#1445=LINE('',#9288,#2003);
#1446=LINE('',#9291,#2004);
#1447=LINE('',#9292,#2005);
#1448=LINE('',#9295,#2006);
#1449=LINE('',#9296,#2007);
#1450=LINE('',#9299,#2008);
#1451=LINE('',#9300,#2009);
#1452=LINE('',#9311,#2010);
#1453=LINE('',#9322,#2011);
#1454=LINE('',#9325,#2012);
#1455=LINE('',#9326,#2013);
#1456=LINE('',#9329,#2014);
#1457=LINE('',#9330,#2015);
#1458=LINE('',#9332,#2016);
#1459=LINE('',#9419,#2017);
#1460=LINE('',#9425,#2018);
#1461=LINE('',#9435,#2019);
#1462=LINE('',#9451,#2020);
#1463=LINE('',#9458,#2021);
#1464=LINE('',#9470,#2022);
#1465=LINE('',#9487,#2023);
#1466=LINE('',#9521,#2024);
#1467=LINE('',#9537,#2025);
#1468=LINE('',#9539,#2026);
#1469=LINE('',#9541,#2027);
#1470=LINE('',#9543,#2028);
#1471=LINE('',#9545,#2029);
#1472=LINE('',#9547,#2030);
#1473=LINE('',#9549,#2031);
#1474=LINE('',#9551,#2032);
#1475=LINE('',#9553,#2033);
#1476=LINE('',#9554,#2034);
#1477=LINE('',#9557,#2035);
#1478=LINE('',#9559,#2036);
#1479=LINE('',#9560,#2037);
#1480=LINE('',#9563,#2038);
#1481=LINE('',#9564,#2039);
#1482=LINE('',#9567,#2040);
#1483=LINE('',#9568,#2041);
#1484=LINE('',#9571,#2042);
#1485=LINE('',#9572,#2043);
#1486=LINE('',#9575,#2044);
#1487=LINE('',#9576,#2045);
#1488=LINE('',#9579,#2046);
#1489=LINE('',#9580,#2047);
#1490=LINE('',#9583,#2048);
#1491=LINE('',#9584,#2049);
#1492=LINE('',#9587,#2050);
#1493=LINE('',#9588,#2051);
#1494=LINE('',#9591,#2052);
#1495=LINE('',#9592,#2053);
#1496=LINE('',#9594,#2054);
#1497=LINE('',#9598,#2055);
#1498=LINE('',#9635,#2056);
#1499=LINE('',#9636,#2057);
#1500=LINE('',#9648,#2058);
#1501=LINE('',#9650,#2059);
#1502=LINE('',#9652,#2060);
#1503=LINE('',#9675,#2061);
#1504=LINE('',#9677,#2062);
#1505=LINE('',#9678,#2063);
#1506=LINE('',#9681,#2064);
#1507=LINE('',#9682,#2065);
#1508=LINE('',#9685,#2066);
#1509=LINE('',#9686,#2067);
#1510=LINE('',#9696,#2068);
#1511=LINE('',#9708,#2069);
#1512=LINE('',#9713,#2070);
#1513=LINE('',#9723,#2071);
#1514=LINE('',#9743,#2072);
#1515=LINE('',#9753,#2073);
#1516=LINE('',#9754,#2074);
#1517=LINE('',#9764,#2075);
#1518=LINE('',#9778,#2076);
#1519=LINE('',#9802,#2077);
#1520=LINE('',#9805,#2078);
#1521=LINE('',#9806,#2079);
#1522=LINE('',#9808,#2080);
#1523=LINE('',#9812,#2081);
#1524=LINE('',#9814,#2082);
#1525=LINE('',#9824,#2083);
#1526=LINE('',#9834,#2084);
#1527=LINE('',#9835,#2085);
#1528=LINE('',#9838,#2086);
#1529=LINE('',#9840,#2087);
#1530=LINE('',#9841,#2088);
#1531=LINE('',#9851,#2089);
#1532=LINE('',#9858,#2090);
#1533=LINE('',#9859,#2091);
#1534=LINE('',#9862,#2092);
#1535=LINE('',#9863,#2093);
#1536=LINE('',#9877,#2094);
#1537=LINE('',#9880,#2095);
#1538=LINE('',#9881,#2096);
#1539=LINE('',#9883,#2097);
#1540=LINE('',#9920,#2098);
#1541=LINE('',#9922,#2099);
#1542=LINE('',#9924,#2100);
#1543=LINE('',#9926,#2101);
#1544=LINE('',#9928,#2102);
#1545=LINE('',#9930,#2103);
#1546=LINE('',#9963,#2104);
#1547=LINE('',#9966,#2105);
#1548=LINE('',#9968,#2106);
#1549=LINE('',#9969,#2107);
#1550=LINE('',#9972,#2108);
#1551=LINE('',#9973,#2109);
#1552=LINE('',#9976,#2110);
#1553=LINE('',#9977,#2111);
#1554=LINE('',#9985,#2112);
#1555=LINE('',#9998,#2113);
#1556=LINE('',#10010,#2114);
#1557=LINE('',#10021,#2115);
#1558=LINE('',#10034,#2116);
#1559=LINE('',#10041,#2117);
#1560=LINE('',#10042,#2118);
#1561=LINE('',#10045,#2119);
#1562=LINE('',#10046,#2120);
#1563=LINE('',#10049,#2121);
#1564=LINE('',#10050,#2122);
#1565=LINE('',#10064,#2123);
#1566=LINE('',#10078,#2124);
#1567=LINE('',#10092,#2125);
#1568=LINE('',#10106,#2126);
#1569=LINE('',#10108,#2127);
#1570=LINE('',#10145,#2128);
#1571=LINE('',#10147,#2129);
#1572=LINE('',#10149,#2130);
#1573=LINE('',#10151,#2131);
#1574=LINE('',#10153,#2132);
#1575=LINE('',#10155,#2133);
#1576=LINE('',#10189,#2134);
#1577=LINE('',#10192,#2135);
#1578=LINE('',#10194,#2136);
#1579=LINE('',#10195,#2137);
#1580=LINE('',#10198,#2138);
#1581=LINE('',#10199,#2139);
#1582=LINE('',#10202,#2140);
#1583=LINE('',#10203,#2141);
#1584=LINE('',#10211,#2142);
#1585=LINE('',#10224,#2143);
#1586=LINE('',#10236,#2144);
#1587=LINE('',#10247,#2145);
#1588=LINE('',#10260,#2146);
#1589=LINE('',#10267,#2147);
#1590=LINE('',#10268,#2148);
#1591=LINE('',#10271,#2149);
#1592=LINE('',#10272,#2150);
#1593=LINE('',#10275,#2151);
#1594=LINE('',#10276,#2152);
#1595=LINE('',#10290,#2153);
#1596=LINE('',#10304,#2154);
#1597=LINE('',#10318,#2155);
#1598=LINE('',#10332,#2156);
#1599=LINE('',#10334,#2157);
#1600=LINE('',#10338,#2158);
#1601=LINE('',#10340,#2159);
#1602=LINE('',#10350,#2160);
#1603=LINE('',#10360,#2161);
#1604=LINE('',#10361,#2162);
#1605=LINE('',#10364,#2163);
#1606=LINE('',#10366,#2164);
#1607=LINE('',#10367,#2165);
#1608=LINE('',#10377,#2166);
#1609=LINE('',#10384,#2167);
#1610=LINE('',#10385,#2168);
#1611=LINE('',#10388,#2169);
#1612=LINE('',#10389,#2170);
#1613=LINE('',#10403,#2171);
#1614=LINE('',#10406,#2172);
#1615=LINE('',#10407,#2173);
#1616=LINE('',#10409,#2174);
#1617=LINE('',#10412,#2175);
#1618=LINE('',#10422,#2176);
#1619=LINE('',#10426,#2177);
#1620=LINE('',#10430,#2178);
#1621=LINE('',#10434,#2179);
#1622=LINE('',#10447,#2180);
#1623=LINE('',#10451,#2181);
#1624=LINE('',#10455,#2182);
#1625=LINE('',#10459,#2183);
#1626=LINE('',#10472,#2184);
#1627=LINE('',#10475,#2185);
#1628=LINE('',#10540,#2186);
#1629=LINE('',#10541,#2187);
#1630=LINE('',#10546,#2188);
#1631=LINE('',#10547,#2189);
#1632=LINE('',#10609,#2190);
#1633=LINE('',#10610,#2191);
#1634=LINE('',#10613,#2192);
#1635=LINE('',#10616,#2193);
#1636=LINE('',#10619,#2194);
#1637=LINE('',#10620,#2195);
#1638=LINE('',#10623,#2196);
#1639=LINE('',#10627,#2197);
#1640=LINE('',#10628,#2198);
#1641=LINE('',#10636,#2199);
#1642=LINE('',#10643,#2200);
#1643=LINE('',#10654,#2201);
#1644=LINE('',#10661,#2202);
#1645=LINE('',#10673,#2203);
#1646=LINE('',#10694,#2204);
#1647=LINE('',#10695,#2205);
#1648=LINE('',#10701,#2206);
#1649=LINE('',#10711,#2207);
#1650=LINE('',#10712,#2208);
#1651=LINE('',#10718,#2209);
#1652=LINE('',#10725,#2210);
#1653=LINE('',#10733,#2211);
#1654=LINE('',#10734,#2212);
#1655=LINE('',#10741,#2213);
#1656=LINE('',#10742,#2214);
#1657=LINE('',#10749,#2215);
#1658=LINE('',#10760,#2216);
#1659=LINE('',#10769,#2217);
#1660=LINE('',#10775,#2218);
#1661=LINE('',#10786,#2219);
#1662=LINE('',#10792,#2220);
#1663=LINE('',#10801,#2221);
#1664=LINE('',#10879,#2222);
#1665=LINE('',#10880,#2223);
#1666=LINE('',#10933,#2224);
#1667=LINE('',#10937,#2225);
#1668=LINE('',#10940,#2226);
#1669=LINE('',#10942,#2227);
#1670=LINE('',#10944,#2228);
#1671=LINE('',#10973,#2229);
#1672=LINE('',#10974,#2230);
#1673=LINE('',#10996,#2231);
#1674=LINE('',#10999,#2232);
#1675=LINE('',#11002,#2233);
#1676=LINE('',#11003,#2234);
#1677=LINE('',#11006,#2235);
#1678=LINE('',#11010,#2236);
#1679=LINE('',#11016,#2237);
#1680=LINE('',#11044,#2238);
#1681=LINE('',#11045,#2239);
#1682=LINE('',#11069,#2240);
#1683=LINE('',#11073,#2241);
#1684=LINE('',#11076,#2242);
#1685=LINE('',#11080,#2243);
#1686=LINE('',#11084,#2244);
#1687=LINE('',#11088,#2245);
#1688=LINE('',#11092,#2246);
#1689=LINE('',#11096,#2247);
#1690=LINE('',#11100,#2248);
#1691=LINE('',#11104,#2249);
#1692=LINE('',#11108,#2250);
#1693=LINE('',#11111,#2251);
#1694=LINE('',#11114,#2252);
#1695=LINE('',#11129,#2253);
#1696=LINE('',#11141,#2254);
#1697=LINE('',#11142,#2255);
#1698=LINE('',#11167,#2256);
#1699=LINE('',#11168,#2257);
#1700=LINE('',#11185,#2258);
#1701=LINE('',#11186,#2259);
#1702=LINE('',#11197,#2260);
#1703=LINE('',#11198,#2261);
#1704=LINE('',#11212,#2262);
#1705=LINE('',#11216,#2263);
#1706=LINE('',#11220,#2264);
#1707=LINE('',#11224,#2265);
#1708=LINE('',#11230,#2266);
#1709=LINE('',#11241,#2267);
#1710=LINE('',#11243,#2268);
#1711=LINE('',#11244,#2269);
#1712=LINE('',#11246,#2270);
#1713=LINE('',#11251,#2271);
#1714=LINE('',#11262,#2272);
#1715=LINE('',#11264,#2273);
#1716=LINE('',#11265,#2274);
#1717=LINE('',#11267,#2275);
#1718=LINE('',#11269,#2276);
#1719=LINE('',#11271,#2277);
#1720=LINE('',#11273,#2278);
#1721=LINE('',#11275,#2279);
#1722=LINE('',#11278,#2280);
#1723=LINE('',#11282,#2281);
#1724=LINE('',#11288,#2282);
#1725=LINE('',#11292,#2283);
#1726=LINE('',#11298,#2284);
#1727=LINE('',#11304,#2285);
#1728=LINE('',#11311,#2286);
#1729=LINE('',#11317,#2287);
#1730=LINE('',#11321,#2288);
#1731=LINE('',#11325,#2289);
#1732=LINE('',#11329,#2290);
#1733=LINE('',#11336,#2291);
#1734=LINE('',#11339,#2292);
#1735=LINE('',#11356,#2293);
#1736=LINE('',#11357,#2294);
#1737=LINE('',#11362,#2295);
#1738=LINE('',#11363,#2296);
#1739=LINE('',#11377,#2297);
#1740=LINE('',#11378,#2298);
#1741=LINE('',#11380,#2299);
#1742=LINE('',#11381,#2300);
#1743=LINE('',#11383,#2301);
#1744=LINE('',#11385,#2302);
#1745=LINE('',#11387,#2303);
#1746=LINE('',#11391,#2304);
#1747=LINE('',#11395,#2305);
#1748=LINE('',#11399,#2306);
#1749=LINE('',#11403,#2307);
#1750=LINE('',#11410,#2308);
#1751=LINE('',#11422,#2309);
#1752=LINE('',#11426,#2310);
#1753=LINE('',#11436,#2311);
#1754=LINE('',#11438,#2312);
#1755=LINE('',#11439,#2313);
#1756=LINE('',#11441,#2314);
#1757=LINE('',#11443,#2315);
#1758=LINE('',#11445,#2316);
#1759=LINE('',#11447,#2317);
#1760=LINE('',#11449,#2318);
#1761=LINE('',#11451,#2319);
#1762=LINE('',#11454,#2320);
#1763=LINE('',#11456,#2321);
#1764=LINE('',#11458,#2322);
#1765=LINE('',#11461,#2323);
#1766=LINE('',#11463,#2324);
#1767=LINE('',#11469,#2325);
#1768=LINE('',#11471,#2326);
#1769=LINE('',#11473,#2327);
#1770=LINE('',#11474,#2328);
#1771=LINE('',#11477,#2329);
#1772=LINE('',#11482,#2330);
#1773=LINE('',#11493,#2331);
#1774=LINE('',#11495,#2332);
#1775=LINE('',#11496,#2333);
#1776=LINE('',#11499,#2334);
#1777=LINE('',#11501,#2335);
#1778=LINE('',#11502,#2336);
#1779=LINE('',#11506,#2337);
#1780=LINE('',#11508,#2338);
#1781=LINE('',#11510,#2339);
#1782=LINE('',#11511,#2340);
#1783=LINE('',#11514,#2341);
#1784=LINE('',#11519,#2342);
#1785=LINE('',#11530,#2343);
#1786=LINE('',#11532,#2344);
#1787=LINE('',#11533,#2345);
#1788=LINE('',#11535,#2346);
#1789=LINE('',#11536,#2347);
#1790=LINE('',#11540,#2348);
#1791=LINE('',#11542,#2349);
#1792=LINE('',#11544,#2350);
#1793=LINE('',#11545,#2351);
#1794=LINE('',#11548,#2352);
#1795=LINE('',#11553,#2353);
#1796=LINE('',#11564,#2354);
#1797=LINE('',#11566,#2355);
#1798=LINE('',#11567,#2356);
#1799=LINE('',#11569,#2357);
#1800=LINE('',#11570,#2358);
#1801=LINE('',#11577,#2359);
#1802=LINE('',#11579,#2360);
#1803=LINE('',#11583,#2361);
#1804=LINE('',#11584,#2362);
#1805=LINE('',#11587,#2363);
#1806=LINE('',#11588,#2364);
#1807=LINE('',#11594,#2365);
#1808=LINE('',#11603,#2366);
#1809=LINE('',#11604,#2367);
#1810=LINE('',#11606,#2368);
#1811=LINE('',#11614,#2369);
#1812=LINE('',#11623,#2370);
#1813=LINE('',#11630,#2371);
#1814=LINE('',#11632,#2372);
#1815=VECTOR('',#7048,10.);
#1816=VECTOR('',#7049,10.);
#1817=VECTOR('',#7052,10.);
#1818=VECTOR('',#7057,10.);
#1819=VECTOR('',#7058,10.);
#1820=VECTOR('',#7059,10.);
#1821=VECTOR('',#7064,10.);
#1822=VECTOR('',#7065,10.);
#1823=VECTOR('',#7066,10.);
#1824=VECTOR('',#7071,10.);
#1825=VECTOR('',#7072,10.);
#1826=VECTOR('',#7073,10.);
#1827=VECTOR('',#7076,10.);
#1828=VECTOR('',#7077,10.);
#1829=VECTOR('',#7078,10.);
#1830=VECTOR('',#7081,10.);
#1831=VECTOR('',#7082,10.);
#1832=VECTOR('',#7083,10.);
#1833=VECTOR('',#7086,10.);
#1834=VECTOR('',#7091,10.);
#1835=VECTOR('',#7094,10.);
#1836=VECTOR('',#7097,10.);
#1837=VECTOR('',#7098,10.);
#1838=VECTOR('',#7101,10.);
#1839=VECTOR('',#7104,10.);
#1840=VECTOR('',#7107,10.);
#1841=VECTOR('',#7108,10.);
#1842=VECTOR('',#7109,10.);
#1843=VECTOR('',#7110,10.);
#1844=VECTOR('',#7111,10.);
#1845=VECTOR('',#7112,10.);
#1846=VECTOR('',#7113,10.);
#1847=VECTOR('',#7114,10.);
#1848=VECTOR('',#7117,10.);
#1849=VECTOR('',#7118,10.);
#1850=VECTOR('',#7119,10.);
#1851=VECTOR('',#7122,10.);
#1852=VECTOR('',#7123,10.);
#1853=VECTOR('',#7126,10.);
#1854=VECTOR('',#7127,10.);
#1855=VECTOR('',#7130,10.);
#1856=VECTOR('',#7131,10.);
#1857=VECTOR('',#7134,10.);
#1858=VECTOR('',#7135,10.);
#1859=VECTOR('',#7138,10.);
#1860=VECTOR('',#7139,10.);
#1861=VECTOR('',#7142,10.);
#1862=VECTOR('',#7143,10.);
#1863=VECTOR('',#7146,10.);
#1864=VECTOR('',#7149,10.);
#1865=VECTOR('',#7150,10.);
#1866=VECTOR('',#7151,10.);
#1867=VECTOR('',#7152,10.);
#1868=VECTOR('',#7153,10.);
#1869=VECTOR('',#7154,10.);
#1870=VECTOR('',#7155,10.);
#1871=VECTOR('',#7156,10.);
#1872=VECTOR('',#7157,10.);
#1873=VECTOR('',#7158,10.);
#1874=VECTOR('',#7159,10.);
#1875=VECTOR('',#7160,10.);
#1876=VECTOR('',#7163,10.);
#1877=VECTOR('',#7164,10.);
#1878=VECTOR('',#7165,10.);
#1879=VECTOR('',#7168,10.);
#1880=VECTOR('',#7169,10.);
#1881=VECTOR('',#7172,10.);
#1882=VECTOR('',#7173,10.);
#1883=VECTOR('',#7176,10.);
#1884=VECTOR('',#7177,10.);
#1885=VECTOR('',#7180,10.);
#1886=VECTOR('',#7181,10.);
#1887=VECTOR('',#7184,10.);
#1888=VECTOR('',#7185,10.);
#1889=VECTOR('',#7188,10.);
#1890=VECTOR('',#7189,10.);
#1891=VECTOR('',#7192,10.);
#1892=VECTOR('',#7193,10.);
#1893=VECTOR('',#7196,10.);
#1894=VECTOR('',#7197,10.);
#1895=VECTOR('',#7200,10.);
#1896=VECTOR('',#7201,10.);
#1897=VECTOR('',#7204,10.);
#1898=VECTOR('',#7205,10.);
#1899=VECTOR('',#7208,10.);
#1900=VECTOR('',#7211,10.);
#1901=VECTOR('',#7212,10.);
#1902=VECTOR('',#7213,10.);
#1903=VECTOR('',#7214,10.);
#1904=VECTOR('',#7215,10.);
#1905=VECTOR('',#7216,10.);
#1906=VECTOR('',#7217,10.);
#1907=VECTOR('',#7218,10.);
#1908=VECTOR('',#7219,10.);
#1909=VECTOR('',#7220,10.);
#1910=VECTOR('',#7221,10.);
#1911=VECTOR('',#7224,10.);
#1912=VECTOR('',#7225,10.);
#1913=VECTOR('',#7226,10.);
#1914=VECTOR('',#7229,10.);
#1915=VECTOR('',#7230,10.);
#1916=VECTOR('',#7233,10.);
#1917=VECTOR('',#7234,10.);
#1918=VECTOR('',#7237,10.);
#1919=VECTOR('',#7238,10.);
#1920=VECTOR('',#7239,10.);
#1921=VECTOR('',#7242,10.);
#1922=VECTOR('',#7243,10.);
#1923=VECTOR('',#7246,10.);
#1924=VECTOR('',#7247,10.);
#1925=VECTOR('',#7250,10.);
#1926=VECTOR('',#7251,10.);
#1927=VECTOR('',#7252,10.);
#1928=VECTOR('',#7255,10.);
#1929=VECTOR('',#7256,10.);
#1930=VECTOR('',#7259,10.);
#1931=VECTOR('',#7260,10.);
#1932=VECTOR('',#7263,10.);
#1933=VECTOR('',#7264,10.);
#1934=VECTOR('',#7267,10.);
#1935=VECTOR('',#7270,10.);
#1936=VECTOR('',#7271,10.);
#1937=VECTOR('',#7272,10.);
#1938=VECTOR('',#7273,10.);
#1939=VECTOR('',#7274,10.);
#1940=VECTOR('',#7275,10.);
#1941=VECTOR('',#7276,10.);
#1942=VECTOR('',#7277,10.);
#1943=VECTOR('',#7278,10.);
#1944=VECTOR('',#7279,10.);
#1945=VECTOR('',#7280,10.);
#1946=VECTOR('',#7281,10.);
#1947=VECTOR('',#7282,10.);
#1948=VECTOR('',#7285,10.);
#1949=VECTOR('',#7286,10.);
#1950=VECTOR('',#7287,10.);
#1951=VECTOR('',#7290,10.);
#1952=VECTOR('',#7291,10.);
#1953=VECTOR('',#7294,10.);
#1954=VECTOR('',#7295,10.);
#1955=VECTOR('',#7298,10.);
#1956=VECTOR('',#7299,10.);
#1957=VECTOR('',#7302,10.);
#1958=VECTOR('',#7303,10.);
#1959=VECTOR('',#7306,10.);
#1960=VECTOR('',#7307,10.);
#1961=VECTOR('',#7310,10.);
#1962=VECTOR('',#7311,10.);
#1963=VECTOR('',#7314,10.);
#1964=VECTOR('',#7315,10.);
#1965=VECTOR('',#7318,10.);
#1966=VECTOR('',#7319,10.);
#1967=VECTOR('',#7322,10.);
#1968=VECTOR('',#7323,10.);
#1969=VECTOR('',#7324,10.);
#1970=VECTOR('',#7325,10.);
#1971=VECTOR('',#7328,10.);
#1972=VECTOR('',#7329,10.);
#1973=VECTOR('',#7332,10.);
#1974=VECTOR('',#7333,10.);
#1975=VECTOR('',#7336,10.);
#1976=VECTOR('',#7339,10.);
#1977=VECTOR('',#7340,10.);
#1978=VECTOR('',#7341,10.);
#1979=VECTOR('',#7342,10.);
#1980=VECTOR('',#7343,10.);
#1981=VECTOR('',#7344,10.);
#1982=VECTOR('',#7345,10.);
#1983=VECTOR('',#7346,10.);
#1984=VECTOR('',#7347,10.);
#1985=VECTOR('',#7348,10.);
#1986=VECTOR('',#7349,10.);
#1987=VECTOR('',#7350,10.);
#1988=VECTOR('',#7351,10.);
#1989=VECTOR('',#7354,10.);
#1990=VECTOR('',#7355,10.);
#1991=VECTOR('',#7356,10.);
#1992=VECTOR('',#7359,10.);
#1993=VECTOR('',#7360,10.);
#1994=VECTOR('',#7363,10.);
#1995=VECTOR('',#7364,10.);
#1996=VECTOR('',#7367,10.);
#1997=VECTOR('',#7368,10.);
#1998=VECTOR('',#7371,10.);
#1999=VECTOR('',#7372,10.);
#2000=VECTOR('',#7375,10.);
#2001=VECTOR('',#7376,10.);
#2002=VECTOR('',#7379,10.);
#2003=VECTOR('',#7380,10.);
#2004=VECTOR('',#7383,10.);
#2005=VECTOR('',#7384,10.);
#2006=VECTOR('',#7387,10.);
#2007=VECTOR('',#7388,10.);
#2008=VECTOR('',#7391,10.);
#2009=VECTOR('',#7392,10.);
#2010=VECTOR('',#7393,10.);
#2011=VECTOR('',#7394,10.);
#2012=VECTOR('',#7397,10.);
#2013=VECTOR('',#7398,10.);
#2014=VECTOR('',#7401,10.);
#2015=VECTOR('',#7402,10.);
#2016=VECTOR('',#7405,10.);
#2017=VECTOR('',#7408,10.);
#2018=VECTOR('',#7409,10.);
#2019=VECTOR('',#7410,10.);
#2020=VECTOR('',#7411,10.);
#2021=VECTOR('',#7412,10.);
#2022=VECTOR('',#7413,10.);
#2023=VECTOR('',#7414,10.);
#2024=VECTOR('',#7415,10.);
#2025=VECTOR('',#7418,10.);
#2026=VECTOR('',#7419,10.);
#2027=VECTOR('',#7420,10.);
#2028=VECTOR('',#7421,10.);
#2029=VECTOR('',#7422,10.);
#2030=VECTOR('',#7423,10.);
#2031=VECTOR('',#7424,10.);
#2032=VECTOR('',#7425,10.);
#2033=VECTOR('',#7426,10.);
#2034=VECTOR('',#7427,10.);
#2035=VECTOR('',#7430,10.);
#2036=VECTOR('',#7431,10.);
#2037=VECTOR('',#7432,10.);
#2038=VECTOR('',#7435,10.);
#2039=VECTOR('',#7436,10.);
#2040=VECTOR('',#7439,10.);
#2041=VECTOR('',#7440,10.);
#2042=VECTOR('',#7443,10.);
#2043=VECTOR('',#7444,10.);
#2044=VECTOR('',#7447,10.);
#2045=VECTOR('',#7448,10.);
#2046=VECTOR('',#7451,10.);
#2047=VECTOR('',#7452,10.);
#2048=VECTOR('',#7455,10.);
#2049=VECTOR('',#7456,10.);
#2050=VECTOR('',#7459,10.);
#2051=VECTOR('',#7460,10.);
#2052=VECTOR('',#7463,10.);
#2053=VECTOR('',#7464,10.);
#2054=VECTOR('',#7467,10.);
#2055=VECTOR('',#7470,10.);
#2056=VECTOR('',#7471,10.);
#2057=VECTOR('',#7472,10.);
#2058=VECTOR('',#7473,10.);
#2059=VECTOR('',#7474,10.);
#2060=VECTOR('',#7475,10.);
#2061=VECTOR('',#7478,10.);
#2062=VECTOR('',#7479,10.);
#2063=VECTOR('',#7480,10.);
#2064=VECTOR('',#7483,10.);
#2065=VECTOR('',#7484,10.);
#2066=VECTOR('',#7487,10.);
#2067=VECTOR('',#7488,10.);
#2068=VECTOR('',#7489,10.);
#2069=VECTOR('',#7490,10.);
#2070=VECTOR('',#7491,10.);
#2071=VECTOR('',#7492,10.);
#2072=VECTOR('',#7493,10.);
#2073=VECTOR('',#7496,10.);
#2074=VECTOR('',#7497,10.);
#2075=VECTOR('',#7498,10.);
#2076=VECTOR('',#7499,10.);
#2077=VECTOR('',#7500,10.);
#2078=VECTOR('',#7503,10.);
#2079=VECTOR('',#7504,10.);
#2080=VECTOR('',#7507,10.);
#2081=VECTOR('',#7510,10.);
#2082=VECTOR('',#7511,10.);
#2083=VECTOR('',#7512,10.);
#2084=VECTOR('',#7513,10.);
#2085=VECTOR('',#7514,10.);
#2086=VECTOR('',#7517,10.);
#2087=VECTOR('',#7518,10.);
#2088=VECTOR('',#7519,10.);
#2089=VECTOR('',#7520,10.);
#2090=VECTOR('',#7523,10.);
#2091=VECTOR('',#7524,10.);
#2092=VECTOR('',#7527,10.);
#2093=VECTOR('',#7528,10.);
#2094=VECTOR('',#7529,10.);
#2095=VECTOR('',#7532,10.);
#2096=VECTOR('',#7533,10.);
#2097=VECTOR('',#7536,10.);
#2098=VECTOR('',#7539,10.);
#2099=VECTOR('',#7540,10.);
#2100=VECTOR('',#7541,10.);
#2101=VECTOR('',#7542,10.);
#2102=VECTOR('',#7543,10.);
#2103=VECTOR('',#7544,10.);
#2104=VECTOR('',#7545,10.);
#2105=VECTOR('',#7548,10.);
#2106=VECTOR('',#7549,10.);
#2107=VECTOR('',#7550,10.);
#2108=VECTOR('',#7553,10.);
#2109=VECTOR('',#7554,10.);
#2110=VECTOR('',#7557,10.);
#2111=VECTOR('',#7558,10.);
#2112=VECTOR('',#7559,10.);
#2113=VECTOR('',#7560,10.);
#2114=VECTOR('',#7561,10.);
#2115=VECTOR('',#7562,10.);
#2116=VECTOR('',#7563,10.);
#2117=VECTOR('',#7566,10.);
#2118=VECTOR('',#7567,10.);
#2119=VECTOR('',#7570,10.);
#2120=VECTOR('',#7571,10.);
#2121=VECTOR('',#7574,10.);
#2122=VECTOR('',#7575,10.);
#2123=VECTOR('',#7576,10.);
#2124=VECTOR('',#7577,10.);
#2125=VECTOR('',#7578,10.);
#2126=VECTOR('',#7579,10.);
#2127=VECTOR('',#7582,10.);
#2128=VECTOR('',#7585,10.);
#2129=VECTOR('',#7586,10.);
#2130=VECTOR('',#7587,10.);
#2131=VECTOR('',#7588,10.);
#2132=VECTOR('',#7589,10.);
#2133=VECTOR('',#7590,10.);
#2134=VECTOR('',#7591,10.);
#2135=VECTOR('',#7594,10.);
#2136=VECTOR('',#7595,10.);
#2137=VECTOR('',#7596,10.);
#2138=VECTOR('',#7599,10.);
#2139=VECTOR('',#7600,10.);
#2140=VECTOR('',#7603,10.);
#2141=VECTOR('',#7604,10.);
#2142=VECTOR('',#7605,10.);
#2143=VECTOR('',#7606,10.);
#2144=VECTOR('',#7607,10.);
#2145=VECTOR('',#7608,10.);
#2146=VECTOR('',#7609,10.);
#2147=VECTOR('',#7612,10.);
#2148=VECTOR('',#7613,10.);
#2149=VECTOR('',#7616,10.);
#2150=VECTOR('',#7617,10.);
#2151=VECTOR('',#7620,10.);
#2152=VECTOR('',#7621,10.);
#2153=VECTOR('',#7622,10.);
#2154=VECTOR('',#7623,10.);
#2155=VECTOR('',#7624,10.);
#2156=VECTOR('',#7625,10.);
#2157=VECTOR('',#7628,10.);
#2158=VECTOR('',#7631,10.);
#2159=VECTOR('',#7632,10.);
#2160=VECTOR('',#7633,10.);
#2161=VECTOR('',#7634,10.);
#2162=VECTOR('',#7635,10.);
#2163=VECTOR('',#7638,10.);
#2164=VECTOR('',#7639,10.);
#2165=VECTOR('',#7640,10.);
#2166=VECTOR('',#7641,10.);
#2167=VECTOR('',#7644,10.);
#2168=VECTOR('',#7645,10.);
#2169=VECTOR('',#7648,10.);
#2170=VECTOR('',#7649,10.);
#2171=VECTOR('',#7650,10.);
#2172=VECTOR('',#7653,10.);
#2173=VECTOR('',#7654,10.);
#2174=VECTOR('',#7657,10.);
#2175=VECTOR('',#7660,10.);
#2176=VECTOR('',#7663,10.);
#2177=VECTOR('',#7666,10.);
#2178=VECTOR('',#7669,10.);
#2179=VECTOR('',#7672,10.);
#2180=VECTOR('',#7679,10.);
#2181=VECTOR('',#7682,10.);
#2182=VECTOR('',#7685,10.);
#2183=VECTOR('',#7688,10.);
#2184=VECTOR('',#7703,10.);
#2185=VECTOR('',#7706,10.);
#2186=VECTOR('',#7723,10.);
#2187=VECTOR('',#7724,10.);
#2188=VECTOR('',#7729,10.);
#2189=VECTOR('',#7730,10.);
#2190=VECTOR('',#7745,10.);
#2191=VECTOR('',#7746,10.);
#2192=VECTOR('',#7749,10.);
#2193=VECTOR('',#7752,10.);
#2194=VECTOR('',#7755,10.);
#2195=VECTOR('',#7756,10.);
#2196=VECTOR('',#7759,10.);
#2197=VECTOR('',#7764,10.);
#2198=VECTOR('',#7765,10.);
#2199=VECTOR('',#7774,0.906362337679456);
#2200=VECTOR('',#7783,2.12218545449752);
#2201=VECTOR('',#7796,0.906362337679456);
#2202=VECTOR('',#7805,2.12218545449752);
#2203=VECTOR('',#7824,3.);
#2204=VECTOR('',#7831,10.);
#2205=VECTOR('',#7832,10.);
#2206=VECTOR('',#7835,10.);
#2207=VECTOR('',#7844,10.);
#2208=VECTOR('',#7845,10.);
#2209=VECTOR('',#7850,10.);
#2210=VECTOR('',#7857,10.);
#2211=VECTOR('',#7862,10.);
#2212=VECTOR('',#7863,10.);
#2213=VECTOR('',#7866,10.);
#2214=VECTOR('',#7867,10.);
#2215=VECTOR('',#7878,10.);
#2216=VECTOR('',#7885,10.);
#2217=VECTOR('',#7896,1.375);
#2218=VECTOR('',#7903,1.25);
#2219=VECTOR('',#7916,1.375);
#2220=VECTOR('',#7923,1.25);
#2221=VECTOR('',#7936,3.);
#2222=VECTOR('',#7945,10.);
#2223=VECTOR('',#7946,10.);
#2224=VECTOR('',#7949,10.);
#2225=VECTOR('',#7954,10.);
#2226=VECTOR('',#7957,10.);
#2227=VECTOR('',#7960,10.);
#2228=VECTOR('',#7963,10.);
#2229=VECTOR('',#7988,10.);
#2230=VECTOR('',#7989,10.);
#2231=VECTOR('',#8006,10.);
#2232=VECTOR('',#8009,10.);
#2233=VECTOR('',#8012,10.);
#2234=VECTOR('',#8013,10.);
#2235=VECTOR('',#8016,10.);
#2236=VECTOR('',#8021,10.);
#2237=VECTOR('',#8028,10.);
#2238=VECTOR('',#8051,10.);
#2239=VECTOR('',#8052,10.);
#2240=VECTOR('',#8071,10.);
#2241=VECTOR('',#8076,10.);
#2242=VECTOR('',#8077,10.);
#2243=VECTOR('',#8080,10.);
#2244=VECTOR('',#8083,10.);
#2245=VECTOR('',#8086,10.);
#2246=VECTOR('',#8089,10.);
#2247=VECTOR('',#8092,10.);
#2248=VECTOR('',#8095,10.);
#2249=VECTOR('',#8098,10.);
#2250=VECTOR('',#8103,10.);
#2251=VECTOR('',#8106,10.);
#2252=VECTOR('',#8109,10.);
#2253=VECTOR('',#8130,10.);
#2254=VECTOR('',#8147,10.);
#2255=VECTOR('',#8148,10.);
#2256=VECTOR('',#8181,10.);
#2257=VECTOR('',#8182,10.);
#2258=VECTOR('',#8203,10.);
#2259=VECTOR('',#8204,10.);
#2260=VECTOR('',#8221,10.);
#2261=VECTOR('',#8222,10.);
#2262=VECTOR('',#8237,10.);
#2263=VECTOR('',#8240,10.);
#2264=VECTOR('',#8243,10.);
#2265=VECTOR('',#8246,10.);
#2266=VECTOR('',#8253,10.);
#2267=VECTOR('',#8270,10.);
#2268=VECTOR('',#8273,10.);
#2269=VECTOR('',#8274,10.);
#2270=VECTOR('',#8277,10.);
#2271=VECTOR('',#8282,10.);
#2272=VECTOR('',#8299,10.);
#2273=VECTOR('',#8302,10.);
#2274=VECTOR('',#8303,10.);
#2275=VECTOR('',#8306,10.);
#2276=VECTOR('',#8309,10.);
#2277=VECTOR('',#8312,10.);
#2278=VECTOR('',#8315,10.);
#2279=VECTOR('',#8318,10.);
#2280=VECTOR('',#8323,10.);
#2281=VECTOR('',#8328,2.375);
#2282=VECTOR('',#8335,1.75);
#2283=VECTOR('',#8340,2.375);
#2284=VECTOR('',#8347,1.75);
#2285=VECTOR('',#8354,2.5);
#2286=VECTOR('',#8363,2.5);
#2287=VECTOR('',#8370,10.);
#2288=VECTOR('',#8373,10.);
#2289=VECTOR('',#8376,10.);
#2290=VECTOR('',#8379,10.);
#2291=VECTOR('',#8386,10.);
#2292=VECTOR('',#8389,10.);
#2293=VECTOR('',#8410,10.);
#2294=VECTOR('',#8411,10.);
#2295=VECTOR('',#8416,10.);
#2296=VECTOR('',#8417,10.);
#2297=VECTOR('',#8436,10.);
#2298=VECTOR('',#8437,10.);
#2299=VECTOR('',#8440,10.);
#2300=VECTOR('',#8441,10.);
#2301=VECTOR('',#8444,10.);
#2302=VECTOR('',#8447,10.);
#2303=VECTOR('',#8450,10.);
#2304=VECTOR('',#8453,10.);
#2305=VECTOR('',#8456,10.);
#2306=VECTOR('',#8459,10.);
#2307=VECTOR('',#8462,10.);
#2308=VECTOR('',#8471,10.);
#2309=VECTOR('',#8488,10.);
#2310=VECTOR('',#8493,10.);
#2311=VECTOR('',#8508,10.);
#2312=VECTOR('',#8511,10.);
#2313=VECTOR('',#8512,10.);
#2314=VECTOR('',#8515,10.);
#2315=VECTOR('',#8518,10.);
#2316=VECTOR('',#8521,10.);
#2317=VECTOR('',#8524,10.);
#2318=VECTOR('',#8527,10.);
#2319=VECTOR('',#8530,10.);
#2320=VECTOR('',#8535,10.);
#2321=VECTOR('',#8538,10.);
#2322=VECTOR('',#8541,10.);
#2323=VECTOR('',#8546,10.);
#2324=VECTOR('',#8549,10.);
#2325=VECTOR('',#8556,0.393700787401575);
#2326=VECTOR('',#8557,0.393700787401575);
#2327=VECTOR('',#8558,0.393700787401575);
#2328=VECTOR('',#8559,0.393700787401575);
#2329=VECTOR('',#8562,0.393700787401575);
#2330=VECTOR('',#8563,0.393700787401575);
#2331=VECTOR('',#8572,0.393700787401575);
#2332=VECTOR('',#8573,0.393700787401575);
#2333=VECTOR('',#8574,0.393700787401575);
#2334=VECTOR('',#8577,0.393700787401575);
#2335=VECTOR('',#8578,0.393700787401575);
#2336=VECTOR('',#8579,0.393700787401575);
#2337=VECTOR('',#8582,0.393700787401575);
#2338=VECTOR('',#8583,0.393700787401575);
#2339=VECTOR('',#8584,0.393700787401575);
#2340=VECTOR('',#8585,0.393700787401575);
#2341=VECTOR('',#8588,0.393700787401575);
#2342=VECTOR('',#8589,0.393700787401575);
#2343=VECTOR('',#8598,0.393700787401575);
#2344=VECTOR('',#8599,0.393700787401575);
#2345=VECTOR('',#8600,0.393700787401575);
#2346=VECTOR('',#8603,0.393700787401575);
#2347=VECTOR('',#8604,0.393700787401575);
#2348=VECTOR('',#8607,0.393700787401575);
#2349=VECTOR('',#8608,0.393700787401575);
#2350=VECTOR('',#8609,0.393700787401575);
#2351=VECTOR('',#8610,0.393700787401575);
#2352=VECTOR('',#8613,0.393700787401575);
#2353=VECTOR('',#8614,0.393700787401575);
#2354=VECTOR('',#8623,0.393700787401575);
#2355=VECTOR('',#8624,0.393700787401575);
#2356=VECTOR('',#8625,0.393700787401575);
#2357=VECTOR('',#8628,0.393700787401575);
#2358=VECTOR('',#8629,0.393700787401575);
#2359=VECTOR('',#8636,0.393700787401575);
#2360=VECTOR('',#8637,0.393700787401575);
#2361=VECTOR('',#8640,0.393700787401575);
#2362=VECTOR('',#8641,0.393700787401575);
#2363=VECTOR('',#8644,0.393700787401575);
#2364=VECTOR('',#8645,0.393700787401575);
#2365=VECTOR('',#8648,0.393700787401575);
#2366=VECTOR('',#8655,0.393700787401575);
#2367=VECTOR('',#8656,0.393700787401575);
#2368=VECTOR('',#8659,0.393700787401575);
#2369=VECTOR('',#8668,0.0580000000000001);
#2370=VECTOR('',#8679,0.0490000000000001);
#2371=VECTOR('',#8688,0.105);
#2372=VECTOR('',#8691,0.0815);
#2373=B_SPLINE_CURVE_WITH_KNOTS('',3,(#8705,#8706,#8707,#8708),
 .UNSPECIFIED.,.F.,.F.,(4,4),(-0.85497462992942,0.),.UNSPECIFIED.);
#2374=B_SPLINE_CURVE_WITH_KNOTS('',3,(#8733,#8734,#8735,#8736),
 .UNSPECIFIED.,.F.,.F.,(4,4),(-0.844223318586471,-0.0500902553933575),
 .UNSPECIFIED.);
#2375=B_SPLINE_CURVE_WITH_KNOTS('',3,(#8745,#8746,#8747,#8748),
 .UNSPECIFIED.,.F.,.F.,(4,4),(-0.854974629931231,0.),.UNSPECIFIED.);
#2376=B_SPLINE_CURVE_WITH_KNOTS('',3,(#8769,#8770,#8771,#8772),
 .UNSPECIFIED.,.F.,.F.,(4,4),(-0.844223318585204,-0.0500902553933378),
 .UNSPECIFIED.);
#2377=B_SPLINE_CURVE_WITH_KNOTS('',3,(#8780,#8781,#8782,#8783),
 .UNSPECIFIED.,.F.,.F.,(4,4),(-1.5,-0.047819030631733),.UNSPECIFIED.);
#2378=B_SPLINE_CURVE_WITH_KNOTS('',3,(#8805,#8806,#8807,#8808,#8809,#8810,
#8811),.UNSPECIFIED.,.F.,.F.,(4,3,4),(-0.158763712325902,-0.122808336485747,
-0.0561911951081191),.UNSPECIFIED.);
#2379=B_SPLINE_CURVE_WITH_KNOTS('',3,(#8813,#8814,#8815,#8816),
 .UNSPECIFIED.,.F.,.F.,(4,4),(-1.5,-0.236406096585515),.UNSPECIFIED.);
#2380=B_SPLINE_CURVE_WITH_KNOTS('',3,(#8817,#8818,#8819,#8820,#8821),
 .UNSPECIFIED.,.F.,.F.,(4,1,4),(5.49873846983318,6.17112147327296,7.06763214452599),
 .UNSPECIFIED.);
#2381=B_SPLINE_CURVE_WITH_KNOTS('',3,(#8843,#8844,#8845,#8846),
 .UNSPECIFIED.,.F.,.F.,(4,4),(-1.5,-0.0478190306317329),.UNSPECIFIED.);
#2382=B_SPLINE_CURVE_WITH_KNOTS('',3,(#8873,#8874,#8875,#8876,#8877,#8878,
#8879),.UNSPECIFIED.,.F.,.F.,(4,3,4),(-0.158763712326506,-0.122808336486193,
-0.0561911951081774),.UNSPECIFIED.);
#2383=B_SPLINE_CURVE_WITH_KNOTS('',3,(#8881,#8882,#8883,#8884),
 .UNSPECIFIED.,.F.,.F.,(4,4),(-1.5,-0.236406096584303),.UNSPECIFIED.);
#2384=B_SPLINE_CURVE_WITH_KNOTS('',3,(#8885,#8886,#8887,#8888,#8889),
 .UNSPECIFIED.,.F.,.F.,(4,1,4),(5.49873846983318,6.17112147327296,7.06763214452599),
 .UNSPECIFIED.);
#2385=B_SPLINE_CURVE_WITH_KNOTS('',3,(#9037,#9038,#9039,#9040),
 .UNSPECIFIED.,.F.,.F.,(4,4),(-0.0597157230968156,0.),.UNSPECIFIED.);
#2386=B_SPLINE_CURVE_WITH_KNOTS('',3,(#9041,#9042,#9043,#9044),
 .UNSPECIFIED.,.F.,.F.,(4,4),(-0.0644719731236651,0.),.UNSPECIFIED.);
#2387=B_SPLINE_CURVE_WITH_KNOTS('',2,(#9085,#9086,#9087),.UNSPECIFIED.,
 .F.,.F.,(3,3),(0.,1.),.UNSPECIFIED.);
#2388=B_SPLINE_CURVE_WITH_KNOTS('',2,(#9094,#9095,#9096),.UNSPECIFIED.,
 .F.,.F.,(3,3),(0.,1.),.UNSPECIFIED.);
#2389=B_SPLINE_CURVE_WITH_KNOTS('',3,(#9134,#9135,#9136,#9137),
 .UNSPECIFIED.,.F.,.F.,(4,4),(-0.0490784302290442,0.),.UNSPECIFIED.);
#2390=B_SPLINE_CURVE_WITH_KNOTS('',3,(#9139,#9140,#9141,#9142),
 .UNSPECIFIED.,.F.,.F.,(4,4),(-0.0447024954774819,0.),.UNSPECIFIED.);
#2391=B_SPLINE_CURVE_WITH_KNOTS('',2,(#9197,#9198,#9199),.UNSPECIFIED.,
 .F.,.F.,(3,3),(0.,1.),.UNSPECIFIED.);
#2392=B_SPLINE_CURVE_WITH_KNOTS('',2,(#9208,#9209,#9210),.UNSPECIFIED.,
 .F.,.F.,(3,3),(0.,1.),.UNSPECIFIED.);
#2393=B_SPLINE_CURVE_WITH_KNOTS('',3,(#9245,#9246,#9247,#9248),
 .UNSPECIFIED.,.F.,.F.,(4,4),(-0.0490784302290442,0.),.UNSPECIFIED.);
#2394=B_SPLINE_CURVE_WITH_KNOTS('',3,(#9250,#9251,#9252,#9253),
 .UNSPECIFIED.,.F.,.F.,(4,4),(-0.0447024954774819,0.),.UNSPECIFIED.);
#2395=B_SPLINE_CURVE_WITH_KNOTS('',2,(#9308,#9309,#9310),.UNSPECIFIED.,
 .F.,.F.,(3,3),(0.,1.),.UNSPECIFIED.);
#2396=B_SPLINE_CURVE_WITH_KNOTS('',2,(#9319,#9320,#9321),.UNSPECIFIED.,
 .F.,.F.,(3,3),(0.,1.),.UNSPECIFIED.);
#2397=B_SPLINE_CURVE_WITH_KNOTS('',3,(#9336,#9337,#9338,#9339,#9340,#9341,
#9342,#9343,#9344,#9345),.UNSPECIFIED.,.F.,.F.,(4,3,3,4),(-0.283856355728512,
-0.189237570485675,-0.0946187852428373,0.),.UNSPECIFIED.);
#2398=B_SPLINE_CURVE_WITH_KNOTS('',3,(#9347,#9348,#9349,#9350,#9351,#9352,
#9353,#9354,#9355,#9356),.UNSPECIFIED.,.F.,.F.,(4,3,3,4),(-0.161056288916945,
-0.107370859277963,-0.0536854296389818,0.),.UNSPECIFIED.);
#2399=B_SPLINE_CURVE_WITH_KNOTS('',3,(#9358,#9359,#9360,#9361,#9362,#9363,
#9364,#9365,#9366,#9367),.UNSPECIFIED.,.F.,.F.,(4,3,3,4),(-0.129610264587569,
-0.0864068430583796,-0.0432034215291898,0.),.UNSPECIFIED.);
#2400=B_SPLINE_CURVE_WITH_KNOTS('',3,(#9368,#9369,#9370,#9371,#9372,#9373,
#9374),.UNSPECIFIED.,.F.,.F.,(4,3,4),(-0.382869315140858,-0.191434657570429,
0.),.UNSPECIFIED.);
#2401=B_SPLINE_CURVE_WITH_KNOTS('',3,(#9377,#9378,#9379,#9380,#9381,#9382,
#9383),.UNSPECIFIED.,.F.,.F.,(4,3,4),(-0.163316680557967,-0.0816583402789837,
0.),.UNSPECIFIED.);
#2402=B_SPLINE_CURVE_WITH_KNOTS('',3,(#9385,#9386,#9387,#9388,#9389,#9390,
#9391),.UNSPECIFIED.,.F.,.F.,(4,3,4),(-0.260989589138611,-0.130494794569306,
0.),.UNSPECIFIED.);
#2403=B_SPLINE_CURVE_WITH_KNOTS('',3,(#9393,#9394,#9395,#9396,#9397,#9398,
#9399),.UNSPECIFIED.,.F.,.F.,(4,3,4),(-0.184105867554084,-0.0920529337770421,
0.),.UNSPECIFIED.);
#2404=B_SPLINE_CURVE_WITH_KNOTS('',3,(#9400,#9401,#9402,#9403,#9404,#9405,
#9406,#9407,#9408,#9409),.UNSPECIFIED.,.F.,.F.,(4,3,3,4),(-0.303227252940634,
-0.202151501960422,-0.101075750980211,0.),.UNSPECIFIED.);
#2405=B_SPLINE_CURVE_WITH_KNOTS('',2,(#9421,#9422,#9423,#9424),
 .UNSPECIFIED.,.F.,.F.,(3,1,3),(0.,1.,2.),.UNSPECIFIED.);
#2406=B_SPLINE_CURVE_WITH_KNOTS('',2,(#9436,#9437,#9438,#9439),
 .UNSPECIFIED.,.F.,.F.,(3,1,3),(0.,1.,2.),.UNSPECIFIED.);
#2407=B_SPLINE_CURVE_WITH_KNOTS('',2,(#9453,#9454,#9455,#9456,#9457),
 .UNSPECIFIED.,.F.,.F.,(3,1,1,3),(0.,1.,2.,3.),.UNSPECIFIED.);
#2408=B_SPLINE_CURVE_WITH_KNOTS('',2,(#9471,#9472,#9473,#9474,#9475),
 .UNSPECIFIED.,.F.,.F.,(3,1,1,3),(0.,1.,2.,3.),.UNSPECIFIED.);
#2409=B_SPLINE_CURVE_WITH_KNOTS('',2,(#9488,#9489,#9490,#9491,#9492),
 .UNSPECIFIED.,.F.,.F.,(3,1,1,3),(0.,1.,2.,3.),.UNSPECIFIED.);
#2410=B_SPLINE_CURVE_WITH_KNOTS('',2,(#9501,#9502,#9503,#9504),
 .UNSPECIFIED.,.F.,.F.,(3,1,3),(0.,1.,2.),.UNSPECIFIED.);
#2411=B_SPLINE_CURVE_WITH_KNOTS('',2,(#9516,#9517,#9518,#9519,#9520),
 .UNSPECIFIED.,.F.,.F.,(3,1,1,3),(0.,1.,2.,3.),.UNSPECIFIED.);
#2412=B_SPLINE_CURVE_WITH_KNOTS('',2,(#9530,#9531,#9532,#9533),
 .UNSPECIFIED.,.F.,.F.,(3,1,3),(0.,1.,2.),.UNSPECIFIED.);
#2413=B_SPLINE_CURVE_WITH_KNOTS('',3,(#9600,#9601,#9602,#9603,#9604,#9605,
#9606,#9607,#9608,#9609,#9610,#9611,#9612,#9613,#9614,#9615),
 .UNSPECIFIED.,.F.,.F.,(4,3,3,3,3,4),(-0.202608905324781,-0.162087124259824,
-0.121565343194868,-0.0810435621299122,-0.0405217810649561,0.),
 .UNSPECIFIED.);
#2414=B_SPLINE_CURVE_WITH_KNOTS('',3,(#9617,#9618,#9619,#9620,#9621,#9622,
#9623),.UNSPECIFIED.,.F.,.F.,(4,3,4),(-0.128553094991799,-0.0642765474958996,
0.),.UNSPECIFIED.);
#2415=B_SPLINE_CURVE_WITH_KNOTS('',3,(#9625,#9626,#9627,#9628),
 .UNSPECIFIED.,.F.,.F.,(4,4),(-0.0495552138133032,0.),.UNSPECIFIED.);
#2416=B_SPLINE_CURVE_WITH_KNOTS('',3,(#9630,#9631,#9632,#9633),
 .UNSPECIFIED.,.F.,.F.,(4,4),(-0.0522115826826262,0.),.UNSPECIFIED.);
#2417=B_SPLINE_CURVE_WITH_KNOTS('',3,(#9639,#9640,#9641,#9642,#9643,#9644,
#9645,#9646),.UNSPECIFIED.,.F.,.F.,(4,2,2,4),(-0.227965524891447,-0.159986975784129,
-0.0836848960347415,0.),.UNSPECIFIED.);
#2418=B_SPLINE_CURVE_WITH_KNOTS('',3,(#9654,#9655,#9656,#9657),
 .UNSPECIFIED.,.F.,.F.,(4,4),(-0.0454300887036108,0.),.UNSPECIFIED.);
#2419=B_SPLINE_CURVE_WITH_KNOTS('',3,(#9659,#9660,#9661,#9662,#9663,#9664,
#9665),.UNSPECIFIED.,.F.,.F.,(4,3,4),(-0.177274086985587,-0.0886370434927934,
0.),.UNSPECIFIED.);
#2420=B_SPLINE_CURVE_WITH_KNOTS('',3,(#9666,#9667,#9668,#9669,#9670,#9671,
#9672),.UNSPECIFIED.,.F.,.F.,(4,3,4),(-0.0729306945738713,-0.0364653472869357,
0.),.UNSPECIFIED.);
#2421=B_SPLINE_CURVE_WITH_KNOTS('',2,(#9697,#9698,#9699,#9700),
 .UNSPECIFIED.,.F.,.F.,(3,1,3),(0.,1.,2.),.UNSPECIFIED.);
#2422=B_SPLINE_CURVE_WITH_KNOTS('',2,(#9710,#9711,#9712),.UNSPECIFIED.,
 .F.,.F.,(3,3),(0.,1.),.UNSPECIFIED.);
#2423=B_SPLINE_CURVE_WITH_KNOTS('',2,(#9724,#9725,#9726,#9727),
 .UNSPECIFIED.,.F.,.F.,(3,1,3),(0.,1.,2.),.UNSPECIFIED.);
#2424=B_SPLINE_CURVE_WITH_KNOTS('',2,(#9744,#9745,#9746,#9747,#9748,#9749,
#9750),.UNSPECIFIED.,.F.,.F.,(3,1,1,1,1,3),(0.,1.,2.,3.,4.,5.),
 .UNSPECIFIED.);
#2425=B_SPLINE_CURVE_WITH_KNOTS('',2,(#9765,#9766,#9767,#9768),
 .UNSPECIFIED.,.F.,.F.,(3,1,3),(0.,1.,2.),.UNSPECIFIED.);
#2426=B_SPLINE_CURVE_WITH_KNOTS('',2,(#9779,#9780,#9781,#9782),
 .UNSPECIFIED.,.F.,.F.,(3,1,3),(0.,1.,2.),.UNSPECIFIED.);
#2427=B_SPLINE_CURVE_WITH_KNOTS('',2,(#9789,#9790,#9791),.UNSPECIFIED.,
 .F.,.F.,(3,3),(0.,1.),.UNSPECIFIED.);
#2428=B_SPLINE_CURVE_WITH_KNOTS('',2,(#9799,#9800,#9801),.UNSPECIFIED.,
 .F.,.F.,(3,3),(0.,1.),.UNSPECIFIED.);
#2429=B_SPLINE_CURVE_WITH_KNOTS('',3,(#9816,#9817,#9818,#9819,#9820,#9821,
#9822),.UNSPECIFIED.,.F.,.F.,(4,3,4),(-0.112131722027014,-0.0560658610135072,
0.),.UNSPECIFIED.);
#2430=B_SPLINE_CURVE_WITH_KNOTS('',3,(#9826,#9827,#9828,#9829,#9830,#9831,
#9832),.UNSPECIFIED.,.F.,.F.,(4,3,4),(-0.0762755180947233,-0.0381377590473616,
0.),.UNSPECIFIED.);
#2431=B_SPLINE_CURVE_WITH_KNOTS('',2,(#9852,#9853,#9854,#9855),
 .UNSPECIFIED.,.F.,.F.,(3,1,3),(0.,1.,2.),.UNSPECIFIED.);
#2432=B_SPLINE_CURVE_WITH_KNOTS('',2,(#9873,#9874,#9875,#9876),
 .UNSPECIFIED.,.F.,.F.,(3,1,3),(0.,1.,2.),.UNSPECIFIED.);
#2433=B_SPLINE_CURVE_WITH_KNOTS('',3,(#9887,#9888,#9889,#9890,#9891,#9892,
#9893),.UNSPECIFIED.,.F.,.F.,(4,3,4),(-0.208330101133942,-0.104165050566971,
0.),.UNSPECIFIED.);
#2434=B_SPLINE_CURVE_WITH_KNOTS('',3,(#9895,#9896,#9897,#9898),
 .UNSPECIFIED.,.F.,.F.,(4,4),(-0.0905178429515026,0.),.UNSPECIFIED.);
#2435=B_SPLINE_CURVE_WITH_KNOTS('',3,(#9900,#9901,#9902,#9903),
 .UNSPECIFIED.,.F.,.F.,(4,4),(-0.0766569298202681,0.),.UNSPECIFIED.);
#2436=B_SPLINE_CURVE_WITH_KNOTS('',3,(#9905,#9906,#9907,#9908,#9909,#9910,
#9911),.UNSPECIFIED.,.F.,.F.,(4,3,4),(-0.130923399117294,-0.0654616995586468,
0.),.UNSPECIFIED.);
#2437=B_SPLINE_CURVE_WITH_KNOTS('',3,(#9913,#9914,#9915,#9916,#9917,#9918),
 .UNSPECIFIED.,.F.,.F.,(4,2,4),(-0.0610610860315028,-0.0312691370347945,
0.),.UNSPECIFIED.);
#2438=B_SPLINE_CURVE_WITH_KNOTS('',3,(#9932,#9933,#9934,#9935,#9936,#9937,
#9938),.UNSPECIFIED.,.F.,.F.,(4,3,4),(-0.0833046118604474,-0.0416523059302237,
0.),.UNSPECIFIED.);
#2439=B_SPLINE_CURVE_WITH_KNOTS('',3,(#9940,#9941,#9942,#9943,#9944,#9945,
#9946),.UNSPECIFIED.,.F.,.F.,(4,3,4),(-0.154415596775958,-0.0772077983879792,
0.),.UNSPECIFIED.);
#2440=B_SPLINE_CURVE_WITH_KNOTS('',3,(#9948,#9949,#9950,#9951,#9952,#9953,
#9954),.UNSPECIFIED.,.F.,.F.,(4,3,4),(-0.0864154705624646,-0.0432077352812323,
0.),.UNSPECIFIED.);
#2441=B_SPLINE_CURVE_WITH_KNOTS('',3,(#9956,#9957,#9958,#9959,#9960,#9961,
#9962),.UNSPECIFIED.,.F.,.F.,(4,3,4),(-0.0741086715416663,-0.0370543357708332,
0.),.UNSPECIFIED.);
#2442=B_SPLINE_CURVE_WITH_KNOTS('',2,(#9986,#9987,#9988),.UNSPECIFIED.,
 .F.,.F.,(3,3),(0.,1.),.UNSPECIFIED.);
#2443=B_SPLINE_CURVE_WITH_KNOTS('',2,(#9999,#10000,#10001,#10002),
 .UNSPECIFIED.,.F.,.F.,(3,1,3),(0.,1.,2.),.UNSPECIFIED.);
#2444=B_SPLINE_CURVE_WITH_KNOTS('',2,(#10011,#10012,#10013),
 .UNSPECIFIED.,.F.,.F.,(3,3),(0.,1.),.UNSPECIFIED.);
#2445=B_SPLINE_CURVE_WITH_KNOTS('',2,(#10022,#10023,#10024),
 .UNSPECIFIED.,.F.,.F.,(3,3),(0.,1.),.UNSPECIFIED.);
#2446=B_SPLINE_CURVE_WITH_KNOTS('',2,(#10035,#10036,#10037,#10038),
 .UNSPECIFIED.,.F.,.F.,(3,1,3),(0.,1.,2.),.UNSPECIFIED.);
#2447=B_SPLINE_CURVE_WITH_KNOTS('',2,(#10060,#10061,#10062,#10063),
 .UNSPECIFIED.,.F.,.F.,(3,1,3),(0.,1.,2.),.UNSPECIFIED.);
#2448=B_SPLINE_CURVE_WITH_KNOTS('',2,(#10074,#10075,#10076,#10077),
 .UNSPECIFIED.,.F.,.F.,(3,1,3),(0.,1.,2.),.UNSPECIFIED.);
#2449=B_SPLINE_CURVE_WITH_KNOTS('',2,(#10088,#10089,#10090,#10091),
 .UNSPECIFIED.,.F.,.F.,(3,1,3),(0.,1.,2.),.UNSPECIFIED.);
#2450=B_SPLINE_CURVE_WITH_KNOTS('',2,(#10102,#10103,#10104,#10105),
 .UNSPECIFIED.,.F.,.F.,(3,1,3),(0.,1.,2.),.UNSPECIFIED.);
#2451=B_SPLINE_CURVE_WITH_KNOTS('',3,(#10112,#10113,#10114,#10115,#10116,
#10117,#10118),.UNSPECIFIED.,.F.,.F.,(4,3,4),(-0.208330101134018,-0.104165050567009,
0.),.UNSPECIFIED.);
#2452=B_SPLINE_CURVE_WITH_KNOTS('',3,(#10120,#10121,#10122,#10123),
 .UNSPECIFIED.,.F.,.F.,(4,4),(-0.0905178429515014,0.),.UNSPECIFIED.);
#2453=B_SPLINE_CURVE_WITH_KNOTS('',3,(#10125,#10126,#10127,#10128),
 .UNSPECIFIED.,.F.,.F.,(4,4),(-0.0766569298202681,0.),.UNSPECIFIED.);
#2454=B_SPLINE_CURVE_WITH_KNOTS('',3,(#10130,#10131,#10132,#10133,#10134,
#10135,#10136),.UNSPECIFIED.,.F.,.F.,(4,3,4),(-0.130923399117286,-0.0654616995586431,
0.),.UNSPECIFIED.);
#2455=B_SPLINE_CURVE_WITH_KNOTS('',3,(#10138,#10139,#10140,#10141,#10142,
#10143),.UNSPECIFIED.,.F.,.F.,(4,2,4),(-0.0610610860315028,-0.0312691370347945,
0.),.UNSPECIFIED.);
#2456=B_SPLINE_CURVE_WITH_KNOTS('',3,(#10157,#10158,#10159,#10160,#10161,
#10162,#10163,#10164),.UNSPECIFIED.,.F.,.F.,(4,2,2,4),(-0.0833046118604575,
-0.0506157199168998,-0.026337634893617,0.),.UNSPECIFIED.);
#2457=B_SPLINE_CURVE_WITH_KNOTS('',3,(#10166,#10167,#10168,#10169,#10170,
#10171,#10172),.UNSPECIFIED.,.F.,.F.,(4,3,4),(-0.15441559677584,-0.0772077983879198,
0.),.UNSPECIFIED.);
#2458=B_SPLINE_CURVE_WITH_KNOTS('',3,(#10174,#10175,#10176,#10177,#10178,
#10179,#10180),.UNSPECIFIED.,.F.,.F.,(4,3,4),(-0.0864154705624585,-0.0432077352812293,
0.),.UNSPECIFIED.);
#2459=B_SPLINE_CURVE_WITH_KNOTS('',3,(#10182,#10183,#10184,#10185,#10186,
#10187,#10188),.UNSPECIFIED.,.F.,.F.,(4,3,4),(-0.0741086715417219,-0.037054335770861,
0.),.UNSPECIFIED.);
#2460=B_SPLINE_CURVE_WITH_KNOTS('',2,(#10212,#10213,#10214),
 .UNSPECIFIED.,.F.,.F.,(3,3),(0.,1.),.UNSPECIFIED.);
#2461=B_SPLINE_CURVE_WITH_KNOTS('',2,(#10225,#10226,#10227,#10228),
 .UNSPECIFIED.,.F.,.F.,(3,1,3),(0.,1.,2.),.UNSPECIFIED.);
#2462=B_SPLINE_CURVE_WITH_KNOTS('',2,(#10237,#10238,#10239),
 .UNSPECIFIED.,.F.,.F.,(3,3),(0.,1.),.UNSPECIFIED.);
#2463=B_SPLINE_CURVE_WITH_KNOTS('',2,(#10248,#10249,#10250),
 .UNSPECIFIED.,.F.,.F.,(3,3),(0.,1.),.UNSPECIFIED.);
#2464=B_SPLINE_CURVE_WITH_KNOTS('',2,(#10261,#10262,#10263,#10264),
 .UNSPECIFIED.,.F.,.F.,(3,1,3),(0.,1.,2.),.UNSPECIFIED.);
#2465=B_SPLINE_CURVE_WITH_KNOTS('',2,(#10286,#10287,#10288,#10289),
 .UNSPECIFIED.,.F.,.F.,(3,1,3),(0.,1.,2.),.UNSPECIFIED.);
#2466=B_SPLINE_CURVE_WITH_KNOTS('',2,(#10300,#10301,#10302,#10303),
 .UNSPECIFIED.,.F.,.F.,(3,1,3),(0.,1.,2.),.UNSPECIFIED.);
#2467=B_SPLINE_CURVE_WITH_KNOTS('',2,(#10314,#10315,#10316,#10317),
 .UNSPECIFIED.,.F.,.F.,(3,1,3),(0.,1.,2.),.UNSPECIFIED.);
#2468=B_SPLINE_CURVE_WITH_KNOTS('',2,(#10328,#10329,#10330,#10331),
 .UNSPECIFIED.,.F.,.F.,(3,1,3),(0.,1.,2.),.UNSPECIFIED.);
#2469=B_SPLINE_CURVE_WITH_KNOTS('',3,(#10342,#10343,#10344,#10345,#10346,
#10347,#10348),.UNSPECIFIED.,.F.,.F.,(4,3,4),(-0.112131722027014,-0.0560658610135072,
0.),.UNSPECIFIED.);
#2470=B_SPLINE_CURVE_WITH_KNOTS('',3,(#10352,#10353,#10354,#10355,#10356,
#10357,#10358),.UNSPECIFIED.,.F.,.F.,(4,3,4),(-0.0762755180947233,-0.0381377590473616,
0.),.UNSPECIFIED.);
#2471=B_SPLINE_CURVE_WITH_KNOTS('',2,(#10378,#10379,#10380,#10381),
 .UNSPECIFIED.,.F.,.F.,(3,1,3),(0.,1.,2.),.UNSPECIFIED.);
#2472=B_SPLINE_CURVE_WITH_KNOTS('',2,(#10399,#10400,#10401,#10402),
 .UNSPECIFIED.,.F.,.F.,(3,1,3),(0.,1.,2.),.UNSPECIFIED.);
#2473=B_SPLINE_CURVE_WITH_KNOTS('',3,(#10413,#10414,#10415,#10416,#10417,
#10418),.UNSPECIFIED.,.F.,.F.,(4,1,1,4),(-0.0567916790749281,-0.032452388042816,
-0.016226194021408,0.),.UNSPECIFIED.);
#2474=B_SPLINE_CURVE_WITH_KNOTS('',3,(#10436,#10437,#10438,#10439,#10440,
#10441),.UNSPECIFIED.,.F.,.F.,(4,1,1,4),(-0.0567916790748965,-0.0405654850534975,
-0.0243392910320985,0.),.UNSPECIFIED.);
#2475=B_SPLINE_CURVE_WITH_KNOTS('',3,(#10835,#10836,#10837,#10838,#10839,
#10840),.UNSPECIFIED.,.F.,.F.,(4,1,1,4),(0.,0.016226194021408,0.032452388042816,
0.0567916790749281),.UNSPECIFIED.);
#2476=B_SPLINE_CURVE_WITH_KNOTS('',3,(#10871,#10872,#10873,#10874,#10875,
#10876),.UNSPECIFIED.,.F.,.F.,(4,1,1,4),(0.,0.0243392910320985,0.0405654850534975,
0.0567916790748965),.UNSPECIFIED.);
#2477=B_SPLINE_CURVE_WITH_KNOTS('',3,(#10901,#10902,#10903,#10904,#10905),
 .UNSPECIFIED.,.F.,.F.,(4,1,4),(5.49873846983318,6.17112147327296,7.06763214452599),
 .UNSPECIFIED.);
#2478=B_SPLINE_CURVE_WITH_KNOTS('',3,(#10926,#10927,#10928,#10929,#10930),
 .UNSPECIFIED.,.F.,.F.,(4,1,4),(5.49873846983318,6.17112147327296,7.06763214452599),
 .UNSPECIFIED.);
#2479=B_SPLINE_CURVE_WITH_KNOTS('',3,(#10950,#10951,#10952,#10953,#10954,
#10955,#10956,#10957),.UNSPECIFIED.,.F.,.F.,(4,2,2,4),(0.561049162924586,
0.621983444075614,0.720646784697092,0.723753427295588),.UNSPECIFIED.);
#2480=B_SPLINE_CURVE_WITH_KNOTS('',3,(#10984,#10985,#10986,#10987,#10988,
#10989,#10990,#10991),.UNSPECIFIED.,.F.,.F.,(4,2,2,4),(-0.0044295352901938,
0.,0.140676867477689,0.227558618494843),.UNSPECIFIED.);
#2481=B_SPLINE_CURVE_WITH_KNOTS('',3,(#11021,#11022,#11023,#11024,#11025,
#11026,#11027,#11028),.UNSPECIFIED.,.F.,.F.,(4,2,2,4),(-0.00442953529025649,
0.,0.140676867476682,0.227558618491791),.UNSPECIFIED.);
#2482=B_SPLINE_CURVE_WITH_KNOTS('',3,(#11055,#11056,#11057,#11058,#11059,
#11060,#11061,#11062),.UNSPECIFIED.,.F.,.F.,(4,2,2,4),(0.561049162928867,
0.621983444079467,0.720646784700202,0.723753427298723),.UNSPECIFIED.);
#2483=VERTEX_POINT('',#8703);
#2484=VERTEX_POINT('',#8704);
#2485=VERTEX_POINT('',#8709);
#2486=VERTEX_POINT('',#8711);
#2487=VERTEX_POINT('',#8715);
#2488=VERTEX_POINT('',#8717);
#2489=VERTEX_POINT('',#8721);
#2490=VERTEX_POINT('',#8722);
#2491=VERTEX_POINT('',#8724);
#2492=VERTEX_POINT('',#8726);
#2493=VERTEX_POINT('',#8730);
#2494=VERTEX_POINT('',#8732);
#2495=VERTEX_POINT('',#8739);
#2496=VERTEX_POINT('',#8740);
#2497=VERTEX_POINT('',#8742);
#2498=VERTEX_POINT('',#8744);
#2499=VERTEX_POINT('',#8749);
#2500=VERTEX_POINT('',#8751);
#2501=VERTEX_POINT('',#8757);
#2502=VERTEX_POINT('',#8758);
#2503=VERTEX_POINT('',#8760);
#2504=VERTEX_POINT('',#8762);
#2505=VERTEX_POINT('',#8766);
#2506=VERTEX_POINT('',#8768);
#2507=VERTEX_POINT('',#8775);
#2508=VERTEX_POINT('',#8777);
#2509=VERTEX_POINT('',#8779);
#2510=VERTEX_POINT('',#8812);
#2511=VERTEX_POINT('',#8823);
#2512=VERTEX_POINT('',#8825);
#2513=VERTEX_POINT('',#8829);
#2514=VERTEX_POINT('',#8833);
#2515=VERTEX_POINT('',#8835);
#2516=VERTEX_POINT('',#8839);
#2517=VERTEX_POINT('',#8841);
#2518=VERTEX_POINT('',#8848);
#2519=VERTEX_POINT('',#8850);
#2520=VERTEX_POINT('',#8880);
#2521=VERTEX_POINT('',#8891);
#2522=VERTEX_POINT('',#8892);
#2523=VERTEX_POINT('',#8894);
#2524=VERTEX_POINT('',#8896);
#2525=VERTEX_POINT('',#8898);
#2526=VERTEX_POINT('',#8900);
#2527=VERTEX_POINT('',#8902);
#2528=VERTEX_POINT('',#8904);
#2529=VERTEX_POINT('',#8908);
#2530=VERTEX_POINT('',#8910);
#2531=VERTEX_POINT('',#8914);
#2532=VERTEX_POINT('',#8918);
#2533=VERTEX_POINT('',#8922);
#2534=VERTEX_POINT('',#8926);
#2535=VERTEX_POINT('',#8930);
#2536=VERTEX_POINT('',#8934);
#2537=VERTEX_POINT('',#8940);
#2538=VERTEX_POINT('',#8941);
#2539=VERTEX_POINT('',#8943);
#2540=VERTEX_POINT('',#8945);
#2541=VERTEX_POINT('',#8947);
#2542=VERTEX_POINT('',#8949);
#2543=VERTEX_POINT('',#8951);
#2544=VERTEX_POINT('',#8953);
#2545=VERTEX_POINT('',#8955);
#2546=VERTEX_POINT('',#8957);
#2547=VERTEX_POINT('',#8959);
#2548=VERTEX_POINT('',#8961);
#2549=VERTEX_POINT('',#8965);
#2550=VERTEX_POINT('',#8967);
#2551=VERTEX_POINT('',#8971);
#2552=VERTEX_POINT('',#8975);
#2553=VERTEX_POINT('',#8979);
#2554=VERTEX_POINT('',#8983);
#2555=VERTEX_POINT('',#8987);
#2556=VERTEX_POINT('',#8991);
#2557=VERTEX_POINT('',#8995);
#2558=VERTEX_POINT('',#8999);
#2559=VERTEX_POINT('',#9003);
#2560=VERTEX_POINT('',#9007);
#2561=VERTEX_POINT('',#9013);
#2562=VERTEX_POINT('',#9014);
#2563=VERTEX_POINT('',#9016);
#2564=VERTEX_POINT('',#9018);
#2565=VERTEX_POINT('',#9020);
#2566=VERTEX_POINT('',#9022);
#2567=VERTEX_POINT('',#9024);
#2568=VERTEX_POINT('',#9026);
#2569=VERTEX_POINT('',#9029);
#2570=VERTEX_POINT('',#9030);
#2571=VERTEX_POINT('',#9032);
#2572=VERTEX_POINT('',#9034);
#2573=VERTEX_POINT('',#9036);
#2574=VERTEX_POINT('',#9046);
#2575=VERTEX_POINT('',#9048);
#2576=VERTEX_POINT('',#9052);
#2577=VERTEX_POINT('',#9056);
#2578=VERTEX_POINT('',#9060);
#2579=VERTEX_POINT('',#9062);
#2580=VERTEX_POINT('',#9066);
#2581=VERTEX_POINT('',#9070);
#2582=VERTEX_POINT('',#9074);
#2583=VERTEX_POINT('',#9083);
#2584=VERTEX_POINT('',#9098);
#2585=VERTEX_POINT('',#9102);
#2586=VERTEX_POINT('',#9106);
#2587=VERTEX_POINT('',#9112);
#2588=VERTEX_POINT('',#9113);
#2589=VERTEX_POINT('',#9115);
#2590=VERTEX_POINT('',#9117);
#2591=VERTEX_POINT('',#9119);
#2592=VERTEX_POINT('',#9121);
#2593=VERTEX_POINT('',#9123);
#2594=VERTEX_POINT('',#9125);
#2595=VERTEX_POINT('',#9127);
#2596=VERTEX_POINT('',#9129);
#2597=VERTEX_POINT('',#9131);
#2598=VERTEX_POINT('',#9133);
#2599=VERTEX_POINT('',#9138);
#2600=VERTEX_POINT('',#9143);
#2601=VERTEX_POINT('',#9145);
#2602=VERTEX_POINT('',#9149);
#2603=VERTEX_POINT('',#9151);
#2604=VERTEX_POINT('',#9155);
#2605=VERTEX_POINT('',#9159);
#2606=VERTEX_POINT('',#9163);
#2607=VERTEX_POINT('',#9167);
#2608=VERTEX_POINT('',#9171);
#2609=VERTEX_POINT('',#9175);
#2610=VERTEX_POINT('',#9179);
#2611=VERTEX_POINT('',#9183);
#2612=VERTEX_POINT('',#9187);
#2613=VERTEX_POINT('',#9196);
#2614=VERTEX_POINT('',#9207);
#2615=VERTEX_POINT('',#9213);
#2616=VERTEX_POINT('',#9217);
#2617=VERTEX_POINT('',#9223);
#2618=VERTEX_POINT('',#9224);
#2619=VERTEX_POINT('',#9226);
#2620=VERTEX_POINT('',#9228);
#2621=VERTEX_POINT('',#9230);
#2622=VERTEX_POINT('',#9232);
#2623=VERTEX_POINT('',#9234);
#2624=VERTEX_POINT('',#9236);
#2625=VERTEX_POINT('',#9238);
#2626=VERTEX_POINT('',#9240);
#2627=VERTEX_POINT('',#9242);
#2628=VERTEX_POINT('',#9244);
#2629=VERTEX_POINT('',#9249);
#2630=VERTEX_POINT('',#9254);
#2631=VERTEX_POINT('',#9256);
#2632=VERTEX_POINT('',#9260);
#2633=VERTEX_POINT('',#9262);
#2634=VERTEX_POINT('',#9266);
#2635=VERTEX_POINT('',#9270);
#2636=VERTEX_POINT('',#9274);
#2637=VERTEX_POINT('',#9278);
#2638=VERTEX_POINT('',#9282);
#2639=VERTEX_POINT('',#9286);
#2640=VERTEX_POINT('',#9290);
#2641=VERTEX_POINT('',#9294);
#2642=VERTEX_POINT('',#9298);
#2643=VERTEX_POINT('',#9307);
#2644=VERTEX_POINT('',#9318);
#2645=VERTEX_POINT('',#9324);
#2646=VERTEX_POINT('',#9328);
#2647=VERTEX_POINT('',#9334);
#2648=VERTEX_POINT('',#9335);
#2649=VERTEX_POINT('',#9346);
#2650=VERTEX_POINT('',#9357);
#2651=VERTEX_POINT('',#9375);
#2652=VERTEX_POINT('',#9376);
#2653=VERTEX_POINT('',#9384);
#2654=VERTEX_POINT('',#9392);
#2655=VERTEX_POINT('',#9418);
#2656=VERTEX_POINT('',#9420);
#2657=VERTEX_POINT('',#9434);
#2658=VERTEX_POINT('',#9450);
#2659=VERTEX_POINT('',#9452);
#2660=VERTEX_POINT('',#9469);
#2661=VERTEX_POINT('',#9486);
#2662=VERTEX_POINT('',#9515);
#2663=VERTEX_POINT('',#9535);
#2664=VERTEX_POINT('',#9536);
#2665=VERTEX_POINT('',#9538);
#2666=VERTEX_POINT('',#9540);
#2667=VERTEX_POINT('',#9542);
#2668=VERTEX_POINT('',#9544);
#2669=VERTEX_POINT('',#9546);
#2670=VERTEX_POINT('',#9548);
#2671=VERTEX_POINT('',#9550);
#2672=VERTEX_POINT('',#9552);
#2673=VERTEX_POINT('',#9556);
#2674=VERTEX_POINT('',#9558);
#2675=VERTEX_POINT('',#9562);
#2676=VERTEX_POINT('',#9566);
#2677=VERTEX_POINT('',#9570);
#2678=VERTEX_POINT('',#9574);
#2679=VERTEX_POINT('',#9578);
#2680=VERTEX_POINT('',#9582);
#2681=VERTEX_POINT('',#9586);
#2682=VERTEX_POINT('',#9590);
#2683=VERTEX_POINT('',#9596);
#2684=VERTEX_POINT('',#9597);
#2685=VERTEX_POINT('',#9599);
#2686=VERTEX_POINT('',#9616);
#2687=VERTEX_POINT('',#9624);
#2688=VERTEX_POINT('',#9629);
#2689=VERTEX_POINT('',#9634);
#2690=VERTEX_POINT('',#9637);
#2691=VERTEX_POINT('',#9638);
#2692=VERTEX_POINT('',#9647);
#2693=VERTEX_POINT('',#9649);
#2694=VERTEX_POINT('',#9651);
#2695=VERTEX_POINT('',#9653);
#2696=VERTEX_POINT('',#9658);
#2697=VERTEX_POINT('',#9674);
#2698=VERTEX_POINT('',#9676);
#2699=VERTEX_POINT('',#9680);
#2700=VERTEX_POINT('',#9684);
#2701=VERTEX_POINT('',#9695);
#2702=VERTEX_POINT('',#9707);
#2703=VERTEX_POINT('',#9709);
#2704=VERTEX_POINT('',#9722);
#2705=VERTEX_POINT('',#9742);
#2706=VERTEX_POINT('',#9752);
#2707=VERTEX_POINT('',#9763);
#2708=VERTEX_POINT('',#9777);
#2709=VERTEX_POINT('',#9798);
#2710=VERTEX_POINT('',#9804);
#2711=VERTEX_POINT('',#9810);
#2712=VERTEX_POINT('',#9811);
#2713=VERTEX_POINT('',#9813);
#2714=VERTEX_POINT('',#9815);
#2715=VERTEX_POINT('',#9823);
#2716=VERTEX_POINT('',#9825);
#2717=VERTEX_POINT('',#9833);
#2718=VERTEX_POINT('',#9837);
#2719=VERTEX_POINT('',#9839);
#2720=VERTEX_POINT('',#9850);
#2721=VERTEX_POINT('',#9857);
#2722=VERTEX_POINT('',#9861);
#2723=VERTEX_POINT('',#9872);
#2724=VERTEX_POINT('',#9879);
#2725=VERTEX_POINT('',#9885);
#2726=VERTEX_POINT('',#9886);
#2727=VERTEX_POINT('',#9894);
#2728=VERTEX_POINT('',#9899);
#2729=VERTEX_POINT('',#9904);
#2730=VERTEX_POINT('',#9912);
#2731=VERTEX_POINT('',#9919);
#2732=VERTEX_POINT('',#9921);
#2733=VERTEX_POINT('',#9923);
#2734=VERTEX_POINT('',#9925);
#2735=VERTEX_POINT('',#9927);
#2736=VERTEX_POINT('',#9929);
#2737=VERTEX_POINT('',#9931);
#2738=VERTEX_POINT('',#9939);
#2739=VERTEX_POINT('',#9947);
#2740=VERTEX_POINT('',#9955);
#2741=VERTEX_POINT('',#9965);
#2742=VERTEX_POINT('',#9967);
#2743=VERTEX_POINT('',#9971);
#2744=VERTEX_POINT('',#9975);
#2745=VERTEX_POINT('',#9984);
#2746=VERTEX_POINT('',#9997);
#2747=VERTEX_POINT('',#10009);
#2748=VERTEX_POINT('',#10020);
#2749=VERTEX_POINT('',#10033);
#2750=VERTEX_POINT('',#10040);
#2751=VERTEX_POINT('',#10044);
#2752=VERTEX_POINT('',#10048);
#2753=VERTEX_POINT('',#10059);
#2754=VERTEX_POINT('',#10073);
#2755=VERTEX_POINT('',#10087);
#2756=VERTEX_POINT('',#10101);
#2757=VERTEX_POINT('',#10110);
#2758=VERTEX_POINT('',#10111);
#2759=VERTEX_POINT('',#10119);
#2760=VERTEX_POINT('',#10124);
#2761=VERTEX_POINT('',#10129);
#2762=VERTEX_POINT('',#10137);
#2763=VERTEX_POINT('',#10144);
#2764=VERTEX_POINT('',#10146);
#2765=VERTEX_POINT('',#10148);
#2766=VERTEX_POINT('',#10150);
#2767=VERTEX_POINT('',#10152);
#2768=VERTEX_POINT('',#10154);
#2769=VERTEX_POINT('',#10156);
#2770=VERTEX_POINT('',#10165);
#2771=VERTEX_POINT('',#10173);
#2772=VERTEX_POINT('',#10181);
#2773=VERTEX_POINT('',#10191);
#2774=VERTEX_POINT('',#10193);
#2775=VERTEX_POINT('',#10197);
#2776=VERTEX_POINT('',#10201);
#2777=VERTEX_POINT('',#10210);
#2778=VERTEX_POINT('',#10223);
#2779=VERTEX_POINT('',#10235);
#2780=VERTEX_POINT('',#10246);
#2781=VERTEX_POINT('',#10259);
#2782=VERTEX_POINT('',#10266);
#2783=VERTEX_POINT('',#10270);
#2784=VERTEX_POINT('',#10274);
#2785=VERTEX_POINT('',#10285);
#2786=VERTEX_POINT('',#10299);
#2787=VERTEX_POINT('',#10313);
#2788=VERTEX_POINT('',#10327);
#2789=VERTEX_POINT('',#10336);
#2790=VERTEX_POINT('',#10337);
#2791=VERTEX_POINT('',#10339);
#2792=VERTEX_POINT('',#10341);
#2793=VERTEX_POINT('',#10349);
#2794=VERTEX_POINT('',#10351);
#2795=VERTEX_POINT('',#10359);
#2796=VERTEX_POINT('',#10363);
#2797=VERTEX_POINT('',#10365);
#2798=VERTEX_POINT('',#10376);
#2799=VERTEX_POINT('',#10383);
#2800=VERTEX_POINT('',#10387);
#2801=VERTEX_POINT('',#10398);
#2802=VERTEX_POINT('',#10405);
#2803=VERTEX_POINT('',#10411);
#2804=VERTEX_POINT('',#10419);
#2805=VERTEX_POINT('',#10421);
#2806=VERTEX_POINT('',#10423);
#2807=VERTEX_POINT('',#10425);
#2808=VERTEX_POINT('',#10427);
#2809=VERTEX_POINT('',#10429);
#2810=VERTEX_POINT('',#10431);
#2811=VERTEX_POINT('',#10433);
#2812=VERTEX_POINT('',#10442);
#2813=VERTEX_POINT('',#10444);
#2814=VERTEX_POINT('',#10446);
#2815=VERTEX_POINT('',#10448);
#2816=VERTEX_POINT('',#10450);
#2817=VERTEX_POINT('',#10452);
#2818=VERTEX_POINT('',#10454);
#2819=VERTEX_POINT('',#10456);
#2820=VERTEX_POINT('',#10458);
#2821=VERTEX_POINT('',#10461);
#2822=VERTEX_POINT('',#10463);
#2823=VERTEX_POINT('',#10468);
#2824=VERTEX_POINT('',#10469);
#2825=VERTEX_POINT('',#10471);
#2826=VERTEX_POINT('',#10473);
#2827=VERTEX_POINT('',#10501);
#2828=VERTEX_POINT('',#10502);
#2829=VERTEX_POINT('',#10531);
#2830=VERTEX_POINT('',#10532);
#2831=VERTEX_POINT('',#10537);
#2832=VERTEX_POINT('',#10538);
#2833=VERTEX_POINT('',#10543);
#2834=VERTEX_POINT('',#10544);
#2835=VERTEX_POINT('',#10573);
#2836=VERTEX_POINT('',#10574);
#2837=VERTEX_POINT('',#10603);
#2838=VERTEX_POINT('',#10604);
#2839=VERTEX_POINT('',#10612);
#2840=VERTEX_POINT('',#10614);
#2841=VERTEX_POINT('',#10618);
#2842=VERTEX_POINT('',#10622);
#2843=VERTEX_POINT('',#10626);
#2844=VERTEX_POINT('',#10631);
#2845=VERTEX_POINT('',#10632);
#2846=VERTEX_POINT('',#10635);
#2847=VERTEX_POINT('',#10637);
#2848=VERTEX_POINT('',#10642);
#2849=VERTEX_POINT('',#10644);
#2850=VERTEX_POINT('',#10649);
#2851=VERTEX_POINT('',#10650);
#2852=VERTEX_POINT('',#10653);
#2853=VERTEX_POINT('',#10655);
#2854=VERTEX_POINT('',#10660);
#2855=VERTEX_POINT('',#10662);
#2856=VERTEX_POINT('',#10671);
#2857=VERTEX_POINT('',#10674);
#2858=VERTEX_POINT('',#10678);
#2859=VERTEX_POINT('',#10683);
#2860=VERTEX_POINT('',#10687);
#2861=VERTEX_POINT('',#10693);
#2862=VERTEX_POINT('',#10697);
#2863=VERTEX_POINT('',#10706);
#2864=VERTEX_POINT('',#10710);
#2865=VERTEX_POINT('',#10714);
#2866=VERTEX_POINT('',#10715);
#2867=VERTEX_POINT('',#10717);
#2868=VERTEX_POINT('',#10728);
#2869=VERTEX_POINT('',#10732);
#2870=VERTEX_POINT('',#10736);
#2871=VERTEX_POINT('',#10740);
#2872=VERTEX_POINT('',#10748);
#2873=VERTEX_POINT('',#10754);
#2874=VERTEX_POINT('',#10764);
#2875=VERTEX_POINT('',#10765);
#2876=VERTEX_POINT('',#10768);
#2877=VERTEX_POINT('',#10770);
#2878=VERTEX_POINT('',#10774);
#2879=VERTEX_POINT('',#10776);
#2880=VERTEX_POINT('',#10781);
#2881=VERTEX_POINT('',#10782);
#2882=VERTEX_POINT('',#10785);
#2883=VERTEX_POINT('',#10787);
#2884=VERTEX_POINT('',#10791);
#2885=VERTEX_POINT('',#10793);
#2886=VERTEX_POINT('',#10799);
#2887=VERTEX_POINT('',#10878);
#2888=VERTEX_POINT('',#10932);
#2889=VERTEX_POINT('',#10936);
#2890=VERTEX_POINT('',#10938);
#2891=VERTEX_POINT('',#10948);
#2892=VERTEX_POINT('',#10949);
#2893=VERTEX_POINT('',#10958);
#2894=VERTEX_POINT('',#10960);
#2895=VERTEX_POINT('',#10964);
#2896=VERTEX_POINT('',#10965);
#2897=VERTEX_POINT('',#10970);
#2898=VERTEX_POINT('',#10971);
#2899=VERTEX_POINT('',#10976);
#2900=VERTEX_POINT('',#10977);
#2901=VERTEX_POINT('',#10982);
#2902=VERTEX_POINT('',#10983);
#2903=VERTEX_POINT('',#10995);
#2904=VERTEX_POINT('',#10997);
#2905=VERTEX_POINT('',#11001);
#2906=VERTEX_POINT('',#11005);
#2907=VERTEX_POINT('',#11009);
#2908=VERTEX_POINT('',#11013);
#2909=VERTEX_POINT('',#11015);
#2910=VERTEX_POINT('',#11019);
#2911=VERTEX_POINT('',#11020);
#2912=VERTEX_POINT('',#11029);
#2913=VERTEX_POINT('',#11031);
#2914=VERTEX_POINT('',#11035);
#2915=VERTEX_POINT('',#11036);
#2916=VERTEX_POINT('',#11041);
#2917=VERTEX_POINT('',#11042);
#2918=VERTEX_POINT('',#11047);
#2919=VERTEX_POINT('',#11048);
#2920=VERTEX_POINT('',#11053);
#2921=VERTEX_POINT('',#11054);
#2922=VERTEX_POINT('',#11066);
#2923=VERTEX_POINT('',#11068);
#2924=VERTEX_POINT('',#11071);
#2925=VERTEX_POINT('',#11074);
#2926=VERTEX_POINT('',#11075);
#2927=VERTEX_POINT('',#11077);
#2928=VERTEX_POINT('',#11079);
#2929=VERTEX_POINT('',#11082);
#2930=VERTEX_POINT('',#11083);
#2931=VERTEX_POINT('',#11085);
#2932=VERTEX_POINT('',#11087);
#2933=VERTEX_POINT('',#11089);
#2934=VERTEX_POINT('',#11091);
#2935=VERTEX_POINT('',#11093);
#2936=VERTEX_POINT('',#11095);
#2937=VERTEX_POINT('',#11098);
#2938=VERTEX_POINT('',#11099);
#2939=VERTEX_POINT('',#11101);
#2940=VERTEX_POINT('',#11103);
#2941=VERTEX_POINT('',#11107);
#2942=VERTEX_POINT('',#11109);
#2943=VERTEX_POINT('',#11113);
#2944=VERTEX_POINT('',#11117);
#2945=VERTEX_POINT('',#11119);
#2946=VERTEX_POINT('',#11123);
#2947=VERTEX_POINT('',#11127);
#2948=VERTEX_POINT('',#11131);
#2949=VERTEX_POINT('',#11135);
#2950=VERTEX_POINT('',#11139);
#2951=VERTEX_POINT('',#11144);
#2952=VERTEX_POINT('',#11145);
#2953=VERTEX_POINT('',#11150);
#2954=VERTEX_POINT('',#11154);
#2955=VERTEX_POINT('',#11155);
#2956=VERTEX_POINT('',#11160);
#2957=VERTEX_POINT('',#11164);
#2958=VERTEX_POINT('',#11165);
#2959=VERTEX_POINT('',#11170);
#2960=VERTEX_POINT('',#11171);
#2961=VERTEX_POINT('',#11176);
#2962=VERTEX_POINT('',#11177);
#2963=VERTEX_POINT('',#11182);
#2964=VERTEX_POINT('',#11183);
#2965=VERTEX_POINT('',#11188);
#2966=VERTEX_POINT('',#11189);
#2967=VERTEX_POINT('',#11202);
#2968=VERTEX_POINT('',#11203);
#2969=VERTEX_POINT('',#11206);
#2970=VERTEX_POINT('',#11207);
#2971=VERTEX_POINT('',#11210);
#2972=VERTEX_POINT('',#11211);
#2973=VERTEX_POINT('',#11213);
#2974=VERTEX_POINT('',#11215);
#2975=VERTEX_POINT('',#11218);
#2976=VERTEX_POINT('',#11219);
#2977=VERTEX_POINT('',#11221);
#2978=VERTEX_POINT('',#11223);
#2979=VERTEX_POINT('',#11227);
#2980=VERTEX_POINT('',#11229);
#2981=VERTEX_POINT('',#11233);
#2982=VERTEX_POINT('',#11237);
#2983=VERTEX_POINT('',#11248);
#2984=VERTEX_POINT('',#11250);
#2985=VERTEX_POINT('',#11254);
#2986=VERTEX_POINT('',#11258);
#2987=VERTEX_POINT('',#11281);
#2988=VERTEX_POINT('',#11283);
#2989=VERTEX_POINT('',#11287);
#2990=VERTEX_POINT('',#11291);
#2991=VERTEX_POINT('',#11293);
#2992=VERTEX_POINT('',#11297);
#2993=VERTEX_POINT('',#11301);
#2994=VERTEX_POINT('',#11303);
#2995=VERTEX_POINT('',#11308);
#2996=VERTEX_POINT('',#11310);
#2997=VERTEX_POINT('',#11315);
#2998=VERTEX_POINT('',#11316);
#2999=VERTEX_POINT('',#11318);
#3000=VERTEX_POINT('',#11320);
#3001=VERTEX_POINT('',#11322);
#3002=VERTEX_POINT('',#11324);
#3003=VERTEX_POINT('',#11326);
#3004=VERTEX_POINT('',#11328);
#3005=VERTEX_POINT('',#11332);
#3006=VERTEX_POINT('',#11333);
#3007=VERTEX_POINT('',#11335);
#3008=VERTEX_POINT('',#11337);
#3009=VERTEX_POINT('',#11341);
#3010=VERTEX_POINT('',#11342);
#3011=VERTEX_POINT('',#11347);
#3012=VERTEX_POINT('',#11348);
#3013=VERTEX_POINT('',#11353);
#3014=VERTEX_POINT('',#11354);
#3015=VERTEX_POINT('',#11359);
#3016=VERTEX_POINT('',#11360);
#3017=VERTEX_POINT('',#11365);
#3018=VERTEX_POINT('',#11366);
#3019=VERTEX_POINT('',#11371);
#3020=VERTEX_POINT('',#11372);
#3021=VERTEX_POINT('',#11389);
#3022=VERTEX_POINT('',#11390);
#3023=VERTEX_POINT('',#11392);
#3024=VERTEX_POINT('',#11394);
#3025=VERTEX_POINT('',#11396);
#3026=VERTEX_POINT('',#11398);
#3027=VERTEX_POINT('',#11400);
#3028=VERTEX_POINT('',#11402);
#3029=VERTEX_POINT('',#11406);
#3030=VERTEX_POINT('',#11408);
#3031=VERTEX_POINT('',#11412);
#3032=VERTEX_POINT('',#11416);
#3033=VERTEX_POINT('',#11420);
#3034=VERTEX_POINT('',#11424);
#3035=VERTEX_POINT('',#11428);
#3036=VERTEX_POINT('',#11432);
#3037=VERTEX_POINT('',#11467);
#3038=VERTEX_POINT('',#11468);
#3039=VERTEX_POINT('',#11470);
#3040=VERTEX_POINT('',#11472);
#3041=VERTEX_POINT('',#11476);
#3042=VERTEX_POINT('',#11478);
#3043=VERTEX_POINT('',#11484);
#3044=VERTEX_POINT('',#11486);
#3045=VERTEX_POINT('',#11492);
#3046=VERTEX_POINT('',#11494);
#3047=VERTEX_POINT('',#11498);
#3048=VERTEX_POINT('',#11500);
#3049=VERTEX_POINT('',#11504);
#3050=VERTEX_POINT('',#11505);
#3051=VERTEX_POINT('',#11507);
#3052=VERTEX_POINT('',#11509);
#3053=VERTEX_POINT('',#11513);
#3054=VERTEX_POINT('',#11515);
#3055=VERTEX_POINT('',#11521);
#3056=VERTEX_POINT('',#11523);
#3057=VERTEX_POINT('',#11529);
#3058=VERTEX_POINT('',#11531);
#3059=VERTEX_POINT('',#11538);
#3060=VERTEX_POINT('',#11539);
#3061=VERTEX_POINT('',#11541);
#3062=VERTEX_POINT('',#11543);
#3063=VERTEX_POINT('',#11547);
#3064=VERTEX_POINT('',#11549);
#3065=VERTEX_POINT('',#11555);
#3066=VERTEX_POINT('',#11557);
#3067=VERTEX_POINT('',#11563);
#3068=VERTEX_POINT('',#11565);
#3069=VERTEX_POINT('',#11572);
#3070=VERTEX_POINT('',#11573);
#3071=VERTEX_POINT('',#11576);
#3072=VERTEX_POINT('',#11578);
#3073=VERTEX_POINT('',#11580);
#3074=VERTEX_POINT('',#11582);
#3075=VERTEX_POINT('',#11586);
#3076=VERTEX_POINT('',#11590);
#3077=VERTEX_POINT('',#11596);
#3078=VERTEX_POINT('',#11602);
#3079=VERTEX_POINT('',#11609);
#3080=VERTEX_POINT('',#11610);
#3081=VERTEX_POINT('',#11613);
#3082=VERTEX_POINT('',#11615);
#3083=VERTEX_POINT('',#11619);
#3084=VERTEX_POINT('',#11620);
#3085=VERTEX_POINT('',#11626);
#3086=VERTEX_POINT('',#11627);
#3087=EDGE_CURVE('',#2483,#2484,#2373,.T.);
#3088=EDGE_CURVE('',#2483,#2485,#1257,.T.);
#3089=EDGE_CURVE('',#2486,#2485,#1234,.T.);
#3090=EDGE_CURVE('',#2487,#2486,#1258,.T.);
#3091=EDGE_CURVE('',#2488,#2487,#1218,.T.);
#3092=EDGE_CURVE('',#2484,#2488,#1259,.T.);
#3093=EDGE_CURVE('',#2489,#2490,#1219,.T.);
#3094=EDGE_CURVE('',#2491,#2489,#1260,.T.);
#3095=EDGE_CURVE('',#2492,#2491,#1235,.T.);
#3096=EDGE_CURVE('',#2492,#2493,#1261,.T.);
#3097=EDGE_CURVE('',#2494,#2493,#2374,.T.);
#3098=EDGE_CURVE('',#2490,#2494,#1262,.T.);
#3099=EDGE_CURVE('',#2495,#2496,#1220,.T.);
#3100=EDGE_CURVE('',#2497,#2495,#1263,.T.);
#3101=EDGE_CURVE('',#2498,#2497,#2375,.T.);
#3102=EDGE_CURVE('',#2498,#2499,#1264,.T.);
#3103=EDGE_CURVE('',#2500,#2499,#1236,.T.);
#3104=EDGE_CURVE('',#2496,#2500,#1265,.T.);
#3105=EDGE_CURVE('',#2501,#2502,#1221,.T.);
#3106=EDGE_CURVE('',#2503,#2501,#1266,.T.);
#3107=EDGE_CURVE('',#2504,#2503,#1237,.T.);
#3108=EDGE_CURVE('',#2504,#2505,#1267,.T.);
#3109=EDGE_CURVE('',#2506,#2505,#2376,.T.);
#3110=EDGE_CURVE('',#2502,#2506,#1268,.T.);
#3111=EDGE_CURVE('',#2507,#2494,#1269,.T.);
#3112=EDGE_CURVE('',#2508,#2507,#1270,.T.);
#3113=EDGE_CURVE('',#2508,#2509,#2377,.T.);
#3114=EDGE_CURVE('',#2490,#2509,#1271,.T.);
#3115=EDGE_CURVE('',#2493,#2483,#2378,.T.);
#3116=EDGE_CURVE('',#2510,#2484,#2379,.T.);
#3117=EDGE_CURVE('',#2507,#2510,#2380,.T.);
#3118=EDGE_CURVE('',#2511,#2488,#1272,.T.);
#3119=EDGE_CURVE('',#2512,#2511,#1273,.T.);
#3120=EDGE_CURVE('',#2510,#2512,#1274,.T.);
#3121=EDGE_CURVE('',#2487,#2513,#1275,.T.);
#3122=EDGE_CURVE('',#2513,#2511,#139,.T.);
#3123=EDGE_CURVE('',#2502,#2514,#1276,.T.);
#3124=EDGE_CURVE('',#2515,#2514,#140,.T.);
#3125=EDGE_CURVE('',#2515,#2501,#1277,.T.);
#3126=EDGE_CURVE('',#2516,#2506,#1278,.T.);
#3127=EDGE_CURVE('',#2517,#2516,#1279,.T.);
#3128=EDGE_CURVE('',#2517,#2514,#2381,.T.);
#3129=EDGE_CURVE('',#2496,#2518,#1280,.T.);
#3130=EDGE_CURVE('',#2519,#2518,#141,.T.);
#3131=EDGE_CURVE('',#2519,#2495,#1281,.T.);
#3132=EDGE_CURVE('',#2505,#2498,#2382,.T.);
#3133=EDGE_CURVE('',#2520,#2497,#2383,.T.);
#3134=EDGE_CURVE('',#2516,#2520,#2384,.T.);
#3135=EDGE_CURVE('',#2521,#2522,#1282,.T.);
#3136=EDGE_CURVE('',#2522,#2523,#1283,.T.);
#3137=EDGE_CURVE('',#2523,#2524,#1284,.T.);
#3138=EDGE_CURVE('',#2524,#2525,#1285,.T.);
#3139=EDGE_CURVE('',#2525,#2526,#1286,.T.);
#3140=EDGE_CURVE('',#2526,#2527,#1287,.T.);
#3141=EDGE_CURVE('',#2527,#2528,#1288,.T.);
#3142=EDGE_CURVE('',#2528,#2521,#1289,.T.);
#3143=EDGE_CURVE('',#2524,#2529,#1290,.T.);
#3144=EDGE_CURVE('',#2530,#2529,#1291,.T.);
#3145=EDGE_CURVE('',#2525,#2530,#1292,.T.);
#3146=EDGE_CURVE('',#2523,#2531,#1293,.T.);
#3147=EDGE_CURVE('',#2529,#2531,#1294,.T.);
#3148=EDGE_CURVE('',#2522,#2532,#1295,.T.);
#3149=EDGE_CURVE('',#2531,#2532,#1296,.T.);
#3150=EDGE_CURVE('',#2521,#2533,#1297,.T.);
#3151=EDGE_CURVE('',#2532,#2533,#1298,.T.);
#3152=EDGE_CURVE('',#2534,#2530,#1299,.T.);
#3153=EDGE_CURVE('',#2526,#2534,#1300,.T.);
#3154=EDGE_CURVE('',#2535,#2534,#1301,.T.);
#3155=EDGE_CURVE('',#2527,#2535,#1302,.T.);
#3156=EDGE_CURVE('',#2536,#2535,#1303,.T.);
#3157=EDGE_CURVE('',#2528,#2536,#1304,.T.);
#3158=EDGE_CURVE('',#2533,#2536,#1305,.T.);
#3159=EDGE_CURVE('',#2537,#2538,#1306,.T.);
#3160=EDGE_CURVE('',#2538,#2539,#1307,.T.);
#3161=EDGE_CURVE('',#2539,#2540,#1308,.T.);
#3162=EDGE_CURVE('',#2540,#2541,#1309,.T.);
#3163=EDGE_CURVE('',#2541,#2542,#1310,.T.);
#3164=EDGE_CURVE('',#2542,#2543,#1311,.T.);
#3165=EDGE_CURVE('',#2543,#2544,#1312,.T.);
#3166=EDGE_CURVE('',#2544,#2545,#1313,.T.);
#3167=EDGE_CURVE('',#2545,#2546,#1314,.T.);
#3168=EDGE_CURVE('',#2546,#2547,#1315,.T.);
#3169=EDGE_CURVE('',#2547,#2548,#1316,.T.);
#3170=EDGE_CURVE('',#2548,#2537,#1317,.T.);
#3171=EDGE_CURVE('',#2542,#2549,#1318,.T.);
#3172=EDGE_CURVE('',#2550,#2549,#1319,.T.);
#3173=EDGE_CURVE('',#2543,#2550,#1320,.T.);
#3174=EDGE_CURVE('',#2541,#2551,#1321,.T.);
#3175=EDGE_CURVE('',#2549,#2551,#1322,.T.);
#3176=EDGE_CURVE('',#2540,#2552,#1323,.T.);
#3177=EDGE_CURVE('',#2551,#2552,#1324,.T.);
#3178=EDGE_CURVE('',#2539,#2553,#1325,.T.);
#3179=EDGE_CURVE('',#2552,#2553,#1326,.T.);
#3180=EDGE_CURVE('',#2538,#2554,#1327,.T.);
#3181=EDGE_CURVE('',#2553,#2554,#1328,.T.);
#3182=EDGE_CURVE('',#2537,#2555,#1329,.T.);
#3183=EDGE_CURVE('',#2554,#2555,#1330,.T.);
#3184=EDGE_CURVE('',#2556,#2550,#1331,.T.);
#3185=EDGE_CURVE('',#2544,#2556,#1332,.T.);
#3186=EDGE_CURVE('',#2557,#2556,#1333,.T.);
#3187=EDGE_CURVE('',#2545,#2557,#1334,.T.);
#3188=EDGE_CURVE('',#2558,#2557,#1335,.T.);
#3189=EDGE_CURVE('',#2546,#2558,#1336,.T.);
#3190=EDGE_CURVE('',#2559,#2558,#1337,.T.);
#3191=EDGE_CURVE('',#2547,#2559,#1338,.T.);
#3192=EDGE_CURVE('',#2560,#2559,#1339,.T.);
#3193=EDGE_CURVE('',#2548,#2560,#1340,.T.);
#3194=EDGE_CURVE('',#2555,#2560,#1341,.T.);
#3195=EDGE_CURVE('',#2561,#2562,#1342,.T.);
#3196=EDGE_CURVE('',#2562,#2563,#1343,.T.);
#3197=EDGE_CURVE('',#2563,#2564,#1344,.T.);
#3198=EDGE_CURVE('',#2564,#2565,#1345,.T.);
#3199=EDGE_CURVE('',#2565,#2566,#1346,.T.);
#3200=EDGE_CURVE('',#2566,#2567,#1347,.T.);
#3201=EDGE_CURVE('',#2567,#2568,#1348,.T.);
#3202=EDGE_CURVE('',#2568,#2561,#1349,.T.);
#3203=EDGE_CURVE('',#2569,#2570,#1350,.T.);
#3204=EDGE_CURVE('',#2570,#2571,#1351,.T.);
#3205=EDGE_CURVE('',#2571,#2572,#1352,.T.);
#3206=EDGE_CURVE('',#2572,#2573,#2385,.T.);
#3207=EDGE_CURVE('',#2573,#2569,#2386,.T.);
#3208=EDGE_CURVE('',#2571,#2574,#1353,.T.);
#3209=EDGE_CURVE('',#2575,#2574,#1354,.T.);
#3210=EDGE_CURVE('',#2572,#2575,#1355,.T.);
#3211=EDGE_CURVE('',#2570,#2576,#1356,.T.);
#3212=EDGE_CURVE('',#2574,#2576,#1357,.T.);
#3213=EDGE_CURVE('',#2569,#2577,#1358,.T.);
#3214=EDGE_CURVE('',#2576,#2577,#1359,.T.);
#3215=EDGE_CURVE('',#2564,#2578,#1360,.T.);
#3216=EDGE_CURVE('',#2579,#2578,#1361,.T.);
#3217=EDGE_CURVE('',#2565,#2579,#1362,.T.);
#3218=EDGE_CURVE('',#2563,#2580,#1363,.T.);
#3219=EDGE_CURVE('',#2578,#2580,#1364,.T.);
#3220=EDGE_CURVE('',#2562,#2581,#1365,.T.);
#3221=EDGE_CURVE('',#2580,#2581,#1366,.T.);
#3222=EDGE_CURVE('',#2561,#2582,#1367,.T.);
#3223=EDGE_CURVE('',#2581,#2582,#1368,.T.);
#3224=EDGE_CURVE('',#2573,#2583,#1369,.T.);
#3225=EDGE_CURVE('',#2577,#2583,#2387,.T.);
#3226=EDGE_CURVE('',#2583,#2575,#2388,.T.);
#3227=EDGE_CURVE('',#2584,#2579,#1370,.T.);
#3228=EDGE_CURVE('',#2566,#2584,#1371,.T.);
#3229=EDGE_CURVE('',#2585,#2584,#1372,.T.);
#3230=EDGE_CURVE('',#2567,#2585,#1373,.T.);
#3231=EDGE_CURVE('',#2586,#2585,#1374,.T.);
#3232=EDGE_CURVE('',#2568,#2586,#1375,.T.);
#3233=EDGE_CURVE('',#2582,#2586,#1376,.T.);
#3234=EDGE_CURVE('',#2587,#2588,#1377,.T.);
#3235=EDGE_CURVE('',#2588,#2589,#1378,.T.);
#3236=EDGE_CURVE('',#2589,#2590,#1379,.T.);
#3237=EDGE_CURVE('',#2590,#2591,#1380,.T.);
#3238=EDGE_CURVE('',#2591,#2592,#1381,.T.);
#3239=EDGE_CURVE('',#2592,#2593,#1382,.T.);
#3240=EDGE_CURVE('',#2593,#2594,#1383,.T.);
#3241=EDGE_CURVE('',#2594,#2595,#1384,.T.);
#3242=EDGE_CURVE('',#2595,#2596,#1385,.T.);
#3243=EDGE_CURVE('',#2596,#2597,#1386,.T.);
#3244=EDGE_CURVE('',#2597,#2598,#2389,.T.);
#3245=EDGE_CURVE('',#2598,#2599,#2390,.T.);
#3246=EDGE_CURVE('',#2599,#2600,#1387,.T.);
#3247=EDGE_CURVE('',#2600,#2601,#1388,.T.);
#3248=EDGE_CURVE('',#2601,#2587,#1389,.T.);
#3249=EDGE_CURVE('',#2594,#2602,#1390,.T.);
#3250=EDGE_CURVE('',#2603,#2602,#1391,.T.);
#3251=EDGE_CURVE('',#2595,#2603,#1392,.T.);
#3252=EDGE_CURVE('',#2593,#2604,#1393,.T.);
#3253=EDGE_CURVE('',#2602,#2604,#1394,.T.);
#3254=EDGE_CURVE('',#2592,#2605,#1395,.T.);
#3255=EDGE_CURVE('',#2604,#2605,#1396,.T.);
#3256=EDGE_CURVE('',#2591,#2606,#1397,.T.);
#3257=EDGE_CURVE('',#2605,#2606,#1398,.T.);
#3258=EDGE_CURVE('',#2590,#2607,#1399,.T.);
#3259=EDGE_CURVE('',#2606,#2607,#1400,.T.);
#3260=EDGE_CURVE('',#2589,#2608,#1401,.T.);
#3261=EDGE_CURVE('',#2607,#2608,#1402,.T.);
#3262=EDGE_CURVE('',#2588,#2609,#1403,.T.);
#3263=EDGE_CURVE('',#2608,#2609,#1404,.T.);
#3264=EDGE_CURVE('',#2587,#2610,#1405,.T.);
#3265=EDGE_CURVE('',#2609,#2610,#1406,.T.);
#3266=EDGE_CURVE('',#2611,#2603,#1407,.T.);
#3267=EDGE_CURVE('',#2596,#2611,#1408,.T.);
#3268=EDGE_CURVE('',#2612,#2611,#1409,.T.);
#3269=EDGE_CURVE('',#2597,#2612,#1410,.T.);
#3270=EDGE_CURVE('',#2613,#2612,#2391,.T.);
#3271=EDGE_CURVE('',#2598,#2613,#1411,.T.);
#3272=EDGE_CURVE('',#2614,#2613,#2392,.T.);
#3273=EDGE_CURVE('',#2599,#2614,#1412,.T.);
#3274=EDGE_CURVE('',#2615,#2614,#1413,.T.);
#3275=EDGE_CURVE('',#2600,#2615,#1414,.T.);
#3276=EDGE_CURVE('',#2616,#2615,#1415,.T.);
#3277=EDGE_CURVE('',#2601,#2616,#1416,.T.);
#3278=EDGE_CURVE('',#2610,#2616,#1417,.T.);
#3279=EDGE_CURVE('',#2617,#2618,#1418,.T.);
#3280=EDGE_CURVE('',#2618,#2619,#1419,.T.);
#3281=EDGE_CURVE('',#2619,#2620,#1420,.T.);
#3282=EDGE_CURVE('',#2620,#2621,#1421,.T.);
#3283=EDGE_CURVE('',#2621,#2622,#1422,.T.);
#3284=EDGE_CURVE('',#2622,#2623,#1423,.T.);
#3285=EDGE_CURVE('',#2623,#2624,#1424,.T.);
#3286=EDGE_CURVE('',#2624,#2625,#1425,.T.);
#3287=EDGE_CURVE('',#2625,#2626,#1426,.T.);
#3288=EDGE_CURVE('',#2626,#2627,#1427,.T.);
#3289=EDGE_CURVE('',#2627,#2628,#2393,.T.);
#3290=EDGE_CURVE('',#2628,#2629,#2394,.T.);
#3291=EDGE_CURVE('',#2629,#2630,#1428,.T.);
#3292=EDGE_CURVE('',#2630,#2631,#1429,.T.);
#3293=EDGE_CURVE('',#2631,#2617,#1430,.T.);
#3294=EDGE_CURVE('',#2624,#2632,#1431,.T.);
#3295=EDGE_CURVE('',#2633,#2632,#1432,.T.);
#3296=EDGE_CURVE('',#2625,#2633,#1433,.T.);
#3297=EDGE_CURVE('',#2623,#2634,#1434,.T.);
#3298=EDGE_CURVE('',#2632,#2634,#1435,.T.);
#3299=EDGE_CURVE('',#2622,#2635,#1436,.T.);
#3300=EDGE_CURVE('',#2634,#2635,#1437,.T.);
#3301=EDGE_CURVE('',#2621,#2636,#1438,.T.);
#3302=EDGE_CURVE('',#2635,#2636,#1439,.T.);
#3303=EDGE_CURVE('',#2620,#2637,#1440,.T.);
#3304=EDGE_CURVE('',#2636,#2637,#1441,.T.);
#3305=EDGE_CURVE('',#2619,#2638,#1442,.T.);
#3306=EDGE_CURVE('',#2637,#2638,#1443,.T.);
#3307=EDGE_CURVE('',#2618,#2639,#1444,.T.);
#3308=EDGE_CURVE('',#2638,#2639,#1445,.T.);
#3309=EDGE_CURVE('',#2617,#2640,#1446,.T.);
#3310=EDGE_CURVE('',#2639,#2640,#1447,.T.);
#3311=EDGE_CURVE('',#2641,#2633,#1448,.T.);
#3312=EDGE_CURVE('',#2626,#2641,#1449,.T.);
#3313=EDGE_CURVE('',#2642,#2641,#1450,.T.);
#3314=EDGE_CURVE('',#2627,#2642,#1451,.T.);
#3315=EDGE_CURVE('',#2643,#2642,#2395,.T.);
#3316=EDGE_CURVE('',#2628,#2643,#1452,.T.);
#3317=EDGE_CURVE('',#2644,#2643,#2396,.T.);
#3318=EDGE_CURVE('',#2629,#2644,#1453,.T.);
#3319=EDGE_CURVE('',#2645,#2644,#1454,.T.);
#3320=EDGE_CURVE('',#2630,#2645,#1455,.T.);
#3321=EDGE_CURVE('',#2646,#2645,#1456,.T.);
#3322=EDGE_CURVE('',#2631,#2646,#1457,.T.);
#3323=EDGE_CURVE('',#2640,#2646,#1458,.T.);
#3324=EDGE_CURVE('',#2647,#2648,#2397,.T.);
#3325=EDGE_CURVE('',#2648,#2649,#2398,.T.);
#3326=EDGE_CURVE('',#2649,#2650,#2399,.T.);
#3327=EDGE_CURVE('',#2650,#2647,#2400,.T.);
#3328=EDGE_CURVE('',#2651,#2652,#2401,.T.);
#3329=EDGE_CURVE('',#2652,#2653,#2402,.T.);
#3330=EDGE_CURVE('',#2653,#2654,#2403,.T.);
#3331=EDGE_CURVE('',#2654,#2651,#2404,.T.);
#3332=EDGE_CURVE('',#2652,#2655,#1459,.T.);
#3333=EDGE_CURVE('',#2656,#2655,#2405,.T.);
#3334=EDGE_CURVE('',#2653,#2656,#1460,.T.);
#3335=EDGE_CURVE('',#2651,#2657,#1461,.T.);
#3336=EDGE_CURVE('',#2655,#2657,#2406,.T.);
#3337=EDGE_CURVE('',#2648,#2658,#1462,.T.);
#3338=EDGE_CURVE('',#2659,#2658,#2407,.T.);
#3339=EDGE_CURVE('',#2649,#2659,#1463,.T.);
#3340=EDGE_CURVE('',#2647,#2660,#1464,.T.);
#3341=EDGE_CURVE('',#2658,#2660,#2408,.T.);
#3342=EDGE_CURVE('',#2654,#2661,#1465,.T.);
#3343=EDGE_CURVE('',#2657,#2661,#2409,.T.);
#3344=EDGE_CURVE('',#2661,#2656,#2410,.T.);
#3345=EDGE_CURVE('',#2662,#2659,#2411,.T.);
#3346=EDGE_CURVE('',#2650,#2662,#1466,.T.);
#3347=EDGE_CURVE('',#2660,#2662,#2412,.T.);
#3348=EDGE_CURVE('',#2663,#2664,#1467,.T.);
#3349=EDGE_CURVE('',#2664,#2665,#1468,.T.);
#3350=EDGE_CURVE('',#2665,#2666,#1469,.T.);
#3351=EDGE_CURVE('',#2666,#2667,#1470,.T.);
#3352=EDGE_CURVE('',#2667,#2668,#1471,.T.);
#3353=EDGE_CURVE('',#2668,#2669,#1472,.T.);
#3354=EDGE_CURVE('',#2669,#2670,#1473,.T.);
#3355=EDGE_CURVE('',#2670,#2671,#1474,.T.);
#3356=EDGE_CURVE('',#2671,#2672,#1475,.T.);
#3357=EDGE_CURVE('',#2672,#2663,#1476,.T.);
#3358=EDGE_CURVE('',#2667,#2673,#1477,.T.);
#3359=EDGE_CURVE('',#2674,#2673,#1478,.T.);
#3360=EDGE_CURVE('',#2668,#2674,#1479,.T.);
#3361=EDGE_CURVE('',#2666,#2675,#1480,.T.);
#3362=EDGE_CURVE('',#2673,#2675,#1481,.T.);
#3363=EDGE_CURVE('',#2665,#2676,#1482,.T.);
#3364=EDGE_CURVE('',#2675,#2676,#1483,.T.);
#3365=EDGE_CURVE('',#2664,#2677,#1484,.T.);
#3366=EDGE_CURVE('',#2676,#2677,#1485,.T.);
#3367=EDGE_CURVE('',#2663,#2678,#1486,.T.);
#3368=EDGE_CURVE('',#2677,#2678,#1487,.T.);
#3369=EDGE_CURVE('',#2679,#2674,#1488,.T.);
#3370=EDGE_CURVE('',#2669,#2679,#1489,.T.);
#3371=EDGE_CURVE('',#2680,#2679,#1490,.T.);
#3372=EDGE_CURVE('',#2670,#2680,#1491,.T.);
#3373=EDGE_CURVE('',#2681,#2680,#1492,.T.);
#3374=EDGE_CURVE('',#2671,#2681,#1493,.T.);
#3375=EDGE_CURVE('',#2682,#2681,#1494,.T.);
#3376=EDGE_CURVE('',#2672,#2682,#1495,.T.);
#3377=EDGE_CURVE('',#2678,#2682,#1496,.T.);
#3378=EDGE_CURVE('',#2683,#2684,#1497,.T.);
#3379=EDGE_CURVE('',#2684,#2685,#2413,.T.);
#3380=EDGE_CURVE('',#2685,#2686,#2414,.T.);
#3381=EDGE_CURVE('',#2686,#2687,#2415,.T.);
#3382=EDGE_CURVE('',#2687,#2688,#2416,.T.);
#3383=EDGE_CURVE('',#2688,#2689,#1498,.T.);
#3384=EDGE_CURVE('',#2689,#2683,#1499,.T.);
#3385=EDGE_CURVE('',#2690,#2691,#2417,.T.);
#3386=EDGE_CURVE('',#2691,#2692,#1500,.T.);
#3387=EDGE_CURVE('',#2692,#2693,#1501,.T.);
#3388=EDGE_CURVE('',#2693,#2694,#1502,.T.);
#3389=EDGE_CURVE('',#2694,#2695,#2418,.T.);
#3390=EDGE_CURVE('',#2695,#2696,#2419,.T.);
#3391=EDGE_CURVE('',#2696,#2690,#2420,.T.);
#3392=EDGE_CURVE('',#2693,#2697,#1503,.T.);
#3393=EDGE_CURVE('',#2698,#2697,#1504,.T.);
#3394=EDGE_CURVE('',#2694,#2698,#1505,.T.);
#3395=EDGE_CURVE('',#2692,#2699,#1506,.T.);
#3396=EDGE_CURVE('',#2697,#2699,#1507,.T.);
#3397=EDGE_CURVE('',#2691,#2700,#1508,.T.);
#3398=EDGE_CURVE('',#2699,#2700,#1509,.T.);
#3399=EDGE_CURVE('',#2690,#2701,#1510,.T.);
#3400=EDGE_CURVE('',#2700,#2701,#2421,.T.);
#3401=EDGE_CURVE('',#2686,#2702,#1511,.T.);
#3402=EDGE_CURVE('',#2703,#2702,#2422,.T.);
#3403=EDGE_CURVE('',#2687,#2703,#1512,.T.);
#3404=EDGE_CURVE('',#2685,#2704,#1513,.T.);
#3405=EDGE_CURVE('',#2702,#2704,#2423,.T.);
#3406=EDGE_CURVE('',#2684,#2705,#1514,.T.);
#3407=EDGE_CURVE('',#2704,#2705,#2424,.T.);
#3408=EDGE_CURVE('',#2683,#2706,#1515,.T.);
#3409=EDGE_CURVE('',#2705,#2706,#1516,.T.);
#3410=EDGE_CURVE('',#2696,#2707,#1517,.T.);
#3411=EDGE_CURVE('',#2701,#2707,#2425,.T.);
#3412=EDGE_CURVE('',#2695,#2708,#1518,.T.);
#3413=EDGE_CURVE('',#2707,#2708,#2426,.T.);
#3414=EDGE_CURVE('',#2708,#2698,#2427,.T.);
#3415=EDGE_CURVE('',#2709,#2703,#2428,.T.);
#3416=EDGE_CURVE('',#2688,#2709,#1519,.T.);
#3417=EDGE_CURVE('',#2710,#2709,#1520,.T.);
#3418=EDGE_CURVE('',#2689,#2710,#1521,.T.);
#3419=EDGE_CURVE('',#2706,#2710,#1522,.T.);
#3420=EDGE_CURVE('',#2711,#2712,#1523,.T.);
#3421=EDGE_CURVE('',#2712,#2713,#1524,.T.);
#3422=EDGE_CURVE('',#2713,#2714,#2429,.T.);
#3423=EDGE_CURVE('',#2714,#2715,#1525,.T.);
#3424=EDGE_CURVE('',#2715,#2716,#2430,.T.);
#3425=EDGE_CURVE('',#2716,#2717,#1526,.T.);
#3426=EDGE_CURVE('',#2717,#2711,#1527,.T.);
#3427=EDGE_CURVE('',#2714,#2718,#1528,.T.);
#3428=EDGE_CURVE('',#2719,#2718,#1529,.T.);
#3429=EDGE_CURVE('',#2715,#2719,#1530,.T.);
#3430=EDGE_CURVE('',#2713,#2720,#1531,.T.);
#3431=EDGE_CURVE('',#2718,#2720,#2431,.T.);
#3432=EDGE_CURVE('',#2712,#2721,#1532,.T.);
#3433=EDGE_CURVE('',#2720,#2721,#1533,.T.);
#3434=EDGE_CURVE('',#2711,#2722,#1534,.T.);
#3435=EDGE_CURVE('',#2721,#2722,#1535,.T.);
#3436=EDGE_CURVE('',#2723,#2719,#2432,.T.);
#3437=EDGE_CURVE('',#2716,#2723,#1536,.T.);
#3438=EDGE_CURVE('',#2724,#2723,#1537,.T.);
#3439=EDGE_CURVE('',#2717,#2724,#1538,.T.);
#3440=EDGE_CURVE('',#2722,#2724,#1539,.T.);
#3441=EDGE_CURVE('',#2725,#2726,#2433,.T.);
#3442=EDGE_CURVE('',#2726,#2727,#2434,.T.);
#3443=EDGE_CURVE('',#2727,#2728,#2435,.T.);
#3444=EDGE_CURVE('',#2728,#2729,#2436,.T.);
#3445=EDGE_CURVE('',#2729,#2730,#2437,.T.);
#3446=EDGE_CURVE('',#2730,#2731,#1540,.T.);
#3447=EDGE_CURVE('',#2731,#2732,#1541,.T.);
#3448=EDGE_CURVE('',#2732,#2733,#1542,.T.);
#3449=EDGE_CURVE('',#2733,#2734,#1543,.T.);
#3450=EDGE_CURVE('',#2734,#2735,#1544,.T.);
#3451=EDGE_CURVE('',#2735,#2736,#1545,.T.);
#3452=EDGE_CURVE('',#2736,#2737,#2438,.T.);
#3453=EDGE_CURVE('',#2737,#2738,#2439,.T.);
#3454=EDGE_CURVE('',#2738,#2739,#2440,.T.);
#3455=EDGE_CURVE('',#2739,#2740,#2441,.T.);
#3456=EDGE_CURVE('',#2740,#2725,#1546,.T.);
#3457=EDGE_CURVE('',#2732,#2741,#1547,.T.);
#3458=EDGE_CURVE('',#2742,#2741,#1548,.T.);
#3459=EDGE_CURVE('',#2733,#2742,#1549,.T.);
#3460=EDGE_CURVE('',#2731,#2743,#1550,.T.);
#3461=EDGE_CURVE('',#2741,#2743,#1551,.T.);
#3462=EDGE_CURVE('',#2730,#2744,#1552,.T.);
#3463=EDGE_CURVE('',#2743,#2744,#1553,.T.);
#3464=EDGE_CURVE('',#2729,#2745,#1554,.T.);
#3465=EDGE_CURVE('',#2744,#2745,#2442,.T.);
#3466=EDGE_CURVE('',#2728,#2746,#1555,.T.);
#3467=EDGE_CURVE('',#2745,#2746,#2443,.T.);
#3468=EDGE_CURVE('',#2727,#2747,#1556,.T.);
#3469=EDGE_CURVE('',#2746,#2747,#2444,.T.);
#3470=EDGE_CURVE('',#2726,#2748,#1557,.T.);
#3471=EDGE_CURVE('',#2747,#2748,#2445,.T.);
#3472=EDGE_CURVE('',#2725,#2749,#1558,.T.);
#3473=EDGE_CURVE('',#2748,#2749,#2446,.T.);
#3474=EDGE_CURVE('',#2750,#2742,#1559,.T.);
#3475=EDGE_CURVE('',#2734,#2750,#1560,.T.);
#3476=EDGE_CURVE('',#2751,#2750,#1561,.T.);
#3477=EDGE_CURVE('',#2735,#2751,#1562,.T.);
#3478=EDGE_CURVE('',#2752,#2751,#1563,.T.);
#3479=EDGE_CURVE('',#2736,#2752,#1564,.T.);
#3480=EDGE_CURVE('',#2753,#2752,#2447,.T.);
#3481=EDGE_CURVE('',#2737,#2753,#1565,.T.);
#3482=EDGE_CURVE('',#2754,#2753,#2448,.T.);
#3483=EDGE_CURVE('',#2738,#2754,#1566,.T.);
#3484=EDGE_CURVE('',#2755,#2754,#2449,.T.);
#3485=EDGE_CURVE('',#2739,#2755,#1567,.T.);
#3486=EDGE_CURVE('',#2756,#2755,#2450,.T.);
#3487=EDGE_CURVE('',#2740,#2756,#1568,.T.);
#3488=EDGE_CURVE('',#2749,#2756,#1569,.T.);
#3489=EDGE_CURVE('',#2757,#2758,#2451,.T.);
#3490=EDGE_CURVE('',#2758,#2759,#2452,.T.);
#3491=EDGE_CURVE('',#2759,#2760,#2453,.T.);
#3492=EDGE_CURVE('',#2760,#2761,#2454,.T.);
#3493=EDGE_CURVE('',#2761,#2762,#2455,.T.);
#3494=EDGE_CURVE('',#2762,#2763,#1570,.T.);
#3495=EDGE_CURVE('',#2763,#2764,#1571,.T.);
#3496=EDGE_CURVE('',#2764,#2765,#1572,.T.);
#3497=EDGE_CURVE('',#2765,#2766,#1573,.T.);
#3498=EDGE_CURVE('',#2766,#2767,#1574,.T.);
#3499=EDGE_CURVE('',#2767,#2768,#1575,.T.);
#3500=EDGE_CURVE('',#2768,#2769,#2456,.T.);
#3501=EDGE_CURVE('',#2769,#2770,#2457,.T.);
#3502=EDGE_CURVE('',#2770,#2771,#2458,.T.);
#3503=EDGE_CURVE('',#2771,#2772,#2459,.T.);
#3504=EDGE_CURVE('',#2772,#2757,#1576,.T.);
#3505=EDGE_CURVE('',#2764,#2773,#1577,.T.);
#3506=EDGE_CURVE('',#2774,#2773,#1578,.T.);
#3507=EDGE_CURVE('',#2765,#2774,#1579,.T.);
#3508=EDGE_CURVE('',#2763,#2775,#1580,.T.);
#3509=EDGE_CURVE('',#2773,#2775,#1581,.T.);
#3510=EDGE_CURVE('',#2762,#2776,#1582,.T.);
#3511=EDGE_CURVE('',#2775,#2776,#1583,.T.);
#3512=EDGE_CURVE('',#2761,#2777,#1584,.T.);
#3513=EDGE_CURVE('',#2776,#2777,#2460,.T.);
#3514=EDGE_CURVE('',#2760,#2778,#1585,.T.);
#3515=EDGE_CURVE('',#2777,#2778,#2461,.T.);
#3516=EDGE_CURVE('',#2759,#2779,#1586,.T.);
#3517=EDGE_CURVE('',#2778,#2779,#2462,.T.);
#3518=EDGE_CURVE('',#2758,#2780,#1587,.T.);
#3519=EDGE_CURVE('',#2779,#2780,#2463,.T.);
#3520=EDGE_CURVE('',#2757,#2781,#1588,.T.);
#3521=EDGE_CURVE('',#2780,#2781,#2464,.T.);
#3522=EDGE_CURVE('',#2782,#2774,#1589,.T.);
#3523=EDGE_CURVE('',#2766,#2782,#1590,.T.);
#3524=EDGE_CURVE('',#2783,#2782,#1591,.T.);
#3525=EDGE_CURVE('',#2767,#2783,#1592,.T.);
#3526=EDGE_CURVE('',#2784,#2783,#1593,.T.);
#3527=EDGE_CURVE('',#2768,#2784,#1594,.T.);
#3528=EDGE_CURVE('',#2785,#2784,#2465,.T.);
#3529=EDGE_CURVE('',#2769,#2785,#1595,.T.);
#3530=EDGE_CURVE('',#2786,#2785,#2466,.T.);
#3531=EDGE_CURVE('',#2770,#2786,#1596,.T.);
#3532=EDGE_CURVE('',#2787,#2786,#2467,.T.);
#3533=EDGE_CURVE('',#2771,#2787,#1597,.T.);
#3534=EDGE_CURVE('',#2788,#2787,#2468,.T.);
#3535=EDGE_CURVE('',#2772,#2788,#1598,.T.);
#3536=EDGE_CURVE('',#2781,#2788,#1599,.T.);
#3537=EDGE_CURVE('',#2789,#2790,#1600,.T.);
#3538=EDGE_CURVE('',#2790,#2791,#1601,.T.);
#3539=EDGE_CURVE('',#2791,#2792,#2469,.T.);
#3540=EDGE_CURVE('',#2792,#2793,#1602,.T.);
#3541=EDGE_CURVE('',#2793,#2794,#2470,.T.);
#3542=EDGE_CURVE('',#2794,#2795,#1603,.T.);
#3543=EDGE_CURVE('',#2795,#2789,#1604,.T.);
#3544=EDGE_CURVE('',#2792,#2796,#1605,.T.);
#3545=EDGE_CURVE('',#2797,#2796,#1606,.T.);
#3546=EDGE_CURVE('',#2793,#2797,#1607,.T.);
#3547=EDGE_CURVE('',#2791,#2798,#1608,.T.);
#3548=EDGE_CURVE('',#2796,#2798,#2471,.T.);
#3549=EDGE_CURVE('',#2790,#2799,#1609,.T.);
#3550=EDGE_CURVE('',#2798,#2799,#1610,.T.);
#3551=EDGE_CURVE('',#2789,#2800,#1611,.T.);
#3552=EDGE_CURVE('',#2799,#2800,#1612,.T.);
#3553=EDGE_CURVE('',#2801,#2797,#2472,.T.);
#3554=EDGE_CURVE('',#2794,#2801,#1613,.T.);
#3555=EDGE_CURVE('',#2802,#2801,#1614,.T.);
#3556=EDGE_CURVE('',#2795,#2802,#1615,.T.);
#3557=EDGE_CURVE('',#2800,#2802,#1616,.T.);
#3558=EDGE_CURVE('',#2803,#2489,#1617,.T.);
#3559=EDGE_CURVE('',#2518,#2803,#2473,.T.);
#3560=EDGE_CURVE('',#2500,#2804,#142,.T.);
#3561=EDGE_CURVE('',#2804,#2805,#1618,.T.);
#3562=EDGE_CURVE('',#2805,#2806,#143,.T.);
#3563=EDGE_CURVE('',#2806,#2807,#1619,.T.);
#3564=EDGE_CURVE('',#2807,#2808,#144,.T.);
#3565=EDGE_CURVE('',#2808,#2809,#1620,.T.);
#3566=EDGE_CURVE('',#2809,#2810,#145,.T.);
#3567=EDGE_CURVE('',#2810,#2811,#1621,.T.);
#3568=EDGE_CURVE('',#2811,#2503,#146,.T.);
#3569=EDGE_CURVE('',#2513,#2515,#2474,.T.);
#3570=EDGE_CURVE('',#2486,#2812,#147,.T.);
#3571=EDGE_CURVE('',#2812,#2813,#148,.T.);
#3572=EDGE_CURVE('',#2813,#2814,#1622,.T.);
#3573=EDGE_CURVE('',#2814,#2815,#149,.T.);
#3574=EDGE_CURVE('',#2815,#2816,#1623,.T.);
#3575=EDGE_CURVE('',#2816,#2817,#150,.T.);
#3576=EDGE_CURVE('',#2817,#2818,#1624,.T.);
#3577=EDGE_CURVE('',#2818,#2819,#151,.T.);
#3578=EDGE_CURVE('',#2819,#2820,#1625,.T.);
#3579=EDGE_CURVE('',#2820,#2491,#152,.T.);
#3580=EDGE_CURVE('',#2821,#2821,#153,.T.);
#3581=EDGE_CURVE('',#2822,#2822,#154,.T.);
#3582=EDGE_CURVE('',#2823,#2824,#155,.T.);
#3583=EDGE_CURVE('',#2824,#2825,#1626,.T.);
#3584=EDGE_CURVE('',#2825,#2826,#156,.T.);
#3585=EDGE_CURVE('',#2826,#2823,#1627,.T.);
#3586=EDGE_CURVE('',#2827,#2828,#157,.T.);
#3587=EDGE_CURVE('',#2828,#2824,#1222,.T.);
#3588=EDGE_CURVE('',#2823,#2827,#1223,.T.);
#3589=EDGE_CURVE('',#2829,#2830,#158,.T.);
#3590=EDGE_CURVE('',#2830,#2826,#1224,.T.);
#3591=EDGE_CURVE('',#2825,#2829,#1225,.T.);
#3592=EDGE_CURVE('',#2831,#2832,#159,.T.);
#3593=EDGE_CURVE('',#2832,#2828,#1628,.T.);
#3594=EDGE_CURVE('',#2827,#2831,#1629,.T.);
#3595=EDGE_CURVE('',#2833,#2834,#160,.T.);
#3596=EDGE_CURVE('',#2834,#2830,#1630,.T.);
#3597=EDGE_CURVE('',#2829,#2833,#1631,.T.);
#3598=EDGE_CURVE('',#2835,#2836,#161,.T.);
#3599=EDGE_CURVE('',#2836,#2832,#1226,.T.);
#3600=EDGE_CURVE('',#2831,#2835,#1227,.T.);
#3601=EDGE_CURVE('',#2837,#2838,#162,.T.);
#3602=EDGE_CURVE('',#2838,#2834,#1228,.T.);
#3603=EDGE_CURVE('',#2833,#2837,#1229,.T.);
#3604=EDGE_CURVE('',#2835,#2838,#1632,.T.);
#3605=EDGE_CURVE('',#2837,#2836,#1633,.T.);
#3606=EDGE_CURVE('',#2831,#2839,#1634,.T.);
#3607=EDGE_CURVE('',#2839,#2840,#1230,.T.);
#3608=EDGE_CURVE('',#2840,#2835,#1635,.T.);
#3609=EDGE_CURVE('',#2841,#2827,#1636,.T.);
#3610=EDGE_CURVE('',#2841,#2839,#1637,.T.);
#3611=EDGE_CURVE('',#2823,#2842,#1638,.T.);
#3612=EDGE_CURVE('',#2842,#2841,#1231,.T.);
#3613=EDGE_CURVE('',#2843,#2826,#1639,.T.);
#3614=EDGE_CURVE('',#2843,#2842,#1640,.T.);
#3615=EDGE_CURVE('',#2844,#2845,#163,.T.);
#3616=EDGE_CURVE('',#2845,#2844,#164,.T.);
#3617=EDGE_CURVE('',#2845,#2846,#1641,.T.);
#3618=EDGE_CURVE('',#2846,#2847,#165,.T.);
#3619=EDGE_CURVE('',#2847,#2846,#166,.T.);
#3620=EDGE_CURVE('',#2822,#2848,#1642,.T.);
#3621=EDGE_CURVE('',#2848,#2849,#167,.T.);
#3622=EDGE_CURVE('',#2849,#2848,#168,.T.);
#3623=EDGE_CURVE('',#2850,#2851,#169,.T.);
#3624=EDGE_CURVE('',#2851,#2850,#170,.T.);
#3625=EDGE_CURVE('',#2851,#2852,#1643,.T.);
#3626=EDGE_CURVE('',#2852,#2853,#171,.T.);
#3627=EDGE_CURVE('',#2853,#2852,#172,.T.);
#3628=EDGE_CURVE('',#2821,#2854,#1644,.T.);
#3629=EDGE_CURVE('',#2854,#2855,#173,.T.);
#3630=EDGE_CURVE('',#2855,#2854,#174,.T.);
#3631=EDGE_CURVE('',#2499,#2504,#175,.T.);
#3632=EDGE_CURVE('',#2485,#2492,#176,.T.);
#3633=EDGE_CURVE('',#2856,#2856,#177,.T.);
#3634=EDGE_CURVE('',#2856,#2812,#1645,.T.);
#3635=EDGE_CURVE('',#2820,#2857,#1238,.T.);
#3636=EDGE_CURVE('',#2857,#2858,#178,.T.);
#3637=EDGE_CURVE('',#2858,#2817,#1239,.T.);
#3638=EDGE_CURVE('',#2816,#2859,#1240,.T.);
#3639=EDGE_CURVE('',#2859,#2860,#179,.T.);
#3640=EDGE_CURVE('',#2860,#2813,#1241,.T.);
#3641=EDGE_CURVE('',#2858,#2861,#1646,.T.);
#3642=EDGE_CURVE('',#2818,#2861,#1647,.T.);
#3643=EDGE_CURVE('',#2819,#2862,#1242,.T.);
#3644=EDGE_CURVE('',#2862,#2857,#1648,.T.);
#3645=EDGE_CURVE('',#2861,#2862,#180,.T.);
#3646=EDGE_CURVE('',#2863,#2808,#1243,.T.);
#3647=EDGE_CURVE('',#2863,#2864,#1649,.T.);
#3648=EDGE_CURVE('',#2809,#2864,#1650,.T.);
#3649=EDGE_CURVE('',#2865,#2866,#181,.T.);
#3650=EDGE_CURVE('',#2867,#2865,#1651,.T.);
#3651=EDGE_CURVE('',#2864,#2867,#182,.T.);
#3652=EDGE_CURVE('',#2866,#2863,#183,.T.);
#3653=EDGE_CURVE('',#2811,#2865,#1244,.T.);
#3654=EDGE_CURVE('',#2810,#2867,#1652,.T.);
#3655=EDGE_CURVE('',#2868,#2804,#1245,.T.);
#3656=EDGE_CURVE('',#2868,#2869,#1653,.T.);
#3657=EDGE_CURVE('',#2805,#2869,#1654,.T.);
#3658=EDGE_CURVE('',#2807,#2870,#1246,.T.);
#3659=EDGE_CURVE('',#2806,#2871,#1655,.T.);
#3660=EDGE_CURVE('',#2871,#2870,#1656,.T.);
#3661=EDGE_CURVE('',#2869,#2871,#184,.T.);
#3662=EDGE_CURVE('',#2870,#2868,#185,.T.);
#3663=EDGE_CURVE('',#2860,#2872,#1657,.T.);
#3664=EDGE_CURVE('',#2814,#2872,#1247,.T.);
#3665=EDGE_CURVE('',#2872,#2873,#186,.T.);
#3666=EDGE_CURVE('',#2815,#2873,#1248,.T.);
#3667=EDGE_CURVE('',#2873,#2859,#1658,.T.);
#3668=EDGE_CURVE('',#2874,#2875,#187,.T.);
#3669=EDGE_CURVE('',#2875,#2874,#188,.T.);
#3670=EDGE_CURVE('',#2875,#2876,#1659,.T.);
#3671=EDGE_CURVE('',#2877,#2876,#189,.T.);
#3672=EDGE_CURVE('',#2876,#2877,#190,.T.);
#3673=EDGE_CURVE('',#2876,#2878,#1660,.T.);
#3674=EDGE_CURVE('',#2879,#2878,#191,.T.);
#3675=EDGE_CURVE('',#2878,#2879,#192,.T.);
#3676=EDGE_CURVE('',#2880,#2881,#193,.T.);
#3677=EDGE_CURVE('',#2881,#2880,#194,.T.);
#3678=EDGE_CURVE('',#2881,#2882,#1661,.T.);
#3679=EDGE_CURVE('',#2883,#2882,#195,.T.);
#3680=EDGE_CURVE('',#2882,#2883,#196,.T.);
#3681=EDGE_CURVE('',#2882,#2884,#1662,.T.);
#3682=EDGE_CURVE('',#2885,#2884,#197,.T.);
#3683=EDGE_CURVE('',#2884,#2885,#198,.T.);
#3684=EDGE_CURVE('',#2886,#2886,#199,.T.);
#3685=EDGE_CURVE('',#2886,#2866,#1663,.T.);
#3686=EDGE_CURVE('',#2509,#2803,#200,.T.);
#3687=EDGE_CURVE('',#2509,#2519,#2475,.T.);
#3688=EDGE_CURVE('',#2514,#2511,#2476,.T.);
#3689=EDGE_CURVE('',#2887,#2519,#1664,.T.);
#3690=EDGE_CURVE('',#2520,#2887,#1665,.T.);
#3691=EDGE_CURVE('',#2887,#2508,#2477,.T.);
#3692=EDGE_CURVE('',#2512,#2517,#2478,.T.);
#3693=EDGE_CURVE('',#2830,#2888,#1666,.T.);
#3694=EDGE_CURVE('',#2888,#2843,#1232,.T.);
#3695=EDGE_CURVE('',#2838,#2889,#1667,.T.);
#3696=EDGE_CURVE('',#2889,#2890,#1233,.T.);
#3697=EDGE_CURVE('',#2890,#2834,#1668,.T.);
#3698=EDGE_CURVE('',#2840,#2889,#1669,.T.);
#3699=EDGE_CURVE('',#2890,#2888,#1670,.T.);
#3700=EDGE_CURVE('',#2891,#2892,#2479,.T.);
#3701=EDGE_CURVE('',#2892,#2893,#201,.T.);
#3702=EDGE_CURVE('',#2893,#2894,#202,.T.);
#3703=EDGE_CURVE('',#2894,#2891,#203,.T.);
#3704=EDGE_CURVE('',#2895,#2896,#204,.T.);
#3705=EDGE_CURVE('',#2896,#2894,#205,.T.);
#3706=EDGE_CURVE('',#2893,#2895,#206,.T.);
#3707=EDGE_CURVE('',#2897,#2898,#207,.T.);
#3708=EDGE_CURVE('',#2898,#2896,#1671,.T.);
#3709=EDGE_CURVE('',#2895,#2897,#1672,.T.);
#3710=EDGE_CURVE('',#2899,#2900,#208,.T.);
#3711=EDGE_CURVE('',#2900,#2898,#209,.T.);
#3712=EDGE_CURVE('',#2897,#2899,#210,.T.);
#3713=EDGE_CURVE('',#2901,#2902,#2480,.T.);
#3714=EDGE_CURVE('',#2902,#2900,#211,.T.);
#3715=EDGE_CURVE('',#2899,#2901,#212,.T.);
#3716=EDGE_CURVE('',#2897,#2903,#1673,.T.);
#3717=EDGE_CURVE('',#2904,#2903,#213,.T.);
#3718=EDGE_CURVE('',#2904,#2899,#1674,.T.);
#3719=EDGE_CURVE('',#2905,#2895,#1675,.T.);
#3720=EDGE_CURVE('',#2903,#2905,#1676,.T.);
#3721=EDGE_CURVE('',#2893,#2906,#1677,.T.);
#3722=EDGE_CURVE('',#2905,#2906,#214,.T.);
#3723=EDGE_CURVE('',#2892,#2907,#1678,.T.);
#3724=EDGE_CURVE('',#2906,#2907,#215,.T.);
#3725=EDGE_CURVE('',#2891,#2908,#216,.T.);
#3726=EDGE_CURVE('',#2908,#2909,#1679,.T.);
#3727=EDGE_CURVE('',#2907,#2909,#217,.T.);
#3728=EDGE_CURVE('',#2910,#2911,#2481,.T.);
#3729=EDGE_CURVE('',#2911,#2912,#218,.T.);
#3730=EDGE_CURVE('',#2912,#2913,#219,.T.);
#3731=EDGE_CURVE('',#2913,#2910,#220,.T.);
#3732=EDGE_CURVE('',#2914,#2915,#221,.T.);
#3733=EDGE_CURVE('',#2915,#2913,#222,.T.);
#3734=EDGE_CURVE('',#2912,#2914,#223,.T.);
#3735=EDGE_CURVE('',#2916,#2917,#224,.T.);
#3736=EDGE_CURVE('',#2917,#2915,#1680,.T.);
#3737=EDGE_CURVE('',#2914,#2916,#1681,.T.);
#3738=EDGE_CURVE('',#2918,#2919,#225,.T.);
#3739=EDGE_CURVE('',#2919,#2917,#226,.T.);
#3740=EDGE_CURVE('',#2916,#2918,#227,.T.);
#3741=EDGE_CURVE('',#2920,#2921,#2482,.T.);
#3742=EDGE_CURVE('',#2921,#2919,#228,.T.);
#3743=EDGE_CURVE('',#2918,#2920,#229,.T.);
#3744=EDGE_CURVE('',#2922,#2902,#230,.T.);
#3745=EDGE_CURVE('',#2923,#2922,#1682,.T.);
#3746=EDGE_CURVE('',#2920,#2923,#231,.T.);
#3747=EDGE_CURVE('',#2924,#2911,#232,.T.);
#3748=EDGE_CURVE('',#2908,#2924,#1683,.T.);
#3749=EDGE_CURVE('',#2925,#2926,#1684,.T.);
#3750=EDGE_CURVE('',#2927,#2925,#233,.T.);
#3751=EDGE_CURVE('',#2928,#2927,#1685,.T.);
#3752=EDGE_CURVE('',#2926,#2928,#234,.T.);
#3753=EDGE_CURVE('',#2929,#2930,#1686,.T.);
#3754=EDGE_CURVE('',#2930,#2931,#235,.T.);
#3755=EDGE_CURVE('',#2931,#2932,#1687,.T.);
#3756=EDGE_CURVE('',#2932,#2933,#236,.T.);
#3757=EDGE_CURVE('',#2933,#2934,#1688,.T.);
#3758=EDGE_CURVE('',#2934,#2935,#237,.T.);
#3759=EDGE_CURVE('',#2935,#2936,#1689,.T.);
#3760=EDGE_CURVE('',#2936,#2929,#238,.T.);
#3761=EDGE_CURVE('',#2937,#2938,#1690,.T.);
#3762=EDGE_CURVE('',#2939,#2937,#239,.T.);
#3763=EDGE_CURVE('',#2940,#2939,#1691,.T.);
#3764=EDGE_CURVE('',#2938,#2940,#240,.T.);
#3765=EDGE_CURVE('',#2910,#2941,#1692,.T.);
#3766=EDGE_CURVE('',#2942,#2941,#241,.T.);
#3767=EDGE_CURVE('',#2942,#2924,#1693,.T.);
#3768=EDGE_CURVE('',#2943,#2913,#1694,.T.);
#3769=EDGE_CURVE('',#2941,#2943,#242,.T.);
#3770=EDGE_CURVE('',#2906,#2944,#243,.T.);
#3771=EDGE_CURVE('',#2944,#2945,#244,.T.);
#3772=EDGE_CURVE('',#2945,#2905,#245,.T.);
#3773=EDGE_CURVE('',#2907,#2946,#246,.T.);
#3774=EDGE_CURVE('',#2946,#2944,#247,.T.);
#3775=EDGE_CURVE('',#2947,#2903,#248,.T.);
#3776=EDGE_CURVE('',#2945,#2947,#1695,.T.);
#3777=EDGE_CURVE('',#2909,#2948,#249,.T.);
#3778=EDGE_CURVE('',#2948,#2946,#250,.T.);
#3779=EDGE_CURVE('',#2949,#2904,#251,.T.);
#3780=EDGE_CURVE('',#2947,#2949,#252,.T.);
#3781=EDGE_CURVE('',#2942,#2950,#253,.T.);
#3782=EDGE_CURVE('',#2950,#2948,#1696,.T.);
#3783=EDGE_CURVE('',#2909,#2942,#1697,.T.);
#3784=EDGE_CURVE('',#2951,#2952,#254,.T.);
#3785=EDGE_CURVE('',#2952,#2904,#255,.T.);
#3786=EDGE_CURVE('',#2949,#2951,#256,.T.);
#3787=EDGE_CURVE('',#2941,#2953,#257,.T.);
#3788=EDGE_CURVE('',#2953,#2950,#258,.T.);
#3789=EDGE_CURVE('',#2954,#2955,#259,.T.);
#3790=EDGE_CURVE('',#2955,#2952,#260,.T.);
#3791=EDGE_CURVE('',#2951,#2954,#261,.T.);
#3792=EDGE_CURVE('',#2943,#2956,#262,.T.);
#3793=EDGE_CURVE('',#2956,#2953,#263,.T.);
#3794=EDGE_CURVE('',#2957,#2958,#264,.T.);
#3795=EDGE_CURVE('',#2958,#2955,#1698,.T.);
#3796=EDGE_CURVE('',#2954,#2957,#1699,.T.);
#3797=EDGE_CURVE('',#2959,#2960,#265,.T.);
#3798=EDGE_CURVE('',#2960,#2956,#266,.T.);
#3799=EDGE_CURVE('',#2943,#2959,#267,.T.);
#3800=EDGE_CURVE('',#2961,#2962,#268,.T.);
#3801=EDGE_CURVE('',#2962,#2958,#269,.T.);
#3802=EDGE_CURVE('',#2957,#2961,#270,.T.);
#3803=EDGE_CURVE('',#2963,#2964,#271,.T.);
#3804=EDGE_CURVE('',#2964,#2960,#1700,.T.);
#3805=EDGE_CURVE('',#2959,#2963,#1701,.T.);
#3806=EDGE_CURVE('',#2965,#2966,#272,.T.);
#3807=EDGE_CURVE('',#2966,#2962,#273,.T.);
#3808=EDGE_CURVE('',#2961,#2965,#274,.T.);
#3809=EDGE_CURVE('',#2963,#2966,#275,.T.);
#3810=EDGE_CURVE('',#2965,#2964,#276,.T.);
#3811=EDGE_CURVE('',#2963,#2917,#1702,.T.);
#3812=EDGE_CURVE('',#2915,#2959,#1703,.T.);
#3813=EDGE_CURVE('',#2967,#2968,#277,.T.);
#3814=EDGE_CURVE('',#2968,#2967,#278,.T.);
#3815=EDGE_CURVE('',#2969,#2970,#279,.T.);
#3816=EDGE_CURVE('',#2970,#2969,#280,.T.);
#3817=EDGE_CURVE('',#2971,#2972,#1704,.T.);
#3818=EDGE_CURVE('',#2972,#2973,#281,.T.);
#3819=EDGE_CURVE('',#2973,#2974,#1705,.T.);
#3820=EDGE_CURVE('',#2974,#2971,#282,.T.);
#3821=EDGE_CURVE('',#2975,#2976,#1706,.T.);
#3822=EDGE_CURVE('',#2976,#2977,#283,.T.);
#3823=EDGE_CURVE('',#2977,#2978,#1707,.T.);
#3824=EDGE_CURVE('',#2978,#2975,#284,.T.);
#3825=EDGE_CURVE('',#2926,#2979,#285,.T.);
#3826=EDGE_CURVE('',#2979,#2980,#1708,.T.);
#3827=EDGE_CURVE('',#2980,#2925,#286,.T.);
#3828=EDGE_CURVE('',#2928,#2981,#287,.T.);
#3829=EDGE_CURVE('',#2981,#2979,#288,.T.);
#3830=EDGE_CURVE('',#2982,#2927,#289,.T.);
#3831=EDGE_CURVE('',#2980,#2982,#290,.T.);
#3832=EDGE_CURVE('',#2982,#2981,#1709,.T.);
#3833=EDGE_CURVE('',#2980,#2975,#1710,.T.);
#3834=EDGE_CURVE('',#2982,#2978,#1711,.T.);
#3835=EDGE_CURVE('',#2979,#2976,#1712,.T.);
#3836=EDGE_CURVE('',#2938,#2983,#291,.T.);
#3837=EDGE_CURVE('',#2983,#2984,#1713,.T.);
#3838=EDGE_CURVE('',#2984,#2937,#292,.T.);
#3839=EDGE_CURVE('',#2940,#2985,#293,.T.);
#3840=EDGE_CURVE('',#2985,#2983,#294,.T.);
#3841=EDGE_CURVE('',#2986,#2939,#295,.T.);
#3842=EDGE_CURVE('',#2984,#2986,#296,.T.);
#3843=EDGE_CURVE('',#2986,#2985,#1714,.T.);
#3844=EDGE_CURVE('',#2984,#2971,#1715,.T.);
#3845=EDGE_CURVE('',#2986,#2974,#1716,.T.);
#3846=EDGE_CURVE('',#2983,#2972,#1717,.T.);
#3847=EDGE_CURVE('',#2919,#2966,#1718,.T.);
#3848=EDGE_CURVE('',#2921,#2962,#1719,.T.);
#3849=EDGE_CURVE('',#2901,#2952,#1720,.T.);
#3850=EDGE_CURVE('',#2981,#2977,#1721,.T.);
#3851=EDGE_CURVE('',#2985,#2973,#1722,.T.);
#3852=EDGE_CURVE('',#2970,#2987,#1723,.T.);
#3853=EDGE_CURVE('',#2988,#2987,#297,.T.);
#3854=EDGE_CURVE('',#2987,#2988,#298,.T.);
#3855=EDGE_CURVE('',#2987,#2989,#1724,.T.);
#3856=EDGE_CURVE('',#2989,#2989,#299,.T.);
#3857=EDGE_CURVE('',#2968,#2990,#1725,.T.);
#3858=EDGE_CURVE('',#2991,#2990,#300,.T.);
#3859=EDGE_CURVE('',#2990,#2991,#301,.T.);
#3860=EDGE_CURVE('',#2990,#2992,#1726,.T.);
#3861=EDGE_CURVE('',#2992,#2992,#302,.T.);
#3862=EDGE_CURVE('',#2993,#2993,#303,.T.);
#3863=EDGE_CURVE('',#2993,#2994,#1727,.T.);
#3864=EDGE_CURVE('',#2994,#2994,#304,.T.);
#3865=EDGE_CURVE('',#2995,#2995,#305,.T.);
#3866=EDGE_CURVE('',#2995,#2996,#1728,.T.);
#3867=EDGE_CURVE('',#2996,#2996,#306,.T.);
#3868=EDGE_CURVE('',#2997,#2998,#1729,.T.);
#3869=EDGE_CURVE('',#2998,#2999,#307,.T.);
#3870=EDGE_CURVE('',#2999,#3000,#1730,.T.);
#3871=EDGE_CURVE('',#3000,#3001,#308,.T.);
#3872=EDGE_CURVE('',#3001,#3002,#1731,.T.);
#3873=EDGE_CURVE('',#3002,#3003,#309,.T.);
#3874=EDGE_CURVE('',#3003,#3004,#1732,.T.);
#3875=EDGE_CURVE('',#3004,#2997,#310,.T.);
#3876=EDGE_CURVE('',#3005,#3006,#311,.T.);
#3877=EDGE_CURVE('',#3006,#3007,#1733,.T.);
#3878=EDGE_CURVE('',#3007,#3008,#312,.T.);
#3879=EDGE_CURVE('',#3008,#3005,#1734,.T.);
#3880=EDGE_CURVE('',#3009,#3010,#313,.T.);
#3881=EDGE_CURVE('',#3010,#3006,#314,.T.);
#3882=EDGE_CURVE('',#3005,#3009,#315,.T.);
#3883=EDGE_CURVE('',#3011,#3012,#316,.T.);
#3884=EDGE_CURVE('',#3012,#3008,#317,.T.);
#3885=EDGE_CURVE('',#3007,#3011,#318,.T.);
#3886=EDGE_CURVE('',#3013,#3014,#319,.T.);
#3887=EDGE_CURVE('',#3014,#3010,#1735,.T.);
#3888=EDGE_CURVE('',#3009,#3013,#1736,.T.);
#3889=EDGE_CURVE('',#3015,#3016,#320,.T.);
#3890=EDGE_CURVE('',#3016,#3012,#1737,.T.);
#3891=EDGE_CURVE('',#3011,#3015,#1738,.T.);
#3892=EDGE_CURVE('',#3017,#3018,#321,.T.);
#3893=EDGE_CURVE('',#3018,#3014,#322,.T.);
#3894=EDGE_CURVE('',#3013,#3017,#323,.T.);
#3895=EDGE_CURVE('',#3019,#3020,#324,.T.);
#3896=EDGE_CURVE('',#3020,#3016,#325,.T.);
#3897=EDGE_CURVE('',#3015,#3019,#326,.T.);
#3898=EDGE_CURVE('',#3017,#3020,#1739,.T.);
#3899=EDGE_CURVE('',#3019,#3018,#1740,.T.);
#3900=EDGE_CURVE('',#3003,#3015,#1741,.T.);
#3901=EDGE_CURVE('',#3002,#3019,#1742,.T.);
#3902=EDGE_CURVE('',#3004,#3011,#1743,.T.);
#3903=EDGE_CURVE('',#2997,#3007,#1744,.T.);
#3904=EDGE_CURVE('',#3006,#2998,#1745,.T.);
#3905=EDGE_CURVE('',#3021,#3022,#1746,.T.);
#3906=EDGE_CURVE('',#3023,#3021,#327,.T.);
#3907=EDGE_CURVE('',#3024,#3023,#1747,.T.);
#3908=EDGE_CURVE('',#3025,#3024,#328,.T.);
#3909=EDGE_CURVE('',#3026,#3025,#1748,.T.);
#3910=EDGE_CURVE('',#3027,#3026,#329,.T.);
#3911=EDGE_CURVE('',#3028,#3027,#1749,.T.);
#3912=EDGE_CURVE('',#3022,#3028,#330,.T.);
#3913=EDGE_CURVE('',#3029,#3021,#331,.T.);
#3914=EDGE_CURVE('',#3022,#3030,#332,.T.);
#3915=EDGE_CURVE('',#3030,#3029,#1750,.T.);
#3916=EDGE_CURVE('',#3031,#3023,#333,.T.);
#3917=EDGE_CURVE('',#3029,#3031,#334,.T.);
#3918=EDGE_CURVE('',#3028,#3032,#335,.T.);
#3919=EDGE_CURVE('',#3032,#3030,#336,.T.);
#3920=EDGE_CURVE('',#3033,#3024,#337,.T.);
#3921=EDGE_CURVE('',#3031,#3033,#1751,.T.);
#3922=EDGE_CURVE('',#3027,#3034,#338,.T.);
#3923=EDGE_CURVE('',#3034,#3032,#1752,.T.);
#3924=EDGE_CURVE('',#3035,#3025,#339,.T.);
#3925=EDGE_CURVE('',#3033,#3035,#340,.T.);
#3926=EDGE_CURVE('',#3026,#3036,#341,.T.);
#3927=EDGE_CURVE('',#3036,#3034,#342,.T.);
#3928=EDGE_CURVE('',#3035,#3036,#1753,.T.);
#3929=EDGE_CURVE('',#2931,#3033,#1754,.T.);
#3930=EDGE_CURVE('',#2930,#3035,#1755,.T.);
#3931=EDGE_CURVE('',#2932,#3031,#1756,.T.);
#3932=EDGE_CURVE('',#2933,#3029,#1757,.T.);
#3933=EDGE_CURVE('',#2934,#3030,#1758,.T.);
#3934=EDGE_CURVE('',#3001,#3018,#1759,.T.);
#3935=EDGE_CURVE('',#3000,#3014,#1760,.T.);
#3936=EDGE_CURVE('',#2999,#3010,#1761,.T.);
#3937=EDGE_CURVE('',#2929,#3036,#1762,.T.);
#3938=EDGE_CURVE('',#2935,#3032,#1763,.T.);
#3939=EDGE_CURVE('',#2936,#3034,#1764,.T.);
#3940=EDGE_CURVE('',#2955,#2922,#1765,.T.);
#3941=EDGE_CURVE('',#2923,#2958,#1766,.T.);
#3942=EDGE_CURVE('',#3037,#3038,#1767,.T.);
#3943=EDGE_CURVE('',#3037,#3039,#1768,.F.);
#3944=EDGE_CURVE('',#3039,#3040,#1769,.T.);
#3945=EDGE_CURVE('',#3038,#3040,#1770,.F.);
#3946=EDGE_CURVE('',#3041,#3037,#1771,.T.);
#3947=EDGE_CURVE('',#3041,#3042,#1249,.T.);
#3948=EDGE_CURVE('',#3042,#3039,#1772,.T.);
#3949=EDGE_CURVE('',#3043,#3041,#343,.T.);
#3950=EDGE_CURVE('',#3043,#3044,#1250,.T.);
#3951=EDGE_CURVE('',#3044,#3042,#344,.T.);
#3952=EDGE_CURVE('',#3045,#3043,#1773,.T.);
#3953=EDGE_CURVE('',#3045,#3046,#1774,.T.);
#3954=EDGE_CURVE('',#3046,#3044,#1775,.T.);
#3955=EDGE_CURVE('',#3047,#3045,#1776,.T.);
#3956=EDGE_CURVE('',#3047,#3048,#1777,.F.);
#3957=EDGE_CURVE('',#3048,#3046,#1778,.T.);
#3958=EDGE_CURVE('',#3049,#3050,#1779,.T.);
#3959=EDGE_CURVE('',#3049,#3051,#1780,.T.);
#3960=EDGE_CURVE('',#3051,#3052,#1781,.T.);
#3961=EDGE_CURVE('',#3050,#3052,#1782,.T.);
#3962=EDGE_CURVE('',#3053,#3049,#1783,.T.);
#3963=EDGE_CURVE('',#3053,#3054,#1251,.T.);
#3964=EDGE_CURVE('',#3054,#3051,#1784,.T.);
#3965=EDGE_CURVE('',#3055,#3053,#345,.T.);
#3966=EDGE_CURVE('',#3055,#3056,#1252,.T.);
#3967=EDGE_CURVE('',#3056,#3054,#346,.T.);
#3968=EDGE_CURVE('',#3057,#3055,#1785,.T.);
#3969=EDGE_CURVE('',#3057,#3058,#1786,.F.);
#3970=EDGE_CURVE('',#3058,#3056,#1787,.T.);
#3971=EDGE_CURVE('',#3038,#3057,#1788,.T.);
#3972=EDGE_CURVE('',#3040,#3058,#1789,.T.);
#3973=EDGE_CURVE('',#3059,#3060,#1790,.T.);
#3974=EDGE_CURVE('',#3059,#3061,#1791,.F.);
#3975=EDGE_CURVE('',#3061,#3062,#1792,.T.);
#3976=EDGE_CURVE('',#3060,#3062,#1793,.F.);
#3977=EDGE_CURVE('',#3063,#3059,#1794,.T.);
#3978=EDGE_CURVE('',#3063,#3064,#1253,.T.);
#3979=EDGE_CURVE('',#3064,#3061,#1795,.T.);
#3980=EDGE_CURVE('',#3065,#3063,#347,.T.);
#3981=EDGE_CURVE('',#3065,#3066,#1254,.T.);
#3982=EDGE_CURVE('',#3066,#3064,#348,.T.);
#3983=EDGE_CURVE('',#3067,#3065,#1796,.T.);
#3984=EDGE_CURVE('',#3067,#3068,#1797,.T.);
#3985=EDGE_CURVE('',#3068,#3066,#1798,.T.);
#3986=EDGE_CURVE('',#3050,#3067,#1799,.T.);
#3987=EDGE_CURVE('',#3052,#3068,#1800,.T.);
#3988=EDGE_CURVE('',#3069,#3070,#349,.T.);
#3989=EDGE_CURVE('',#3070,#3069,#350,.T.);
#3990=EDGE_CURVE('',#3060,#3071,#1801,.T.);
#3991=EDGE_CURVE('',#3071,#3072,#1802,.T.);
#3992=EDGE_CURVE('',#3072,#3073,#351,.T.);
#3993=EDGE_CURVE('',#3073,#3074,#1803,.T.);
#3994=EDGE_CURVE('',#3074,#3047,#1804,.T.);
#3995=EDGE_CURVE('',#3074,#3075,#1805,.F.);
#3996=EDGE_CURVE('',#3075,#3048,#1806,.T.);
#3997=EDGE_CURVE('',#3073,#3076,#1255,.T.);
#3998=EDGE_CURVE('',#3076,#3075,#1807,.T.);
#3999=EDGE_CURVE('',#3072,#3077,#1256,.T.);
#4000=EDGE_CURVE('',#3077,#3076,#352,.T.);
#4001=EDGE_CURVE('',#3071,#3078,#1808,.F.);
#4002=EDGE_CURVE('',#3078,#3077,#1809,.T.);
#4003=EDGE_CURVE('',#3062,#3078,#1810,.T.);
#4004=EDGE_CURVE('',#3079,#3080,#353,.T.);
#4005=EDGE_CURVE('',#3080,#3079,#354,.T.);
#4006=EDGE_CURVE('',#3080,#3081,#1811,.T.);
#4007=EDGE_CURVE('',#3081,#3082,#355,.T.);
#4008=EDGE_CURVE('',#3082,#3081,#356,.T.);
#4009=EDGE_CURVE('',#3083,#3084,#357,.T.);
#4010=EDGE_CURVE('',#3084,#3083,#358,.T.);
#4011=EDGE_CURVE('',#3084,#3080,#1812,.T.);
#4012=EDGE_CURVE('',#3085,#3086,#359,.T.);
#4013=EDGE_CURVE('',#3086,#3085,#360,.T.);
#4014=EDGE_CURVE('',#3086,#3070,#1813,.T.);
#4015=EDGE_CURVE('',#3081,#3086,#1814,.T.);
#4016=ORIENTED_EDGE('',*,*,#3087,.F.);
#4017=ORIENTED_EDGE('',*,*,#3088,.T.);
#4018=ORIENTED_EDGE('',*,*,#3089,.F.);
#4019=ORIENTED_EDGE('',*,*,#3090,.F.);
#4020=ORIENTED_EDGE('',*,*,#3091,.F.);
#4021=ORIENTED_EDGE('',*,*,#3092,.F.);
#4022=ORIENTED_EDGE('',*,*,#3093,.F.);
#4023=ORIENTED_EDGE('',*,*,#3094,.F.);
#4024=ORIENTED_EDGE('',*,*,#3095,.F.);
#4025=ORIENTED_EDGE('',*,*,#3096,.T.);
#4026=ORIENTED_EDGE('',*,*,#3097,.F.);
#4027=ORIENTED_EDGE('',*,*,#3098,.F.);
#4028=ORIENTED_EDGE('',*,*,#3099,.F.);
#4029=ORIENTED_EDGE('',*,*,#3100,.F.);
#4030=ORIENTED_EDGE('',*,*,#3101,.F.);
#4031=ORIENTED_EDGE('',*,*,#3102,.T.);
#4032=ORIENTED_EDGE('',*,*,#3103,.F.);
#4033=ORIENTED_EDGE('',*,*,#3104,.F.);
#4034=ORIENTED_EDGE('',*,*,#3105,.F.);
#4035=ORIENTED_EDGE('',*,*,#3106,.F.);
#4036=ORIENTED_EDGE('',*,*,#3107,.F.);
#4037=ORIENTED_EDGE('',*,*,#3108,.T.);
#4038=ORIENTED_EDGE('',*,*,#3109,.F.);
#4039=ORIENTED_EDGE('',*,*,#3110,.F.);
#4040=ORIENTED_EDGE('',*,*,#3098,.T.);
#4041=ORIENTED_EDGE('',*,*,#3111,.F.);
#4042=ORIENTED_EDGE('',*,*,#3112,.F.);
#4043=ORIENTED_EDGE('',*,*,#3113,.T.);
#4044=ORIENTED_EDGE('',*,*,#3114,.F.);
#4045=ORIENTED_EDGE('',*,*,#3097,.T.);
#4046=ORIENTED_EDGE('',*,*,#3115,.T.);
#4047=ORIENTED_EDGE('',*,*,#3087,.T.);
#4048=ORIENTED_EDGE('',*,*,#3116,.F.);
#4049=ORIENTED_EDGE('',*,*,#3117,.F.);
#4050=ORIENTED_EDGE('',*,*,#3111,.T.);
#4051=ORIENTED_EDGE('',*,*,#3092,.T.);
#4052=ORIENTED_EDGE('',*,*,#3118,.F.);
#4053=ORIENTED_EDGE('',*,*,#3119,.F.);
#4054=ORIENTED_EDGE('',*,*,#3120,.F.);
#4055=ORIENTED_EDGE('',*,*,#3116,.T.);
#4056=ORIENTED_EDGE('',*,*,#3091,.T.);
#4057=ORIENTED_EDGE('',*,*,#3121,.T.);
#4058=ORIENTED_EDGE('',*,*,#3122,.T.);
#4059=ORIENTED_EDGE('',*,*,#3118,.T.);
#4060=ORIENTED_EDGE('',*,*,#3105,.T.);
#4061=ORIENTED_EDGE('',*,*,#3123,.T.);
#4062=ORIENTED_EDGE('',*,*,#3124,.F.);
#4063=ORIENTED_EDGE('',*,*,#3125,.T.);
#4064=ORIENTED_EDGE('',*,*,#3110,.T.);
#4065=ORIENTED_EDGE('',*,*,#3126,.F.);
#4066=ORIENTED_EDGE('',*,*,#3127,.F.);
#4067=ORIENTED_EDGE('',*,*,#3128,.T.);
#4068=ORIENTED_EDGE('',*,*,#3123,.F.);
#4069=ORIENTED_EDGE('',*,*,#3099,.T.);
#4070=ORIENTED_EDGE('',*,*,#3129,.T.);
#4071=ORIENTED_EDGE('',*,*,#3130,.F.);
#4072=ORIENTED_EDGE('',*,*,#3131,.T.);
#4073=ORIENTED_EDGE('',*,*,#3109,.T.);
#4074=ORIENTED_EDGE('',*,*,#3132,.T.);
#4075=ORIENTED_EDGE('',*,*,#3101,.T.);
#4076=ORIENTED_EDGE('',*,*,#3133,.F.);
#4077=ORIENTED_EDGE('',*,*,#3134,.F.);
#4078=ORIENTED_EDGE('',*,*,#3126,.T.);
#4079=ORIENTED_EDGE('',*,*,#3135,.T.);
#4080=ORIENTED_EDGE('',*,*,#3136,.T.);
#4081=ORIENTED_EDGE('',*,*,#3137,.T.);
#4082=ORIENTED_EDGE('',*,*,#3138,.T.);
#4083=ORIENTED_EDGE('',*,*,#3139,.T.);
#4084=ORIENTED_EDGE('',*,*,#3140,.T.);
#4085=ORIENTED_EDGE('',*,*,#3141,.T.);
#4086=ORIENTED_EDGE('',*,*,#3142,.T.);
#4087=ORIENTED_EDGE('',*,*,#3138,.F.);
#4088=ORIENTED_EDGE('',*,*,#3143,.T.);
#4089=ORIENTED_EDGE('',*,*,#3144,.F.);
#4090=ORIENTED_EDGE('',*,*,#3145,.F.);
#4091=ORIENTED_EDGE('',*,*,#3137,.F.);
#4092=ORIENTED_EDGE('',*,*,#3146,.T.);
#4093=ORIENTED_EDGE('',*,*,#3147,.F.);
#4094=ORIENTED_EDGE('',*,*,#3143,.F.);
#4095=ORIENTED_EDGE('',*,*,#3136,.F.);
#4096=ORIENTED_EDGE('',*,*,#3148,.T.);
#4097=ORIENTED_EDGE('',*,*,#3149,.F.);
#4098=ORIENTED_EDGE('',*,*,#3146,.F.);
#4099=ORIENTED_EDGE('',*,*,#3135,.F.);
#4100=ORIENTED_EDGE('',*,*,#3150,.T.);
#4101=ORIENTED_EDGE('',*,*,#3151,.F.);
#4102=ORIENTED_EDGE('',*,*,#3148,.F.);
#4103=ORIENTED_EDGE('',*,*,#3139,.F.);
#4104=ORIENTED_EDGE('',*,*,#3145,.T.);
#4105=ORIENTED_EDGE('',*,*,#3152,.F.);
#4106=ORIENTED_EDGE('',*,*,#3153,.F.);
#4107=ORIENTED_EDGE('',*,*,#3140,.F.);
#4108=ORIENTED_EDGE('',*,*,#3153,.T.);
#4109=ORIENTED_EDGE('',*,*,#3154,.F.);
#4110=ORIENTED_EDGE('',*,*,#3155,.F.);
#4111=ORIENTED_EDGE('',*,*,#3141,.F.);
#4112=ORIENTED_EDGE('',*,*,#3155,.T.);
#4113=ORIENTED_EDGE('',*,*,#3156,.F.);
#4114=ORIENTED_EDGE('',*,*,#3157,.F.);
#4115=ORIENTED_EDGE('',*,*,#3142,.F.);
#4116=ORIENTED_EDGE('',*,*,#3157,.T.);
#4117=ORIENTED_EDGE('',*,*,#3158,.F.);
#4118=ORIENTED_EDGE('',*,*,#3150,.F.);
#4119=ORIENTED_EDGE('',*,*,#3159,.T.);
#4120=ORIENTED_EDGE('',*,*,#3160,.T.);
#4121=ORIENTED_EDGE('',*,*,#3161,.T.);
#4122=ORIENTED_EDGE('',*,*,#3162,.T.);
#4123=ORIENTED_EDGE('',*,*,#3163,.T.);
#4124=ORIENTED_EDGE('',*,*,#3164,.T.);
#4125=ORIENTED_EDGE('',*,*,#3165,.T.);
#4126=ORIENTED_EDGE('',*,*,#3166,.T.);
#4127=ORIENTED_EDGE('',*,*,#3167,.T.);
#4128=ORIENTED_EDGE('',*,*,#3168,.T.);
#4129=ORIENTED_EDGE('',*,*,#3169,.T.);
#4130=ORIENTED_EDGE('',*,*,#3170,.T.);
#4131=ORIENTED_EDGE('',*,*,#3164,.F.);
#4132=ORIENTED_EDGE('',*,*,#3171,.T.);
#4133=ORIENTED_EDGE('',*,*,#3172,.F.);
#4134=ORIENTED_EDGE('',*,*,#3173,.F.);
#4135=ORIENTED_EDGE('',*,*,#3163,.F.);
#4136=ORIENTED_EDGE('',*,*,#3174,.T.);
#4137=ORIENTED_EDGE('',*,*,#3175,.F.);
#4138=ORIENTED_EDGE('',*,*,#3171,.F.);
#4139=ORIENTED_EDGE('',*,*,#3162,.F.);
#4140=ORIENTED_EDGE('',*,*,#3176,.T.);
#4141=ORIENTED_EDGE('',*,*,#3177,.F.);
#4142=ORIENTED_EDGE('',*,*,#3174,.F.);
#4143=ORIENTED_EDGE('',*,*,#3161,.F.);
#4144=ORIENTED_EDGE('',*,*,#3178,.T.);
#4145=ORIENTED_EDGE('',*,*,#3179,.F.);
#4146=ORIENTED_EDGE('',*,*,#3176,.F.);
#4147=ORIENTED_EDGE('',*,*,#3160,.F.);
#4148=ORIENTED_EDGE('',*,*,#3180,.T.);
#4149=ORIENTED_EDGE('',*,*,#3181,.F.);
#4150=ORIENTED_EDGE('',*,*,#3178,.F.);
#4151=ORIENTED_EDGE('',*,*,#3159,.F.);
#4152=ORIENTED_EDGE('',*,*,#3182,.T.);
#4153=ORIENTED_EDGE('',*,*,#3183,.F.);
#4154=ORIENTED_EDGE('',*,*,#3180,.F.);
#4155=ORIENTED_EDGE('',*,*,#3165,.F.);
#4156=ORIENTED_EDGE('',*,*,#3173,.T.);
#4157=ORIENTED_EDGE('',*,*,#3184,.F.);
#4158=ORIENTED_EDGE('',*,*,#3185,.F.);
#4159=ORIENTED_EDGE('',*,*,#3166,.F.);
#4160=ORIENTED_EDGE('',*,*,#3185,.T.);
#4161=ORIENTED_EDGE('',*,*,#3186,.F.);
#4162=ORIENTED_EDGE('',*,*,#3187,.F.);
#4163=ORIENTED_EDGE('',*,*,#3167,.F.);
#4164=ORIENTED_EDGE('',*,*,#3187,.T.);
#4165=ORIENTED_EDGE('',*,*,#3188,.F.);
#4166=ORIENTED_EDGE('',*,*,#3189,.F.);
#4167=ORIENTED_EDGE('',*,*,#3168,.F.);
#4168=ORIENTED_EDGE('',*,*,#3189,.T.);
#4169=ORIENTED_EDGE('',*,*,#3190,.F.);
#4170=ORIENTED_EDGE('',*,*,#3191,.F.);
#4171=ORIENTED_EDGE('',*,*,#3169,.F.);
#4172=ORIENTED_EDGE('',*,*,#3191,.T.);
#4173=ORIENTED_EDGE('',*,*,#3192,.F.);
#4174=ORIENTED_EDGE('',*,*,#3193,.F.);
#4175=ORIENTED_EDGE('',*,*,#3170,.F.);
#4176=ORIENTED_EDGE('',*,*,#3193,.T.);
#4177=ORIENTED_EDGE('',*,*,#3194,.F.);
#4178=ORIENTED_EDGE('',*,*,#3182,.F.);
#4179=ORIENTED_EDGE('',*,*,#3195,.T.);
#4180=ORIENTED_EDGE('',*,*,#3196,.T.);
#4181=ORIENTED_EDGE('',*,*,#3197,.T.);
#4182=ORIENTED_EDGE('',*,*,#3198,.T.);
#4183=ORIENTED_EDGE('',*,*,#3199,.T.);
#4184=ORIENTED_EDGE('',*,*,#3200,.T.);
#4185=ORIENTED_EDGE('',*,*,#3201,.T.);
#4186=ORIENTED_EDGE('',*,*,#3202,.T.);
#4187=ORIENTED_EDGE('',*,*,#3203,.T.);
#4188=ORIENTED_EDGE('',*,*,#3204,.T.);
#4189=ORIENTED_EDGE('',*,*,#3205,.T.);
#4190=ORIENTED_EDGE('',*,*,#3206,.T.);
#4191=ORIENTED_EDGE('',*,*,#3207,.T.);
#4192=ORIENTED_EDGE('',*,*,#3205,.F.);
#4193=ORIENTED_EDGE('',*,*,#3208,.T.);
#4194=ORIENTED_EDGE('',*,*,#3209,.F.);
#4195=ORIENTED_EDGE('',*,*,#3210,.F.);
#4196=ORIENTED_EDGE('',*,*,#3204,.F.);
#4197=ORIENTED_EDGE('',*,*,#3211,.T.);
#4198=ORIENTED_EDGE('',*,*,#3212,.F.);
#4199=ORIENTED_EDGE('',*,*,#3208,.F.);
#4200=ORIENTED_EDGE('',*,*,#3203,.F.);
#4201=ORIENTED_EDGE('',*,*,#3213,.T.);
#4202=ORIENTED_EDGE('',*,*,#3214,.F.);
#4203=ORIENTED_EDGE('',*,*,#3211,.F.);
#4204=ORIENTED_EDGE('',*,*,#3198,.F.);
#4205=ORIENTED_EDGE('',*,*,#3215,.T.);
#4206=ORIENTED_EDGE('',*,*,#3216,.F.);
#4207=ORIENTED_EDGE('',*,*,#3217,.F.);
#4208=ORIENTED_EDGE('',*,*,#3197,.F.);
#4209=ORIENTED_EDGE('',*,*,#3218,.T.);
#4210=ORIENTED_EDGE('',*,*,#3219,.F.);
#4211=ORIENTED_EDGE('',*,*,#3215,.F.);
#4212=ORIENTED_EDGE('',*,*,#3196,.F.);
#4213=ORIENTED_EDGE('',*,*,#3220,.T.);
#4214=ORIENTED_EDGE('',*,*,#3221,.F.);
#4215=ORIENTED_EDGE('',*,*,#3218,.F.);
#4216=ORIENTED_EDGE('',*,*,#3195,.F.);
#4217=ORIENTED_EDGE('',*,*,#3222,.T.);
#4218=ORIENTED_EDGE('',*,*,#3223,.F.);
#4219=ORIENTED_EDGE('',*,*,#3220,.F.);
#4220=ORIENTED_EDGE('',*,*,#3207,.F.);
#4221=ORIENTED_EDGE('',*,*,#3224,.T.);
#4222=ORIENTED_EDGE('',*,*,#3225,.F.);
#4223=ORIENTED_EDGE('',*,*,#3213,.F.);
#4224=ORIENTED_EDGE('',*,*,#3206,.F.);
#4225=ORIENTED_EDGE('',*,*,#3210,.T.);
#4226=ORIENTED_EDGE('',*,*,#3226,.F.);
#4227=ORIENTED_EDGE('',*,*,#3224,.F.);
#4228=ORIENTED_EDGE('',*,*,#3199,.F.);
#4229=ORIENTED_EDGE('',*,*,#3217,.T.);
#4230=ORIENTED_EDGE('',*,*,#3227,.F.);
#4231=ORIENTED_EDGE('',*,*,#3228,.F.);
#4232=ORIENTED_EDGE('',*,*,#3200,.F.);
#4233=ORIENTED_EDGE('',*,*,#3228,.T.);
#4234=ORIENTED_EDGE('',*,*,#3229,.F.);
#4235=ORIENTED_EDGE('',*,*,#3230,.F.);
#4236=ORIENTED_EDGE('',*,*,#3201,.F.);
#4237=ORIENTED_EDGE('',*,*,#3230,.T.);
#4238=ORIENTED_EDGE('',*,*,#3231,.F.);
#4239=ORIENTED_EDGE('',*,*,#3232,.F.);
#4240=ORIENTED_EDGE('',*,*,#3202,.F.);
#4241=ORIENTED_EDGE('',*,*,#3232,.T.);
#4242=ORIENTED_EDGE('',*,*,#3233,.F.);
#4243=ORIENTED_EDGE('',*,*,#3222,.F.);
#4244=ORIENTED_EDGE('',*,*,#3234,.T.);
#4245=ORIENTED_EDGE('',*,*,#3235,.T.);
#4246=ORIENTED_EDGE('',*,*,#3236,.T.);
#4247=ORIENTED_EDGE('',*,*,#3237,.T.);
#4248=ORIENTED_EDGE('',*,*,#3238,.T.);
#4249=ORIENTED_EDGE('',*,*,#3239,.T.);
#4250=ORIENTED_EDGE('',*,*,#3240,.T.);
#4251=ORIENTED_EDGE('',*,*,#3241,.T.);
#4252=ORIENTED_EDGE('',*,*,#3242,.T.);
#4253=ORIENTED_EDGE('',*,*,#3243,.T.);
#4254=ORIENTED_EDGE('',*,*,#3244,.T.);
#4255=ORIENTED_EDGE('',*,*,#3245,.T.);
#4256=ORIENTED_EDGE('',*,*,#3246,.T.);
#4257=ORIENTED_EDGE('',*,*,#3247,.T.);
#4258=ORIENTED_EDGE('',*,*,#3248,.T.);
#4259=ORIENTED_EDGE('',*,*,#3241,.F.);
#4260=ORIENTED_EDGE('',*,*,#3249,.T.);
#4261=ORIENTED_EDGE('',*,*,#3250,.F.);
#4262=ORIENTED_EDGE('',*,*,#3251,.F.);
#4263=ORIENTED_EDGE('',*,*,#3240,.F.);
#4264=ORIENTED_EDGE('',*,*,#3252,.T.);
#4265=ORIENTED_EDGE('',*,*,#3253,.F.);
#4266=ORIENTED_EDGE('',*,*,#3249,.F.);
#4267=ORIENTED_EDGE('',*,*,#3239,.F.);
#4268=ORIENTED_EDGE('',*,*,#3254,.T.);
#4269=ORIENTED_EDGE('',*,*,#3255,.F.);
#4270=ORIENTED_EDGE('',*,*,#3252,.F.);
#4271=ORIENTED_EDGE('',*,*,#3238,.F.);
#4272=ORIENTED_EDGE('',*,*,#3256,.T.);
#4273=ORIENTED_EDGE('',*,*,#3257,.F.);
#4274=ORIENTED_EDGE('',*,*,#3254,.F.);
#4275=ORIENTED_EDGE('',*,*,#3237,.F.);
#4276=ORIENTED_EDGE('',*,*,#3258,.T.);
#4277=ORIENTED_EDGE('',*,*,#3259,.F.);
#4278=ORIENTED_EDGE('',*,*,#3256,.F.);
#4279=ORIENTED_EDGE('',*,*,#3236,.F.);
#4280=ORIENTED_EDGE('',*,*,#3260,.T.);
#4281=ORIENTED_EDGE('',*,*,#3261,.F.);
#4282=ORIENTED_EDGE('',*,*,#3258,.F.);
#4283=ORIENTED_EDGE('',*,*,#3235,.F.);
#4284=ORIENTED_EDGE('',*,*,#3262,.T.);
#4285=ORIENTED_EDGE('',*,*,#3263,.F.);
#4286=ORIENTED_EDGE('',*,*,#3260,.F.);
#4287=ORIENTED_EDGE('',*,*,#3234,.F.);
#4288=ORIENTED_EDGE('',*,*,#3264,.T.);
#4289=ORIENTED_EDGE('',*,*,#3265,.F.);
#4290=ORIENTED_EDGE('',*,*,#3262,.F.);
#4291=ORIENTED_EDGE('',*,*,#3242,.F.);
#4292=ORIENTED_EDGE('',*,*,#3251,.T.);
#4293=ORIENTED_EDGE('',*,*,#3266,.F.);
#4294=ORIENTED_EDGE('',*,*,#3267,.F.);
#4295=ORIENTED_EDGE('',*,*,#3243,.F.);
#4296=ORIENTED_EDGE('',*,*,#3267,.T.);
#4297=ORIENTED_EDGE('',*,*,#3268,.F.);
#4298=ORIENTED_EDGE('',*,*,#3269,.F.);
#4299=ORIENTED_EDGE('',*,*,#3244,.F.);
#4300=ORIENTED_EDGE('',*,*,#3269,.T.);
#4301=ORIENTED_EDGE('',*,*,#3270,.F.);
#4302=ORIENTED_EDGE('',*,*,#3271,.F.);
#4303=ORIENTED_EDGE('',*,*,#3245,.F.);
#4304=ORIENTED_EDGE('',*,*,#3271,.T.);
#4305=ORIENTED_EDGE('',*,*,#3272,.F.);
#4306=ORIENTED_EDGE('',*,*,#3273,.F.);
#4307=ORIENTED_EDGE('',*,*,#3246,.F.);
#4308=ORIENTED_EDGE('',*,*,#3273,.T.);
#4309=ORIENTED_EDGE('',*,*,#3274,.F.);
#4310=ORIENTED_EDGE('',*,*,#3275,.F.);
#4311=ORIENTED_EDGE('',*,*,#3247,.F.);
#4312=ORIENTED_EDGE('',*,*,#3275,.T.);
#4313=ORIENTED_EDGE('',*,*,#3276,.F.);
#4314=ORIENTED_EDGE('',*,*,#3277,.F.);
#4315=ORIENTED_EDGE('',*,*,#3248,.F.);
#4316=ORIENTED_EDGE('',*,*,#3277,.T.);
#4317=ORIENTED_EDGE('',*,*,#3278,.F.);
#4318=ORIENTED_EDGE('',*,*,#3264,.F.);
#4319=ORIENTED_EDGE('',*,*,#3279,.T.);
#4320=ORIENTED_EDGE('',*,*,#3280,.T.);
#4321=ORIENTED_EDGE('',*,*,#3281,.T.);
#4322=ORIENTED_EDGE('',*,*,#3282,.T.);
#4323=ORIENTED_EDGE('',*,*,#3283,.T.);
#4324=ORIENTED_EDGE('',*,*,#3284,.T.);
#4325=ORIENTED_EDGE('',*,*,#3285,.T.);
#4326=ORIENTED_EDGE('',*,*,#3286,.T.);
#4327=ORIENTED_EDGE('',*,*,#3287,.T.);
#4328=ORIENTED_EDGE('',*,*,#3288,.T.);
#4329=ORIENTED_EDGE('',*,*,#3289,.T.);
#4330=ORIENTED_EDGE('',*,*,#3290,.T.);
#4331=ORIENTED_EDGE('',*,*,#3291,.T.);
#4332=ORIENTED_EDGE('',*,*,#3292,.T.);
#4333=ORIENTED_EDGE('',*,*,#3293,.T.);
#4334=ORIENTED_EDGE('',*,*,#3286,.F.);
#4335=ORIENTED_EDGE('',*,*,#3294,.T.);
#4336=ORIENTED_EDGE('',*,*,#3295,.F.);
#4337=ORIENTED_EDGE('',*,*,#3296,.F.);
#4338=ORIENTED_EDGE('',*,*,#3285,.F.);
#4339=ORIENTED_EDGE('',*,*,#3297,.T.);
#4340=ORIENTED_EDGE('',*,*,#3298,.F.);
#4341=ORIENTED_EDGE('',*,*,#3294,.F.);
#4342=ORIENTED_EDGE('',*,*,#3284,.F.);
#4343=ORIENTED_EDGE('',*,*,#3299,.T.);
#4344=ORIENTED_EDGE('',*,*,#3300,.F.);
#4345=ORIENTED_EDGE('',*,*,#3297,.F.);
#4346=ORIENTED_EDGE('',*,*,#3283,.F.);
#4347=ORIENTED_EDGE('',*,*,#3301,.T.);
#4348=ORIENTED_EDGE('',*,*,#3302,.F.);
#4349=ORIENTED_EDGE('',*,*,#3299,.F.);
#4350=ORIENTED_EDGE('',*,*,#3282,.F.);
#4351=ORIENTED_EDGE('',*,*,#3303,.T.);
#4352=ORIENTED_EDGE('',*,*,#3304,.F.);
#4353=ORIENTED_EDGE('',*,*,#3301,.F.);
#4354=ORIENTED_EDGE('',*,*,#3281,.F.);
#4355=ORIENTED_EDGE('',*,*,#3305,.T.);
#4356=ORIENTED_EDGE('',*,*,#3306,.F.);
#4357=ORIENTED_EDGE('',*,*,#3303,.F.);
#4358=ORIENTED_EDGE('',*,*,#3280,.F.);
#4359=ORIENTED_EDGE('',*,*,#3307,.T.);
#4360=ORIENTED_EDGE('',*,*,#3308,.F.);
#4361=ORIENTED_EDGE('',*,*,#3305,.F.);
#4362=ORIENTED_EDGE('',*,*,#3279,.F.);
#4363=ORIENTED_EDGE('',*,*,#3309,.T.);
#4364=ORIENTED_EDGE('',*,*,#3310,.F.);
#4365=ORIENTED_EDGE('',*,*,#3307,.F.);
#4366=ORIENTED_EDGE('',*,*,#3287,.F.);
#4367=ORIENTED_EDGE('',*,*,#3296,.T.);
#4368=ORIENTED_EDGE('',*,*,#3311,.F.);
#4369=ORIENTED_EDGE('',*,*,#3312,.F.);
#4370=ORIENTED_EDGE('',*,*,#3288,.F.);
#4371=ORIENTED_EDGE('',*,*,#3312,.T.);
#4372=ORIENTED_EDGE('',*,*,#3313,.F.);
#4373=ORIENTED_EDGE('',*,*,#3314,.F.);
#4374=ORIENTED_EDGE('',*,*,#3289,.F.);
#4375=ORIENTED_EDGE('',*,*,#3314,.T.);
#4376=ORIENTED_EDGE('',*,*,#3315,.F.);
#4377=ORIENTED_EDGE('',*,*,#3316,.F.);
#4378=ORIENTED_EDGE('',*,*,#3290,.F.);
#4379=ORIENTED_EDGE('',*,*,#3316,.T.);
#4380=ORIENTED_EDGE('',*,*,#3317,.F.);
#4381=ORIENTED_EDGE('',*,*,#3318,.F.);
#4382=ORIENTED_EDGE('',*,*,#3291,.F.);
#4383=ORIENTED_EDGE('',*,*,#3318,.T.);
#4384=ORIENTED_EDGE('',*,*,#3319,.F.);
#4385=ORIENTED_EDGE('',*,*,#3320,.F.);
#4386=ORIENTED_EDGE('',*,*,#3292,.F.);
#4387=ORIENTED_EDGE('',*,*,#3320,.T.);
#4388=ORIENTED_EDGE('',*,*,#3321,.F.);
#4389=ORIENTED_EDGE('',*,*,#3322,.F.);
#4390=ORIENTED_EDGE('',*,*,#3293,.F.);
#4391=ORIENTED_EDGE('',*,*,#3322,.T.);
#4392=ORIENTED_EDGE('',*,*,#3323,.F.);
#4393=ORIENTED_EDGE('',*,*,#3309,.F.);
#4394=ORIENTED_EDGE('',*,*,#3324,.T.);
#4395=ORIENTED_EDGE('',*,*,#3325,.T.);
#4396=ORIENTED_EDGE('',*,*,#3326,.T.);
#4397=ORIENTED_EDGE('',*,*,#3327,.T.);
#4398=ORIENTED_EDGE('',*,*,#3328,.T.);
#4399=ORIENTED_EDGE('',*,*,#3329,.T.);
#4400=ORIENTED_EDGE('',*,*,#3330,.T.);
#4401=ORIENTED_EDGE('',*,*,#3331,.T.);
#4402=ORIENTED_EDGE('',*,*,#3329,.F.);
#4403=ORIENTED_EDGE('',*,*,#3332,.T.);
#4404=ORIENTED_EDGE('',*,*,#3333,.F.);
#4405=ORIENTED_EDGE('',*,*,#3334,.F.);
#4406=ORIENTED_EDGE('',*,*,#3328,.F.);
#4407=ORIENTED_EDGE('',*,*,#3335,.T.);
#4408=ORIENTED_EDGE('',*,*,#3336,.F.);
#4409=ORIENTED_EDGE('',*,*,#3332,.F.);
#4410=ORIENTED_EDGE('',*,*,#3325,.F.);
#4411=ORIENTED_EDGE('',*,*,#3337,.T.);
#4412=ORIENTED_EDGE('',*,*,#3338,.F.);
#4413=ORIENTED_EDGE('',*,*,#3339,.F.);
#4414=ORIENTED_EDGE('',*,*,#3324,.F.);
#4415=ORIENTED_EDGE('',*,*,#3340,.T.);
#4416=ORIENTED_EDGE('',*,*,#3341,.F.);
#4417=ORIENTED_EDGE('',*,*,#3337,.F.);
#4418=ORIENTED_EDGE('',*,*,#3331,.F.);
#4419=ORIENTED_EDGE('',*,*,#3342,.T.);
#4420=ORIENTED_EDGE('',*,*,#3343,.F.);
#4421=ORIENTED_EDGE('',*,*,#3335,.F.);
#4422=ORIENTED_EDGE('',*,*,#3330,.F.);
#4423=ORIENTED_EDGE('',*,*,#3334,.T.);
#4424=ORIENTED_EDGE('',*,*,#3344,.F.);
#4425=ORIENTED_EDGE('',*,*,#3342,.F.);
#4426=ORIENTED_EDGE('',*,*,#3326,.F.);
#4427=ORIENTED_EDGE('',*,*,#3339,.T.);
#4428=ORIENTED_EDGE('',*,*,#3345,.F.);
#4429=ORIENTED_EDGE('',*,*,#3346,.F.);
#4430=ORIENTED_EDGE('',*,*,#3327,.F.);
#4431=ORIENTED_EDGE('',*,*,#3346,.T.);
#4432=ORIENTED_EDGE('',*,*,#3347,.F.);
#4433=ORIENTED_EDGE('',*,*,#3340,.F.);
#4434=ORIENTED_EDGE('',*,*,#3348,.T.);
#4435=ORIENTED_EDGE('',*,*,#3349,.T.);
#4436=ORIENTED_EDGE('',*,*,#3350,.T.);
#4437=ORIENTED_EDGE('',*,*,#3351,.T.);
#4438=ORIENTED_EDGE('',*,*,#3352,.T.);
#4439=ORIENTED_EDGE('',*,*,#3353,.T.);
#4440=ORIENTED_EDGE('',*,*,#3354,.T.);
#4441=ORIENTED_EDGE('',*,*,#3355,.T.);
#4442=ORIENTED_EDGE('',*,*,#3356,.T.);
#4443=ORIENTED_EDGE('',*,*,#3357,.T.);
#4444=ORIENTED_EDGE('',*,*,#3352,.F.);
#4445=ORIENTED_EDGE('',*,*,#3358,.T.);
#4446=ORIENTED_EDGE('',*,*,#3359,.F.);
#4447=ORIENTED_EDGE('',*,*,#3360,.F.);
#4448=ORIENTED_EDGE('',*,*,#3351,.F.);
#4449=ORIENTED_EDGE('',*,*,#3361,.T.);
#4450=ORIENTED_EDGE('',*,*,#3362,.F.);
#4451=ORIENTED_EDGE('',*,*,#3358,.F.);
#4452=ORIENTED_EDGE('',*,*,#3350,.F.);
#4453=ORIENTED_EDGE('',*,*,#3363,.T.);
#4454=ORIENTED_EDGE('',*,*,#3364,.F.);
#4455=ORIENTED_EDGE('',*,*,#3361,.F.);
#4456=ORIENTED_EDGE('',*,*,#3349,.F.);
#4457=ORIENTED_EDGE('',*,*,#3365,.T.);
#4458=ORIENTED_EDGE('',*,*,#3366,.F.);
#4459=ORIENTED_EDGE('',*,*,#3363,.F.);
#4460=ORIENTED_EDGE('',*,*,#3348,.F.);
#4461=ORIENTED_EDGE('',*,*,#3367,.T.);
#4462=ORIENTED_EDGE('',*,*,#3368,.F.);
#4463=ORIENTED_EDGE('',*,*,#3365,.F.);
#4464=ORIENTED_EDGE('',*,*,#3353,.F.);
#4465=ORIENTED_EDGE('',*,*,#3360,.T.);
#4466=ORIENTED_EDGE('',*,*,#3369,.F.);
#4467=ORIENTED_EDGE('',*,*,#3370,.F.);
#4468=ORIENTED_EDGE('',*,*,#3354,.F.);
#4469=ORIENTED_EDGE('',*,*,#3370,.T.);
#4470=ORIENTED_EDGE('',*,*,#3371,.F.);
#4471=ORIENTED_EDGE('',*,*,#3372,.F.);
#4472=ORIENTED_EDGE('',*,*,#3355,.F.);
#4473=ORIENTED_EDGE('',*,*,#3372,.T.);
#4474=ORIENTED_EDGE('',*,*,#3373,.F.);
#4475=ORIENTED_EDGE('',*,*,#3374,.F.);
#4476=ORIENTED_EDGE('',*,*,#3356,.F.);
#4477=ORIENTED_EDGE('',*,*,#3374,.T.);
#4478=ORIENTED_EDGE('',*,*,#3375,.F.);
#4479=ORIENTED_EDGE('',*,*,#3376,.F.);
#4480=ORIENTED_EDGE('',*,*,#3357,.F.);
#4481=ORIENTED_EDGE('',*,*,#3376,.T.);
#4482=ORIENTED_EDGE('',*,*,#3377,.F.);
#4483=ORIENTED_EDGE('',*,*,#3367,.F.);
#4484=ORIENTED_EDGE('',*,*,#3378,.T.);
#4485=ORIENTED_EDGE('',*,*,#3379,.T.);
#4486=ORIENTED_EDGE('',*,*,#3380,.T.);
#4487=ORIENTED_EDGE('',*,*,#3381,.T.);
#4488=ORIENTED_EDGE('',*,*,#3382,.T.);
#4489=ORIENTED_EDGE('',*,*,#3383,.T.);
#4490=ORIENTED_EDGE('',*,*,#3384,.T.);
#4491=ORIENTED_EDGE('',*,*,#3385,.T.);
#4492=ORIENTED_EDGE('',*,*,#3386,.T.);
#4493=ORIENTED_EDGE('',*,*,#3387,.T.);
#4494=ORIENTED_EDGE('',*,*,#3388,.T.);
#4495=ORIENTED_EDGE('',*,*,#3389,.T.);
#4496=ORIENTED_EDGE('',*,*,#3390,.T.);
#4497=ORIENTED_EDGE('',*,*,#3391,.T.);
#4498=ORIENTED_EDGE('',*,*,#3388,.F.);
#4499=ORIENTED_EDGE('',*,*,#3392,.T.);
#4500=ORIENTED_EDGE('',*,*,#3393,.F.);
#4501=ORIENTED_EDGE('',*,*,#3394,.F.);
#4502=ORIENTED_EDGE('',*,*,#3387,.F.);
#4503=ORIENTED_EDGE('',*,*,#3395,.T.);
#4504=ORIENTED_EDGE('',*,*,#3396,.F.);
#4505=ORIENTED_EDGE('',*,*,#3392,.F.);
#4506=ORIENTED_EDGE('',*,*,#3386,.F.);
#4507=ORIENTED_EDGE('',*,*,#3397,.T.);
#4508=ORIENTED_EDGE('',*,*,#3398,.F.);
#4509=ORIENTED_EDGE('',*,*,#3395,.F.);
#4510=ORIENTED_EDGE('',*,*,#3385,.F.);
#4511=ORIENTED_EDGE('',*,*,#3399,.T.);
#4512=ORIENTED_EDGE('',*,*,#3400,.F.);
#4513=ORIENTED_EDGE('',*,*,#3397,.F.);
#4514=ORIENTED_EDGE('',*,*,#3381,.F.);
#4515=ORIENTED_EDGE('',*,*,#3401,.T.);
#4516=ORIENTED_EDGE('',*,*,#3402,.F.);
#4517=ORIENTED_EDGE('',*,*,#3403,.F.);
#4518=ORIENTED_EDGE('',*,*,#3380,.F.);
#4519=ORIENTED_EDGE('',*,*,#3404,.T.);
#4520=ORIENTED_EDGE('',*,*,#3405,.F.);
#4521=ORIENTED_EDGE('',*,*,#3401,.F.);
#4522=ORIENTED_EDGE('',*,*,#3379,.F.);
#4523=ORIENTED_EDGE('',*,*,#3406,.T.);
#4524=ORIENTED_EDGE('',*,*,#3407,.F.);
#4525=ORIENTED_EDGE('',*,*,#3404,.F.);
#4526=ORIENTED_EDGE('',*,*,#3378,.F.);
#4527=ORIENTED_EDGE('',*,*,#3408,.T.);
#4528=ORIENTED_EDGE('',*,*,#3409,.F.);
#4529=ORIENTED_EDGE('',*,*,#3406,.F.);
#4530=ORIENTED_EDGE('',*,*,#3391,.F.);
#4531=ORIENTED_EDGE('',*,*,#3410,.T.);
#4532=ORIENTED_EDGE('',*,*,#3411,.F.);
#4533=ORIENTED_EDGE('',*,*,#3399,.F.);
#4534=ORIENTED_EDGE('',*,*,#3390,.F.);
#4535=ORIENTED_EDGE('',*,*,#3412,.T.);
#4536=ORIENTED_EDGE('',*,*,#3413,.F.);
#4537=ORIENTED_EDGE('',*,*,#3410,.F.);
#4538=ORIENTED_EDGE('',*,*,#3389,.F.);
#4539=ORIENTED_EDGE('',*,*,#3394,.T.);
#4540=ORIENTED_EDGE('',*,*,#3414,.F.);
#4541=ORIENTED_EDGE('',*,*,#3412,.F.);
#4542=ORIENTED_EDGE('',*,*,#3382,.F.);
#4543=ORIENTED_EDGE('',*,*,#3403,.T.);
#4544=ORIENTED_EDGE('',*,*,#3415,.F.);
#4545=ORIENTED_EDGE('',*,*,#3416,.F.);
#4546=ORIENTED_EDGE('',*,*,#3383,.F.);
#4547=ORIENTED_EDGE('',*,*,#3416,.T.);
#4548=ORIENTED_EDGE('',*,*,#3417,.F.);
#4549=ORIENTED_EDGE('',*,*,#3418,.F.);
#4550=ORIENTED_EDGE('',*,*,#3384,.F.);
#4551=ORIENTED_EDGE('',*,*,#3418,.T.);
#4552=ORIENTED_EDGE('',*,*,#3419,.F.);
#4553=ORIENTED_EDGE('',*,*,#3408,.F.);
#4554=ORIENTED_EDGE('',*,*,#3420,.T.);
#4555=ORIENTED_EDGE('',*,*,#3421,.T.);
#4556=ORIENTED_EDGE('',*,*,#3422,.T.);
#4557=ORIENTED_EDGE('',*,*,#3423,.T.);
#4558=ORIENTED_EDGE('',*,*,#3424,.T.);
#4559=ORIENTED_EDGE('',*,*,#3425,.T.);
#4560=ORIENTED_EDGE('',*,*,#3426,.T.);
#4561=ORIENTED_EDGE('',*,*,#3423,.F.);
#4562=ORIENTED_EDGE('',*,*,#3427,.T.);
#4563=ORIENTED_EDGE('',*,*,#3428,.F.);
#4564=ORIENTED_EDGE('',*,*,#3429,.F.);
#4565=ORIENTED_EDGE('',*,*,#3422,.F.);
#4566=ORIENTED_EDGE('',*,*,#3430,.T.);
#4567=ORIENTED_EDGE('',*,*,#3431,.F.);
#4568=ORIENTED_EDGE('',*,*,#3427,.F.);
#4569=ORIENTED_EDGE('',*,*,#3421,.F.);
#4570=ORIENTED_EDGE('',*,*,#3432,.T.);
#4571=ORIENTED_EDGE('',*,*,#3433,.F.);
#4572=ORIENTED_EDGE('',*,*,#3430,.F.);
#4573=ORIENTED_EDGE('',*,*,#3420,.F.);
#4574=ORIENTED_EDGE('',*,*,#3434,.T.);
#4575=ORIENTED_EDGE('',*,*,#3435,.F.);
#4576=ORIENTED_EDGE('',*,*,#3432,.F.);
#4577=ORIENTED_EDGE('',*,*,#3424,.F.);
#4578=ORIENTED_EDGE('',*,*,#3429,.T.);
#4579=ORIENTED_EDGE('',*,*,#3436,.F.);
#4580=ORIENTED_EDGE('',*,*,#3437,.F.);
#4581=ORIENTED_EDGE('',*,*,#3425,.F.);
#4582=ORIENTED_EDGE('',*,*,#3437,.T.);
#4583=ORIENTED_EDGE('',*,*,#3438,.F.);
#4584=ORIENTED_EDGE('',*,*,#3439,.F.);
#4585=ORIENTED_EDGE('',*,*,#3426,.F.);
#4586=ORIENTED_EDGE('',*,*,#3439,.T.);
#4587=ORIENTED_EDGE('',*,*,#3440,.F.);
#4588=ORIENTED_EDGE('',*,*,#3434,.F.);
#4589=ORIENTED_EDGE('',*,*,#3441,.T.);
#4590=ORIENTED_EDGE('',*,*,#3442,.T.);
#4591=ORIENTED_EDGE('',*,*,#3443,.T.);
#4592=ORIENTED_EDGE('',*,*,#3444,.T.);
#4593=ORIENTED_EDGE('',*,*,#3445,.T.);
#4594=ORIENTED_EDGE('',*,*,#3446,.T.);
#4595=ORIENTED_EDGE('',*,*,#3447,.T.);
#4596=ORIENTED_EDGE('',*,*,#3448,.T.);
#4597=ORIENTED_EDGE('',*,*,#3449,.T.);
#4598=ORIENTED_EDGE('',*,*,#3450,.T.);
#4599=ORIENTED_EDGE('',*,*,#3451,.T.);
#4600=ORIENTED_EDGE('',*,*,#3452,.T.);
#4601=ORIENTED_EDGE('',*,*,#3453,.T.);
#4602=ORIENTED_EDGE('',*,*,#3454,.T.);
#4603=ORIENTED_EDGE('',*,*,#3455,.T.);
#4604=ORIENTED_EDGE('',*,*,#3456,.T.);
#4605=ORIENTED_EDGE('',*,*,#3448,.F.);
#4606=ORIENTED_EDGE('',*,*,#3457,.T.);
#4607=ORIENTED_EDGE('',*,*,#3458,.F.);
#4608=ORIENTED_EDGE('',*,*,#3459,.F.);
#4609=ORIENTED_EDGE('',*,*,#3447,.F.);
#4610=ORIENTED_EDGE('',*,*,#3460,.T.);
#4611=ORIENTED_EDGE('',*,*,#3461,.F.);
#4612=ORIENTED_EDGE('',*,*,#3457,.F.);
#4613=ORIENTED_EDGE('',*,*,#3446,.F.);
#4614=ORIENTED_EDGE('',*,*,#3462,.T.);
#4615=ORIENTED_EDGE('',*,*,#3463,.F.);
#4616=ORIENTED_EDGE('',*,*,#3460,.F.);
#4617=ORIENTED_EDGE('',*,*,#3445,.F.);
#4618=ORIENTED_EDGE('',*,*,#3464,.T.);
#4619=ORIENTED_EDGE('',*,*,#3465,.F.);
#4620=ORIENTED_EDGE('',*,*,#3462,.F.);
#4621=ORIENTED_EDGE('',*,*,#3444,.F.);
#4622=ORIENTED_EDGE('',*,*,#3466,.T.);
#4623=ORIENTED_EDGE('',*,*,#3467,.F.);
#4624=ORIENTED_EDGE('',*,*,#3464,.F.);
#4625=ORIENTED_EDGE('',*,*,#3443,.F.);
#4626=ORIENTED_EDGE('',*,*,#3468,.T.);
#4627=ORIENTED_EDGE('',*,*,#3469,.F.);
#4628=ORIENTED_EDGE('',*,*,#3466,.F.);
#4629=ORIENTED_EDGE('',*,*,#3442,.F.);
#4630=ORIENTED_EDGE('',*,*,#3470,.T.);
#4631=ORIENTED_EDGE('',*,*,#3471,.F.);
#4632=ORIENTED_EDGE('',*,*,#3468,.F.);
#4633=ORIENTED_EDGE('',*,*,#3441,.F.);
#4634=ORIENTED_EDGE('',*,*,#3472,.T.);
#4635=ORIENTED_EDGE('',*,*,#3473,.F.);
#4636=ORIENTED_EDGE('',*,*,#3470,.F.);
#4637=ORIENTED_EDGE('',*,*,#3449,.F.);
#4638=ORIENTED_EDGE('',*,*,#3459,.T.);
#4639=ORIENTED_EDGE('',*,*,#3474,.F.);
#4640=ORIENTED_EDGE('',*,*,#3475,.F.);
#4641=ORIENTED_EDGE('',*,*,#3450,.F.);
#4642=ORIENTED_EDGE('',*,*,#3475,.T.);
#4643=ORIENTED_EDGE('',*,*,#3476,.F.);
#4644=ORIENTED_EDGE('',*,*,#3477,.F.);
#4645=ORIENTED_EDGE('',*,*,#3451,.F.);
#4646=ORIENTED_EDGE('',*,*,#3477,.T.);
#4647=ORIENTED_EDGE('',*,*,#3478,.F.);
#4648=ORIENTED_EDGE('',*,*,#3479,.F.);
#4649=ORIENTED_EDGE('',*,*,#3452,.F.);
#4650=ORIENTED_EDGE('',*,*,#3479,.T.);
#4651=ORIENTED_EDGE('',*,*,#3480,.F.);
#4652=ORIENTED_EDGE('',*,*,#3481,.F.);
#4653=ORIENTED_EDGE('',*,*,#3453,.F.);
#4654=ORIENTED_EDGE('',*,*,#3481,.T.);
#4655=ORIENTED_EDGE('',*,*,#3482,.F.);
#4656=ORIENTED_EDGE('',*,*,#3483,.F.);
#4657=ORIENTED_EDGE('',*,*,#3454,.F.);
#4658=ORIENTED_EDGE('',*,*,#3483,.T.);
#4659=ORIENTED_EDGE('',*,*,#3484,.F.);
#4660=ORIENTED_EDGE('',*,*,#3485,.F.);
#4661=ORIENTED_EDGE('',*,*,#3455,.F.);
#4662=ORIENTED_EDGE('',*,*,#3485,.T.);
#4663=ORIENTED_EDGE('',*,*,#3486,.F.);
#4664=ORIENTED_EDGE('',*,*,#3487,.F.);
#4665=ORIENTED_EDGE('',*,*,#3456,.F.);
#4666=ORIENTED_EDGE('',*,*,#3487,.T.);
#4667=ORIENTED_EDGE('',*,*,#3488,.F.);
#4668=ORIENTED_EDGE('',*,*,#3472,.F.);
#4669=ORIENTED_EDGE('',*,*,#3489,.T.);
#4670=ORIENTED_EDGE('',*,*,#3490,.T.);
#4671=ORIENTED_EDGE('',*,*,#3491,.T.);
#4672=ORIENTED_EDGE('',*,*,#3492,.T.);
#4673=ORIENTED_EDGE('',*,*,#3493,.T.);
#4674=ORIENTED_EDGE('',*,*,#3494,.T.);
#4675=ORIENTED_EDGE('',*,*,#3495,.T.);
#4676=ORIENTED_EDGE('',*,*,#3496,.T.);
#4677=ORIENTED_EDGE('',*,*,#3497,.T.);
#4678=ORIENTED_EDGE('',*,*,#3498,.T.);
#4679=ORIENTED_EDGE('',*,*,#3499,.T.);
#4680=ORIENTED_EDGE('',*,*,#3500,.T.);
#4681=ORIENTED_EDGE('',*,*,#3501,.T.);
#4682=ORIENTED_EDGE('',*,*,#3502,.T.);
#4683=ORIENTED_EDGE('',*,*,#3503,.T.);
#4684=ORIENTED_EDGE('',*,*,#3504,.T.);
#4685=ORIENTED_EDGE('',*,*,#3496,.F.);
#4686=ORIENTED_EDGE('',*,*,#3505,.T.);
#4687=ORIENTED_EDGE('',*,*,#3506,.F.);
#4688=ORIENTED_EDGE('',*,*,#3507,.F.);
#4689=ORIENTED_EDGE('',*,*,#3495,.F.);
#4690=ORIENTED_EDGE('',*,*,#3508,.T.);
#4691=ORIENTED_EDGE('',*,*,#3509,.F.);
#4692=ORIENTED_EDGE('',*,*,#3505,.F.);
#4693=ORIENTED_EDGE('',*,*,#3494,.F.);
#4694=ORIENTED_EDGE('',*,*,#3510,.T.);
#4695=ORIENTED_EDGE('',*,*,#3511,.F.);
#4696=ORIENTED_EDGE('',*,*,#3508,.F.);
#4697=ORIENTED_EDGE('',*,*,#3493,.F.);
#4698=ORIENTED_EDGE('',*,*,#3512,.T.);
#4699=ORIENTED_EDGE('',*,*,#3513,.F.);
#4700=ORIENTED_EDGE('',*,*,#3510,.F.);
#4701=ORIENTED_EDGE('',*,*,#3492,.F.);
#4702=ORIENTED_EDGE('',*,*,#3514,.T.);
#4703=ORIENTED_EDGE('',*,*,#3515,.F.);
#4704=ORIENTED_EDGE('',*,*,#3512,.F.);
#4705=ORIENTED_EDGE('',*,*,#3491,.F.);
#4706=ORIENTED_EDGE('',*,*,#3516,.T.);
#4707=ORIENTED_EDGE('',*,*,#3517,.F.);
#4708=ORIENTED_EDGE('',*,*,#3514,.F.);
#4709=ORIENTED_EDGE('',*,*,#3490,.F.);
#4710=ORIENTED_EDGE('',*,*,#3518,.T.);
#4711=ORIENTED_EDGE('',*,*,#3519,.F.);
#4712=ORIENTED_EDGE('',*,*,#3516,.F.);
#4713=ORIENTED_EDGE('',*,*,#3489,.F.);
#4714=ORIENTED_EDGE('',*,*,#3520,.T.);
#4715=ORIENTED_EDGE('',*,*,#3521,.F.);
#4716=ORIENTED_EDGE('',*,*,#3518,.F.);
#4717=ORIENTED_EDGE('',*,*,#3497,.F.);
#4718=ORIENTED_EDGE('',*,*,#3507,.T.);
#4719=ORIENTED_EDGE('',*,*,#3522,.F.);
#4720=ORIENTED_EDGE('',*,*,#3523,.F.);
#4721=ORIENTED_EDGE('',*,*,#3498,.F.);
#4722=ORIENTED_EDGE('',*,*,#3523,.T.);
#4723=ORIENTED_EDGE('',*,*,#3524,.F.);
#4724=ORIENTED_EDGE('',*,*,#3525,.F.);
#4725=ORIENTED_EDGE('',*,*,#3499,.F.);
#4726=ORIENTED_EDGE('',*,*,#3525,.T.);
#4727=ORIENTED_EDGE('',*,*,#3526,.F.);
#4728=ORIENTED_EDGE('',*,*,#3527,.F.);
#4729=ORIENTED_EDGE('',*,*,#3500,.F.);
#4730=ORIENTED_EDGE('',*,*,#3527,.T.);
#4731=ORIENTED_EDGE('',*,*,#3528,.F.);
#4732=ORIENTED_EDGE('',*,*,#3529,.F.);
#4733=ORIENTED_EDGE('',*,*,#3501,.F.);
#4734=ORIENTED_EDGE('',*,*,#3529,.T.);
#4735=ORIENTED_EDGE('',*,*,#3530,.F.);
#4736=ORIENTED_EDGE('',*,*,#3531,.F.);
#4737=ORIENTED_EDGE('',*,*,#3502,.F.);
#4738=ORIENTED_EDGE('',*,*,#3531,.T.);
#4739=ORIENTED_EDGE('',*,*,#3532,.F.);
#4740=ORIENTED_EDGE('',*,*,#3533,.F.);
#4741=ORIENTED_EDGE('',*,*,#3503,.F.);
#4742=ORIENTED_EDGE('',*,*,#3533,.T.);
#4743=ORIENTED_EDGE('',*,*,#3534,.F.);
#4744=ORIENTED_EDGE('',*,*,#3535,.F.);
#4745=ORIENTED_EDGE('',*,*,#3504,.F.);
#4746=ORIENTED_EDGE('',*,*,#3535,.T.);
#4747=ORIENTED_EDGE('',*,*,#3536,.F.);
#4748=ORIENTED_EDGE('',*,*,#3520,.F.);
#4749=ORIENTED_EDGE('',*,*,#3537,.T.);
#4750=ORIENTED_EDGE('',*,*,#3538,.T.);
#4751=ORIENTED_EDGE('',*,*,#3539,.T.);
#4752=ORIENTED_EDGE('',*,*,#3540,.T.);
#4753=ORIENTED_EDGE('',*,*,#3541,.T.);
#4754=ORIENTED_EDGE('',*,*,#3542,.T.);
#4755=ORIENTED_EDGE('',*,*,#3543,.T.);
#4756=ORIENTED_EDGE('',*,*,#3540,.F.);
#4757=ORIENTED_EDGE('',*,*,#3544,.T.);
#4758=ORIENTED_EDGE('',*,*,#3545,.F.);
#4759=ORIENTED_EDGE('',*,*,#3546,.F.);
#4760=ORIENTED_EDGE('',*,*,#3539,.F.);
#4761=ORIENTED_EDGE('',*,*,#3547,.T.);
#4762=ORIENTED_EDGE('',*,*,#3548,.F.);
#4763=ORIENTED_EDGE('',*,*,#3544,.F.);
#4764=ORIENTED_EDGE('',*,*,#3538,.F.);
#4765=ORIENTED_EDGE('',*,*,#3549,.T.);
#4766=ORIENTED_EDGE('',*,*,#3550,.F.);
#4767=ORIENTED_EDGE('',*,*,#3547,.F.);
#4768=ORIENTED_EDGE('',*,*,#3537,.F.);
#4769=ORIENTED_EDGE('',*,*,#3551,.T.);
#4770=ORIENTED_EDGE('',*,*,#3552,.F.);
#4771=ORIENTED_EDGE('',*,*,#3549,.F.);
#4772=ORIENTED_EDGE('',*,*,#3541,.F.);
#4773=ORIENTED_EDGE('',*,*,#3546,.T.);
#4774=ORIENTED_EDGE('',*,*,#3553,.F.);
#4775=ORIENTED_EDGE('',*,*,#3554,.F.);
#4776=ORIENTED_EDGE('',*,*,#3542,.F.);
#4777=ORIENTED_EDGE('',*,*,#3554,.T.);
#4778=ORIENTED_EDGE('',*,*,#3555,.F.);
#4779=ORIENTED_EDGE('',*,*,#3556,.F.);
#4780=ORIENTED_EDGE('',*,*,#3543,.F.);
#4781=ORIENTED_EDGE('',*,*,#3556,.T.);
#4782=ORIENTED_EDGE('',*,*,#3557,.F.);
#4783=ORIENTED_EDGE('',*,*,#3551,.F.);
#4784=ORIENTED_EDGE('',*,*,#3094,.T.);
#4785=ORIENTED_EDGE('',*,*,#3558,.F.);
#4786=ORIENTED_EDGE('',*,*,#3559,.F.);
#4787=ORIENTED_EDGE('',*,*,#3129,.F.);
#4788=ORIENTED_EDGE('',*,*,#3104,.T.);
#4789=ORIENTED_EDGE('',*,*,#3560,.T.);
#4790=ORIENTED_EDGE('',*,*,#3561,.T.);
#4791=ORIENTED_EDGE('',*,*,#3562,.T.);
#4792=ORIENTED_EDGE('',*,*,#3563,.T.);
#4793=ORIENTED_EDGE('',*,*,#3564,.T.);
#4794=ORIENTED_EDGE('',*,*,#3565,.T.);
#4795=ORIENTED_EDGE('',*,*,#3566,.T.);
#4796=ORIENTED_EDGE('',*,*,#3567,.T.);
#4797=ORIENTED_EDGE('',*,*,#3568,.T.);
#4798=ORIENTED_EDGE('',*,*,#3106,.T.);
#4799=ORIENTED_EDGE('',*,*,#3125,.F.);
#4800=ORIENTED_EDGE('',*,*,#3569,.F.);
#4801=ORIENTED_EDGE('',*,*,#3121,.F.);
#4802=ORIENTED_EDGE('',*,*,#3090,.T.);
#4803=ORIENTED_EDGE('',*,*,#3570,.T.);
#4804=ORIENTED_EDGE('',*,*,#3571,.T.);
#4805=ORIENTED_EDGE('',*,*,#3572,.T.);
#4806=ORIENTED_EDGE('',*,*,#3573,.T.);
#4807=ORIENTED_EDGE('',*,*,#3574,.T.);
#4808=ORIENTED_EDGE('',*,*,#3575,.T.);
#4809=ORIENTED_EDGE('',*,*,#3576,.T.);
#4810=ORIENTED_EDGE('',*,*,#3577,.T.);
#4811=ORIENTED_EDGE('',*,*,#3578,.T.);
#4812=ORIENTED_EDGE('',*,*,#3579,.T.);
#4813=ORIENTED_EDGE('',*,*,#3580,.T.);
#4814=ORIENTED_EDGE('',*,*,#3581,.T.);
#4815=ORIENTED_EDGE('',*,*,#3545,.T.);
#4816=ORIENTED_EDGE('',*,*,#3548,.T.);
#4817=ORIENTED_EDGE('',*,*,#3550,.T.);
#4818=ORIENTED_EDGE('',*,*,#3552,.T.);
#4819=ORIENTED_EDGE('',*,*,#3557,.T.);
#4820=ORIENTED_EDGE('',*,*,#3555,.T.);
#4821=ORIENTED_EDGE('',*,*,#3553,.T.);
#4822=ORIENTED_EDGE('',*,*,#3506,.T.);
#4823=ORIENTED_EDGE('',*,*,#3509,.T.);
#4824=ORIENTED_EDGE('',*,*,#3511,.T.);
#4825=ORIENTED_EDGE('',*,*,#3513,.T.);
#4826=ORIENTED_EDGE('',*,*,#3515,.T.);
#4827=ORIENTED_EDGE('',*,*,#3517,.T.);
#4828=ORIENTED_EDGE('',*,*,#3519,.T.);
#4829=ORIENTED_EDGE('',*,*,#3521,.T.);
#4830=ORIENTED_EDGE('',*,*,#3536,.T.);
#4831=ORIENTED_EDGE('',*,*,#3534,.T.);
#4832=ORIENTED_EDGE('',*,*,#3532,.T.);
#4833=ORIENTED_EDGE('',*,*,#3530,.T.);
#4834=ORIENTED_EDGE('',*,*,#3528,.T.);
#4835=ORIENTED_EDGE('',*,*,#3526,.T.);
#4836=ORIENTED_EDGE('',*,*,#3524,.T.);
#4837=ORIENTED_EDGE('',*,*,#3522,.T.);
#4838=ORIENTED_EDGE('',*,*,#3458,.T.);
#4839=ORIENTED_EDGE('',*,*,#3461,.T.);
#4840=ORIENTED_EDGE('',*,*,#3463,.T.);
#4841=ORIENTED_EDGE('',*,*,#3465,.T.);
#4842=ORIENTED_EDGE('',*,*,#3467,.T.);
#4843=ORIENTED_EDGE('',*,*,#3469,.T.);
#4844=ORIENTED_EDGE('',*,*,#3471,.T.);
#4845=ORIENTED_EDGE('',*,*,#3473,.T.);
#4846=ORIENTED_EDGE('',*,*,#3488,.T.);
#4847=ORIENTED_EDGE('',*,*,#3486,.T.);
#4848=ORIENTED_EDGE('',*,*,#3484,.T.);
#4849=ORIENTED_EDGE('',*,*,#3482,.T.);
#4850=ORIENTED_EDGE('',*,*,#3480,.T.);
#4851=ORIENTED_EDGE('',*,*,#3478,.T.);
#4852=ORIENTED_EDGE('',*,*,#3476,.T.);
#4853=ORIENTED_EDGE('',*,*,#3474,.T.);
#4854=ORIENTED_EDGE('',*,*,#3428,.T.);
#4855=ORIENTED_EDGE('',*,*,#3431,.T.);
#4856=ORIENTED_EDGE('',*,*,#3433,.T.);
#4857=ORIENTED_EDGE('',*,*,#3435,.T.);
#4858=ORIENTED_EDGE('',*,*,#3440,.T.);
#4859=ORIENTED_EDGE('',*,*,#3438,.T.);
#4860=ORIENTED_EDGE('',*,*,#3436,.T.);
#4861=ORIENTED_EDGE('',*,*,#3402,.T.);
#4862=ORIENTED_EDGE('',*,*,#3405,.T.);
#4863=ORIENTED_EDGE('',*,*,#3407,.T.);
#4864=ORIENTED_EDGE('',*,*,#3409,.T.);
#4865=ORIENTED_EDGE('',*,*,#3419,.T.);
#4866=ORIENTED_EDGE('',*,*,#3417,.T.);
#4867=ORIENTED_EDGE('',*,*,#3415,.T.);
#4868=ORIENTED_EDGE('',*,*,#3359,.T.);
#4869=ORIENTED_EDGE('',*,*,#3362,.T.);
#4870=ORIENTED_EDGE('',*,*,#3364,.T.);
#4871=ORIENTED_EDGE('',*,*,#3366,.T.);
#4872=ORIENTED_EDGE('',*,*,#3368,.T.);
#4873=ORIENTED_EDGE('',*,*,#3377,.T.);
#4874=ORIENTED_EDGE('',*,*,#3375,.T.);
#4875=ORIENTED_EDGE('',*,*,#3373,.T.);
#4876=ORIENTED_EDGE('',*,*,#3371,.T.);
#4877=ORIENTED_EDGE('',*,*,#3369,.T.);
#4878=ORIENTED_EDGE('',*,*,#3338,.T.);
#4879=ORIENTED_EDGE('',*,*,#3341,.T.);
#4880=ORIENTED_EDGE('',*,*,#3347,.T.);
#4881=ORIENTED_EDGE('',*,*,#3345,.T.);
#4882=ORIENTED_EDGE('',*,*,#3295,.T.);
#4883=ORIENTED_EDGE('',*,*,#3298,.T.);
#4884=ORIENTED_EDGE('',*,*,#3300,.T.);
#4885=ORIENTED_EDGE('',*,*,#3302,.T.);
#4886=ORIENTED_EDGE('',*,*,#3304,.T.);
#4887=ORIENTED_EDGE('',*,*,#3306,.T.);
#4888=ORIENTED_EDGE('',*,*,#3308,.T.);
#4889=ORIENTED_EDGE('',*,*,#3310,.T.);
#4890=ORIENTED_EDGE('',*,*,#3323,.T.);
#4891=ORIENTED_EDGE('',*,*,#3321,.T.);
#4892=ORIENTED_EDGE('',*,*,#3319,.T.);
#4893=ORIENTED_EDGE('',*,*,#3317,.T.);
#4894=ORIENTED_EDGE('',*,*,#3315,.T.);
#4895=ORIENTED_EDGE('',*,*,#3313,.T.);
#4896=ORIENTED_EDGE('',*,*,#3311,.T.);
#4897=ORIENTED_EDGE('',*,*,#3250,.T.);
#4898=ORIENTED_EDGE('',*,*,#3253,.T.);
#4899=ORIENTED_EDGE('',*,*,#3255,.T.);
#4900=ORIENTED_EDGE('',*,*,#3257,.T.);
#4901=ORIENTED_EDGE('',*,*,#3259,.T.);
#4902=ORIENTED_EDGE('',*,*,#3261,.T.);
#4903=ORIENTED_EDGE('',*,*,#3263,.T.);
#4904=ORIENTED_EDGE('',*,*,#3265,.T.);
#4905=ORIENTED_EDGE('',*,*,#3278,.T.);
#4906=ORIENTED_EDGE('',*,*,#3276,.T.);
#4907=ORIENTED_EDGE('',*,*,#3274,.T.);
#4908=ORIENTED_EDGE('',*,*,#3272,.T.);
#4909=ORIENTED_EDGE('',*,*,#3270,.T.);
#4910=ORIENTED_EDGE('',*,*,#3268,.T.);
#4911=ORIENTED_EDGE('',*,*,#3266,.T.);
#4912=ORIENTED_EDGE('',*,*,#3216,.T.);
#4913=ORIENTED_EDGE('',*,*,#3219,.T.);
#4914=ORIENTED_EDGE('',*,*,#3221,.T.);
#4915=ORIENTED_EDGE('',*,*,#3223,.T.);
#4916=ORIENTED_EDGE('',*,*,#3233,.T.);
#4917=ORIENTED_EDGE('',*,*,#3231,.T.);
#4918=ORIENTED_EDGE('',*,*,#3229,.T.);
#4919=ORIENTED_EDGE('',*,*,#3227,.T.);
#4920=ORIENTED_EDGE('',*,*,#3172,.T.);
#4921=ORIENTED_EDGE('',*,*,#3175,.T.);
#4922=ORIENTED_EDGE('',*,*,#3177,.T.);
#4923=ORIENTED_EDGE('',*,*,#3179,.T.);
#4924=ORIENTED_EDGE('',*,*,#3181,.T.);
#4925=ORIENTED_EDGE('',*,*,#3183,.T.);
#4926=ORIENTED_EDGE('',*,*,#3194,.T.);
#4927=ORIENTED_EDGE('',*,*,#3192,.T.);
#4928=ORIENTED_EDGE('',*,*,#3190,.T.);
#4929=ORIENTED_EDGE('',*,*,#3188,.T.);
#4930=ORIENTED_EDGE('',*,*,#3186,.T.);
#4931=ORIENTED_EDGE('',*,*,#3184,.T.);
#4932=ORIENTED_EDGE('',*,*,#3144,.T.);
#4933=ORIENTED_EDGE('',*,*,#3147,.T.);
#4934=ORIENTED_EDGE('',*,*,#3149,.T.);
#4935=ORIENTED_EDGE('',*,*,#3151,.T.);
#4936=ORIENTED_EDGE('',*,*,#3158,.T.);
#4937=ORIENTED_EDGE('',*,*,#3156,.T.);
#4938=ORIENTED_EDGE('',*,*,#3154,.T.);
#4939=ORIENTED_EDGE('',*,*,#3152,.T.);
#4940=ORIENTED_EDGE('',*,*,#3393,.T.);
#4941=ORIENTED_EDGE('',*,*,#3396,.T.);
#4942=ORIENTED_EDGE('',*,*,#3398,.T.);
#4943=ORIENTED_EDGE('',*,*,#3400,.T.);
#4944=ORIENTED_EDGE('',*,*,#3411,.T.);
#4945=ORIENTED_EDGE('',*,*,#3413,.T.);
#4946=ORIENTED_EDGE('',*,*,#3414,.T.);
#4947=ORIENTED_EDGE('',*,*,#3333,.T.);
#4948=ORIENTED_EDGE('',*,*,#3336,.T.);
#4949=ORIENTED_EDGE('',*,*,#3343,.T.);
#4950=ORIENTED_EDGE('',*,*,#3344,.T.);
#4951=ORIENTED_EDGE('',*,*,#3582,.T.);
#4952=ORIENTED_EDGE('',*,*,#3583,.T.);
#4953=ORIENTED_EDGE('',*,*,#3584,.T.);
#4954=ORIENTED_EDGE('',*,*,#3585,.T.);
#4955=ORIENTED_EDGE('',*,*,#3586,.T.);
#4956=ORIENTED_EDGE('',*,*,#3587,.T.);
#4957=ORIENTED_EDGE('',*,*,#3582,.F.);
#4958=ORIENTED_EDGE('',*,*,#3588,.T.);
#4959=ORIENTED_EDGE('',*,*,#3589,.T.);
#4960=ORIENTED_EDGE('',*,*,#3590,.T.);
#4961=ORIENTED_EDGE('',*,*,#3584,.F.);
#4962=ORIENTED_EDGE('',*,*,#3591,.T.);
#4963=ORIENTED_EDGE('',*,*,#3592,.T.);
#4964=ORIENTED_EDGE('',*,*,#3593,.T.);
#4965=ORIENTED_EDGE('',*,*,#3586,.F.);
#4966=ORIENTED_EDGE('',*,*,#3594,.T.);
#4967=ORIENTED_EDGE('',*,*,#3595,.T.);
#4968=ORIENTED_EDGE('',*,*,#3596,.T.);
#4969=ORIENTED_EDGE('',*,*,#3589,.F.);
#4970=ORIENTED_EDGE('',*,*,#3597,.T.);
#4971=ORIENTED_EDGE('',*,*,#3598,.T.);
#4972=ORIENTED_EDGE('',*,*,#3599,.T.);
#4973=ORIENTED_EDGE('',*,*,#3592,.F.);
#4974=ORIENTED_EDGE('',*,*,#3600,.T.);
#4975=ORIENTED_EDGE('',*,*,#3601,.T.);
#4976=ORIENTED_EDGE('',*,*,#3602,.T.);
#4977=ORIENTED_EDGE('',*,*,#3595,.F.);
#4978=ORIENTED_EDGE('',*,*,#3603,.T.);
#4979=ORIENTED_EDGE('',*,*,#3598,.F.);
#4980=ORIENTED_EDGE('',*,*,#3604,.T.);
#4981=ORIENTED_EDGE('',*,*,#3601,.F.);
#4982=ORIENTED_EDGE('',*,*,#3605,.T.);
#4983=ORIENTED_EDGE('',*,*,#3600,.F.);
#4984=ORIENTED_EDGE('',*,*,#3606,.T.);
#4985=ORIENTED_EDGE('',*,*,#3607,.T.);
#4986=ORIENTED_EDGE('',*,*,#3608,.T.);
#4987=ORIENTED_EDGE('',*,*,#3594,.F.);
#4988=ORIENTED_EDGE('',*,*,#3609,.F.);
#4989=ORIENTED_EDGE('',*,*,#3610,.T.);
#4990=ORIENTED_EDGE('',*,*,#3606,.F.);
#4991=ORIENTED_EDGE('',*,*,#3588,.F.);
#4992=ORIENTED_EDGE('',*,*,#3611,.T.);
#4993=ORIENTED_EDGE('',*,*,#3612,.T.);
#4994=ORIENTED_EDGE('',*,*,#3609,.T.);
#4995=ORIENTED_EDGE('',*,*,#3585,.F.);
#4996=ORIENTED_EDGE('',*,*,#3613,.F.);
#4997=ORIENTED_EDGE('',*,*,#3614,.T.);
#4998=ORIENTED_EDGE('',*,*,#3611,.F.);
#4999=ORIENTED_EDGE('',*,*,#3583,.F.);
#5000=ORIENTED_EDGE('',*,*,#3587,.F.);
#5001=ORIENTED_EDGE('',*,*,#3593,.F.);
#5002=ORIENTED_EDGE('',*,*,#3599,.F.);
#5003=ORIENTED_EDGE('',*,*,#3605,.F.);
#5004=ORIENTED_EDGE('',*,*,#3603,.F.);
#5005=ORIENTED_EDGE('',*,*,#3597,.F.);
#5006=ORIENTED_EDGE('',*,*,#3591,.F.);
#5007=ORIENTED_EDGE('',*,*,#3615,.F.);
#5008=ORIENTED_EDGE('',*,*,#3616,.F.);
#5009=ORIENTED_EDGE('',*,*,#3617,.T.);
#5010=ORIENTED_EDGE('',*,*,#3618,.T.);
#5011=ORIENTED_EDGE('',*,*,#3619,.T.);
#5012=ORIENTED_EDGE('',*,*,#3617,.F.);
#5013=ORIENTED_EDGE('',*,*,#3619,.F.);
#5014=ORIENTED_EDGE('',*,*,#3618,.F.);
#5015=ORIENTED_EDGE('',*,*,#3581,.F.);
#5016=ORIENTED_EDGE('',*,*,#3620,.T.);
#5017=ORIENTED_EDGE('',*,*,#3621,.T.);
#5018=ORIENTED_EDGE('',*,*,#3622,.T.);
#5019=ORIENTED_EDGE('',*,*,#3620,.F.);
#5020=ORIENTED_EDGE('',*,*,#3622,.F.);
#5021=ORIENTED_EDGE('',*,*,#3621,.F.);
#5022=ORIENTED_EDGE('',*,*,#3615,.T.);
#5023=ORIENTED_EDGE('',*,*,#3616,.T.);
#5024=ORIENTED_EDGE('',*,*,#3623,.F.);
#5025=ORIENTED_EDGE('',*,*,#3624,.F.);
#5026=ORIENTED_EDGE('',*,*,#3625,.T.);
#5027=ORIENTED_EDGE('',*,*,#3626,.T.);
#5028=ORIENTED_EDGE('',*,*,#3627,.T.);
#5029=ORIENTED_EDGE('',*,*,#3625,.F.);
#5030=ORIENTED_EDGE('',*,*,#3627,.F.);
#5031=ORIENTED_EDGE('',*,*,#3626,.F.);
#5032=ORIENTED_EDGE('',*,*,#3580,.F.);
#5033=ORIENTED_EDGE('',*,*,#3628,.T.);
#5034=ORIENTED_EDGE('',*,*,#3629,.T.);
#5035=ORIENTED_EDGE('',*,*,#3630,.T.);
#5036=ORIENTED_EDGE('',*,*,#3628,.F.);
#5037=ORIENTED_EDGE('',*,*,#3630,.F.);
#5038=ORIENTED_EDGE('',*,*,#3629,.F.);
#5039=ORIENTED_EDGE('',*,*,#3623,.T.);
#5040=ORIENTED_EDGE('',*,*,#3624,.T.);
#5041=ORIENTED_EDGE('',*,*,#3132,.F.);
#5042=ORIENTED_EDGE('',*,*,#3108,.F.);
#5043=ORIENTED_EDGE('',*,*,#3631,.F.);
#5044=ORIENTED_EDGE('',*,*,#3102,.F.);
#5045=ORIENTED_EDGE('',*,*,#3115,.F.);
#5046=ORIENTED_EDGE('',*,*,#3096,.F.);
#5047=ORIENTED_EDGE('',*,*,#3632,.F.);
#5048=ORIENTED_EDGE('',*,*,#3088,.F.);
#5049=ORIENTED_EDGE('',*,*,#3633,.T.);
#5050=ORIENTED_EDGE('',*,*,#3634,.T.);
#5051=ORIENTED_EDGE('',*,*,#3570,.F.);
#5052=ORIENTED_EDGE('',*,*,#3089,.T.);
#5053=ORIENTED_EDGE('',*,*,#3632,.T.);
#5054=ORIENTED_EDGE('',*,*,#3095,.T.);
#5055=ORIENTED_EDGE('',*,*,#3579,.F.);
#5056=ORIENTED_EDGE('',*,*,#3635,.T.);
#5057=ORIENTED_EDGE('',*,*,#3636,.T.);
#5058=ORIENTED_EDGE('',*,*,#3637,.T.);
#5059=ORIENTED_EDGE('',*,*,#3575,.F.);
#5060=ORIENTED_EDGE('',*,*,#3638,.T.);
#5061=ORIENTED_EDGE('',*,*,#3639,.T.);
#5062=ORIENTED_EDGE('',*,*,#3640,.T.);
#5063=ORIENTED_EDGE('',*,*,#3571,.F.);
#5064=ORIENTED_EDGE('',*,*,#3634,.F.);
#5065=ORIENTED_EDGE('',*,*,#3637,.F.);
#5066=ORIENTED_EDGE('',*,*,#3641,.T.);
#5067=ORIENTED_EDGE('',*,*,#3642,.F.);
#5068=ORIENTED_EDGE('',*,*,#3576,.F.);
#5069=ORIENTED_EDGE('',*,*,#3635,.F.);
#5070=ORIENTED_EDGE('',*,*,#3578,.F.);
#5071=ORIENTED_EDGE('',*,*,#3643,.T.);
#5072=ORIENTED_EDGE('',*,*,#3644,.T.);
#5073=ORIENTED_EDGE('',*,*,#3645,.T.);
#5074=ORIENTED_EDGE('',*,*,#3643,.F.);
#5075=ORIENTED_EDGE('',*,*,#3577,.F.);
#5076=ORIENTED_EDGE('',*,*,#3642,.T.);
#5077=ORIENTED_EDGE('',*,*,#3636,.F.);
#5078=ORIENTED_EDGE('',*,*,#3644,.F.);
#5079=ORIENTED_EDGE('',*,*,#3645,.F.);
#5080=ORIENTED_EDGE('',*,*,#3641,.F.);
#5081=ORIENTED_EDGE('',*,*,#3646,.F.);
#5082=ORIENTED_EDGE('',*,*,#3647,.T.);
#5083=ORIENTED_EDGE('',*,*,#3648,.F.);
#5084=ORIENTED_EDGE('',*,*,#3565,.F.);
#5085=ORIENTED_EDGE('',*,*,#3649,.F.);
#5086=ORIENTED_EDGE('',*,*,#3650,.F.);
#5087=ORIENTED_EDGE('',*,*,#3651,.F.);
#5088=ORIENTED_EDGE('',*,*,#3647,.F.);
#5089=ORIENTED_EDGE('',*,*,#3652,.F.);
#5090=ORIENTED_EDGE('',*,*,#3653,.F.);
#5091=ORIENTED_EDGE('',*,*,#3567,.F.);
#5092=ORIENTED_EDGE('',*,*,#3654,.T.);
#5093=ORIENTED_EDGE('',*,*,#3650,.T.);
#5094=ORIENTED_EDGE('',*,*,#3651,.T.);
#5095=ORIENTED_EDGE('',*,*,#3654,.F.);
#5096=ORIENTED_EDGE('',*,*,#3566,.F.);
#5097=ORIENTED_EDGE('',*,*,#3648,.T.);
#5098=ORIENTED_EDGE('',*,*,#3655,.F.);
#5099=ORIENTED_EDGE('',*,*,#3656,.T.);
#5100=ORIENTED_EDGE('',*,*,#3657,.F.);
#5101=ORIENTED_EDGE('',*,*,#3561,.F.);
#5102=ORIENTED_EDGE('',*,*,#3658,.F.);
#5103=ORIENTED_EDGE('',*,*,#3563,.F.);
#5104=ORIENTED_EDGE('',*,*,#3659,.T.);
#5105=ORIENTED_EDGE('',*,*,#3660,.T.);
#5106=ORIENTED_EDGE('',*,*,#3661,.T.);
#5107=ORIENTED_EDGE('',*,*,#3659,.F.);
#5108=ORIENTED_EDGE('',*,*,#3562,.F.);
#5109=ORIENTED_EDGE('',*,*,#3657,.T.);
#5110=ORIENTED_EDGE('',*,*,#3662,.F.);
#5111=ORIENTED_EDGE('',*,*,#3660,.F.);
#5112=ORIENTED_EDGE('',*,*,#3661,.F.);
#5113=ORIENTED_EDGE('',*,*,#3656,.F.);
#5114=ORIENTED_EDGE('',*,*,#3640,.F.);
#5115=ORIENTED_EDGE('',*,*,#3663,.T.);
#5116=ORIENTED_EDGE('',*,*,#3664,.F.);
#5117=ORIENTED_EDGE('',*,*,#3572,.F.);
#5118=ORIENTED_EDGE('',*,*,#3665,.T.);
#5119=ORIENTED_EDGE('',*,*,#3666,.F.);
#5120=ORIENTED_EDGE('',*,*,#3573,.F.);
#5121=ORIENTED_EDGE('',*,*,#3664,.T.);
#5122=ORIENTED_EDGE('',*,*,#3638,.F.);
#5123=ORIENTED_EDGE('',*,*,#3574,.F.);
#5124=ORIENTED_EDGE('',*,*,#3666,.T.);
#5125=ORIENTED_EDGE('',*,*,#3667,.T.);
#5126=ORIENTED_EDGE('',*,*,#3639,.F.);
#5127=ORIENTED_EDGE('',*,*,#3667,.F.);
#5128=ORIENTED_EDGE('',*,*,#3665,.F.);
#5129=ORIENTED_EDGE('',*,*,#3663,.F.);
#5130=ORIENTED_EDGE('',*,*,#3209,.T.);
#5131=ORIENTED_EDGE('',*,*,#3212,.T.);
#5132=ORIENTED_EDGE('',*,*,#3214,.T.);
#5133=ORIENTED_EDGE('',*,*,#3225,.T.);
#5134=ORIENTED_EDGE('',*,*,#3226,.T.);
#5135=ORIENTED_EDGE('',*,*,#3668,.F.);
#5136=ORIENTED_EDGE('',*,*,#3669,.F.);
#5137=ORIENTED_EDGE('',*,*,#3670,.T.);
#5138=ORIENTED_EDGE('',*,*,#3671,.F.);
#5139=ORIENTED_EDGE('',*,*,#3672,.F.);
#5140=ORIENTED_EDGE('',*,*,#3670,.F.);
#5141=ORIENTED_EDGE('',*,*,#3671,.T.);
#5142=ORIENTED_EDGE('',*,*,#3673,.T.);
#5143=ORIENTED_EDGE('',*,*,#3674,.F.);
#5144=ORIENTED_EDGE('',*,*,#3675,.F.);
#5145=ORIENTED_EDGE('',*,*,#3673,.F.);
#5146=ORIENTED_EDGE('',*,*,#3672,.T.);
#5147=ORIENTED_EDGE('',*,*,#3674,.T.);
#5148=ORIENTED_EDGE('',*,*,#3675,.T.);
#5149=ORIENTED_EDGE('',*,*,#3676,.F.);
#5150=ORIENTED_EDGE('',*,*,#3677,.F.);
#5151=ORIENTED_EDGE('',*,*,#3678,.T.);
#5152=ORIENTED_EDGE('',*,*,#3679,.F.);
#5153=ORIENTED_EDGE('',*,*,#3680,.F.);
#5154=ORIENTED_EDGE('',*,*,#3678,.F.);
#5155=ORIENTED_EDGE('',*,*,#3679,.T.);
#5156=ORIENTED_EDGE('',*,*,#3681,.T.);
#5157=ORIENTED_EDGE('',*,*,#3682,.F.);
#5158=ORIENTED_EDGE('',*,*,#3683,.F.);
#5159=ORIENTED_EDGE('',*,*,#3681,.F.);
#5160=ORIENTED_EDGE('',*,*,#3680,.T.);
#5161=ORIENTED_EDGE('',*,*,#3682,.T.);
#5162=ORIENTED_EDGE('',*,*,#3683,.T.);
#5163=ORIENTED_EDGE('',*,*,#3633,.F.);
#5164=ORIENTED_EDGE('',*,*,#3676,.T.);
#5165=ORIENTED_EDGE('',*,*,#3677,.T.);
#5166=ORIENTED_EDGE('',*,*,#3684,.T.);
#5167=ORIENTED_EDGE('',*,*,#3685,.T.);
#5168=ORIENTED_EDGE('',*,*,#3652,.T.);
#5169=ORIENTED_EDGE('',*,*,#3646,.T.);
#5170=ORIENTED_EDGE('',*,*,#3564,.F.);
#5171=ORIENTED_EDGE('',*,*,#3658,.T.);
#5172=ORIENTED_EDGE('',*,*,#3662,.T.);
#5173=ORIENTED_EDGE('',*,*,#3655,.T.);
#5174=ORIENTED_EDGE('',*,*,#3560,.F.);
#5175=ORIENTED_EDGE('',*,*,#3103,.T.);
#5176=ORIENTED_EDGE('',*,*,#3631,.T.);
#5177=ORIENTED_EDGE('',*,*,#3107,.T.);
#5178=ORIENTED_EDGE('',*,*,#3568,.F.);
#5179=ORIENTED_EDGE('',*,*,#3653,.T.);
#5180=ORIENTED_EDGE('',*,*,#3649,.T.);
#5181=ORIENTED_EDGE('',*,*,#3685,.F.);
#5182=ORIENTED_EDGE('',*,*,#3684,.F.);
#5183=ORIENTED_EDGE('',*,*,#3668,.T.);
#5184=ORIENTED_EDGE('',*,*,#3669,.T.);
#5185=ORIENTED_EDGE('',*,*,#3093,.T.);
#5186=ORIENTED_EDGE('',*,*,#3114,.T.);
#5187=ORIENTED_EDGE('',*,*,#3686,.T.);
#5188=ORIENTED_EDGE('',*,*,#3558,.T.);
#5189=ORIENTED_EDGE('',*,*,#3130,.T.);
#5190=ORIENTED_EDGE('',*,*,#3559,.T.);
#5191=ORIENTED_EDGE('',*,*,#3686,.F.);
#5192=ORIENTED_EDGE('',*,*,#3687,.T.);
#5193=ORIENTED_EDGE('',*,*,#3122,.F.);
#5194=ORIENTED_EDGE('',*,*,#3569,.T.);
#5195=ORIENTED_EDGE('',*,*,#3124,.T.);
#5196=ORIENTED_EDGE('',*,*,#3688,.T.);
#5197=ORIENTED_EDGE('',*,*,#3100,.T.);
#5198=ORIENTED_EDGE('',*,*,#3131,.F.);
#5199=ORIENTED_EDGE('',*,*,#3689,.F.);
#5200=ORIENTED_EDGE('',*,*,#3690,.F.);
#5201=ORIENTED_EDGE('',*,*,#3133,.T.);
#5202=ORIENTED_EDGE('',*,*,#3687,.F.);
#5203=ORIENTED_EDGE('',*,*,#3113,.F.);
#5204=ORIENTED_EDGE('',*,*,#3691,.F.);
#5205=ORIENTED_EDGE('',*,*,#3689,.T.);
#5206=ORIENTED_EDGE('',*,*,#3688,.F.);
#5207=ORIENTED_EDGE('',*,*,#3128,.F.);
#5208=ORIENTED_EDGE('',*,*,#3692,.F.);
#5209=ORIENTED_EDGE('',*,*,#3119,.T.);
#5210=ORIENTED_EDGE('',*,*,#3590,.F.);
#5211=ORIENTED_EDGE('',*,*,#3693,.T.);
#5212=ORIENTED_EDGE('',*,*,#3694,.T.);
#5213=ORIENTED_EDGE('',*,*,#3613,.T.);
#5214=ORIENTED_EDGE('',*,*,#3602,.F.);
#5215=ORIENTED_EDGE('',*,*,#3695,.T.);
#5216=ORIENTED_EDGE('',*,*,#3696,.T.);
#5217=ORIENTED_EDGE('',*,*,#3697,.T.);
#5218=ORIENTED_EDGE('',*,*,#3604,.F.);
#5219=ORIENTED_EDGE('',*,*,#3608,.F.);
#5220=ORIENTED_EDGE('',*,*,#3698,.T.);
#5221=ORIENTED_EDGE('',*,*,#3695,.F.);
#5222=ORIENTED_EDGE('',*,*,#3596,.F.);
#5223=ORIENTED_EDGE('',*,*,#3697,.F.);
#5224=ORIENTED_EDGE('',*,*,#3699,.T.);
#5225=ORIENTED_EDGE('',*,*,#3693,.F.);
#5226=ORIENTED_EDGE('',*,*,#3694,.F.);
#5227=ORIENTED_EDGE('',*,*,#3699,.F.);
#5228=ORIENTED_EDGE('',*,*,#3696,.F.);
#5229=ORIENTED_EDGE('',*,*,#3698,.F.);
#5230=ORIENTED_EDGE('',*,*,#3607,.F.);
#5231=ORIENTED_EDGE('',*,*,#3610,.F.);
#5232=ORIENTED_EDGE('',*,*,#3612,.F.);
#5233=ORIENTED_EDGE('',*,*,#3614,.F.);
#5234=ORIENTED_EDGE('',*,*,#3112,.T.);
#5235=ORIENTED_EDGE('',*,*,#3117,.T.);
#5236=ORIENTED_EDGE('',*,*,#3120,.T.);
#5237=ORIENTED_EDGE('',*,*,#3692,.T.);
#5238=ORIENTED_EDGE('',*,*,#3127,.T.);
#5239=ORIENTED_EDGE('',*,*,#3134,.T.);
#5240=ORIENTED_EDGE('',*,*,#3690,.T.);
#5241=ORIENTED_EDGE('',*,*,#3691,.T.);
#5242=ORIENTED_EDGE('',*,*,#3700,.T.);
#5243=ORIENTED_EDGE('',*,*,#3701,.T.);
#5244=ORIENTED_EDGE('',*,*,#3702,.T.);
#5245=ORIENTED_EDGE('',*,*,#3703,.T.);
#5246=ORIENTED_EDGE('',*,*,#3704,.T.);
#5247=ORIENTED_EDGE('',*,*,#3705,.T.);
#5248=ORIENTED_EDGE('',*,*,#3702,.F.);
#5249=ORIENTED_EDGE('',*,*,#3706,.T.);
#5250=ORIENTED_EDGE('',*,*,#3707,.T.);
#5251=ORIENTED_EDGE('',*,*,#3708,.T.);
#5252=ORIENTED_EDGE('',*,*,#3704,.F.);
#5253=ORIENTED_EDGE('',*,*,#3709,.T.);
#5254=ORIENTED_EDGE('',*,*,#3710,.T.);
#5255=ORIENTED_EDGE('',*,*,#3711,.T.);
#5256=ORIENTED_EDGE('',*,*,#3707,.F.);
#5257=ORIENTED_EDGE('',*,*,#3712,.T.);
#5258=ORIENTED_EDGE('',*,*,#3713,.T.);
#5259=ORIENTED_EDGE('',*,*,#3714,.T.);
#5260=ORIENTED_EDGE('',*,*,#3710,.F.);
#5261=ORIENTED_EDGE('',*,*,#3715,.T.);
#5262=ORIENTED_EDGE('',*,*,#3712,.F.);
#5263=ORIENTED_EDGE('',*,*,#3716,.T.);
#5264=ORIENTED_EDGE('',*,*,#3717,.F.);
#5265=ORIENTED_EDGE('',*,*,#3718,.T.);
#5266=ORIENTED_EDGE('',*,*,#3709,.F.);
#5267=ORIENTED_EDGE('',*,*,#3719,.F.);
#5268=ORIENTED_EDGE('',*,*,#3720,.F.);
#5269=ORIENTED_EDGE('',*,*,#3716,.F.);
#5270=ORIENTED_EDGE('',*,*,#3706,.F.);
#5271=ORIENTED_EDGE('',*,*,#3721,.T.);
#5272=ORIENTED_EDGE('',*,*,#3722,.F.);
#5273=ORIENTED_EDGE('',*,*,#3719,.T.);
#5274=ORIENTED_EDGE('',*,*,#3701,.F.);
#5275=ORIENTED_EDGE('',*,*,#3723,.T.);
#5276=ORIENTED_EDGE('',*,*,#3724,.F.);
#5277=ORIENTED_EDGE('',*,*,#3721,.F.);
#5278=ORIENTED_EDGE('',*,*,#3700,.F.);
#5279=ORIENTED_EDGE('',*,*,#3725,.T.);
#5280=ORIENTED_EDGE('',*,*,#3726,.T.);
#5281=ORIENTED_EDGE('',*,*,#3727,.F.);
#5282=ORIENTED_EDGE('',*,*,#3723,.F.);
#5283=ORIENTED_EDGE('',*,*,#3728,.T.);
#5284=ORIENTED_EDGE('',*,*,#3729,.T.);
#5285=ORIENTED_EDGE('',*,*,#3730,.T.);
#5286=ORIENTED_EDGE('',*,*,#3731,.T.);
#5287=ORIENTED_EDGE('',*,*,#3732,.T.);
#5288=ORIENTED_EDGE('',*,*,#3733,.T.);
#5289=ORIENTED_EDGE('',*,*,#3730,.F.);
#5290=ORIENTED_EDGE('',*,*,#3734,.T.);
#5291=ORIENTED_EDGE('',*,*,#3735,.T.);
#5292=ORIENTED_EDGE('',*,*,#3736,.T.);
#5293=ORIENTED_EDGE('',*,*,#3732,.F.);
#5294=ORIENTED_EDGE('',*,*,#3737,.T.);
#5295=ORIENTED_EDGE('',*,*,#3738,.T.);
#5296=ORIENTED_EDGE('',*,*,#3739,.T.);
#5297=ORIENTED_EDGE('',*,*,#3735,.F.);
#5298=ORIENTED_EDGE('',*,*,#3740,.T.);
#5299=ORIENTED_EDGE('',*,*,#3741,.T.);
#5300=ORIENTED_EDGE('',*,*,#3742,.T.);
#5301=ORIENTED_EDGE('',*,*,#3738,.F.);
#5302=ORIENTED_EDGE('',*,*,#3743,.T.);
#5303=ORIENTED_EDGE('',*,*,#3714,.F.);
#5304=ORIENTED_EDGE('',*,*,#3744,.F.);
#5305=ORIENTED_EDGE('',*,*,#3745,.F.);
#5306=ORIENTED_EDGE('',*,*,#3746,.F.);
#5307=ORIENTED_EDGE('',*,*,#3743,.F.);
#5308=ORIENTED_EDGE('',*,*,#3740,.F.);
#5309=ORIENTED_EDGE('',*,*,#3737,.F.);
#5310=ORIENTED_EDGE('',*,*,#3734,.F.);
#5311=ORIENTED_EDGE('',*,*,#3729,.F.);
#5312=ORIENTED_EDGE('',*,*,#3747,.F.);
#5313=ORIENTED_EDGE('',*,*,#3748,.F.);
#5314=ORIENTED_EDGE('',*,*,#3725,.F.);
#5315=ORIENTED_EDGE('',*,*,#3703,.F.);
#5316=ORIENTED_EDGE('',*,*,#3705,.F.);
#5317=ORIENTED_EDGE('',*,*,#3708,.F.);
#5318=ORIENTED_EDGE('',*,*,#3711,.F.);
#5319=ORIENTED_EDGE('',*,*,#3749,.F.);
#5320=ORIENTED_EDGE('',*,*,#3750,.F.);
#5321=ORIENTED_EDGE('',*,*,#3751,.F.);
#5322=ORIENTED_EDGE('',*,*,#3752,.F.);
#5323=ORIENTED_EDGE('',*,*,#3753,.T.);
#5324=ORIENTED_EDGE('',*,*,#3754,.T.);
#5325=ORIENTED_EDGE('',*,*,#3755,.T.);
#5326=ORIENTED_EDGE('',*,*,#3756,.T.);
#5327=ORIENTED_EDGE('',*,*,#3757,.T.);
#5328=ORIENTED_EDGE('',*,*,#3758,.T.);
#5329=ORIENTED_EDGE('',*,*,#3759,.T.);
#5330=ORIENTED_EDGE('',*,*,#3760,.T.);
#5331=ORIENTED_EDGE('',*,*,#3761,.F.);
#5332=ORIENTED_EDGE('',*,*,#3762,.F.);
#5333=ORIENTED_EDGE('',*,*,#3763,.F.);
#5334=ORIENTED_EDGE('',*,*,#3764,.F.);
#5335=ORIENTED_EDGE('',*,*,#3728,.F.);
#5336=ORIENTED_EDGE('',*,*,#3765,.T.);
#5337=ORIENTED_EDGE('',*,*,#3766,.F.);
#5338=ORIENTED_EDGE('',*,*,#3767,.T.);
#5339=ORIENTED_EDGE('',*,*,#3747,.T.);
#5340=ORIENTED_EDGE('',*,*,#3731,.F.);
#5341=ORIENTED_EDGE('',*,*,#3768,.F.);
#5342=ORIENTED_EDGE('',*,*,#3769,.F.);
#5343=ORIENTED_EDGE('',*,*,#3765,.F.);
#5344=ORIENTED_EDGE('',*,*,#3770,.T.);
#5345=ORIENTED_EDGE('',*,*,#3771,.T.);
#5346=ORIENTED_EDGE('',*,*,#3772,.T.);
#5347=ORIENTED_EDGE('',*,*,#3722,.T.);
#5348=ORIENTED_EDGE('',*,*,#3773,.T.);
#5349=ORIENTED_EDGE('',*,*,#3774,.T.);
#5350=ORIENTED_EDGE('',*,*,#3770,.F.);
#5351=ORIENTED_EDGE('',*,*,#3724,.T.);
#5352=ORIENTED_EDGE('',*,*,#3775,.T.);
#5353=ORIENTED_EDGE('',*,*,#3720,.T.);
#5354=ORIENTED_EDGE('',*,*,#3772,.F.);
#5355=ORIENTED_EDGE('',*,*,#3776,.T.);
#5356=ORIENTED_EDGE('',*,*,#3777,.T.);
#5357=ORIENTED_EDGE('',*,*,#3778,.T.);
#5358=ORIENTED_EDGE('',*,*,#3773,.F.);
#5359=ORIENTED_EDGE('',*,*,#3727,.T.);
#5360=ORIENTED_EDGE('',*,*,#3779,.T.);
#5361=ORIENTED_EDGE('',*,*,#3717,.T.);
#5362=ORIENTED_EDGE('',*,*,#3775,.F.);
#5363=ORIENTED_EDGE('',*,*,#3780,.T.);
#5364=ORIENTED_EDGE('',*,*,#3781,.T.);
#5365=ORIENTED_EDGE('',*,*,#3782,.T.);
#5366=ORIENTED_EDGE('',*,*,#3777,.F.);
#5367=ORIENTED_EDGE('',*,*,#3783,.T.);
#5368=ORIENTED_EDGE('',*,*,#3784,.T.);
#5369=ORIENTED_EDGE('',*,*,#3785,.T.);
#5370=ORIENTED_EDGE('',*,*,#3779,.F.);
#5371=ORIENTED_EDGE('',*,*,#3786,.T.);
#5372=ORIENTED_EDGE('',*,*,#3787,.T.);
#5373=ORIENTED_EDGE('',*,*,#3788,.T.);
#5374=ORIENTED_EDGE('',*,*,#3781,.F.);
#5375=ORIENTED_EDGE('',*,*,#3766,.T.);
#5376=ORIENTED_EDGE('',*,*,#3789,.T.);
#5377=ORIENTED_EDGE('',*,*,#3790,.T.);
#5378=ORIENTED_EDGE('',*,*,#3784,.F.);
#5379=ORIENTED_EDGE('',*,*,#3791,.T.);
#5380=ORIENTED_EDGE('',*,*,#3792,.T.);
#5381=ORIENTED_EDGE('',*,*,#3793,.T.);
#5382=ORIENTED_EDGE('',*,*,#3787,.F.);
#5383=ORIENTED_EDGE('',*,*,#3769,.T.);
#5384=ORIENTED_EDGE('',*,*,#3794,.T.);
#5385=ORIENTED_EDGE('',*,*,#3795,.T.);
#5386=ORIENTED_EDGE('',*,*,#3789,.F.);
#5387=ORIENTED_EDGE('',*,*,#3796,.T.);
#5388=ORIENTED_EDGE('',*,*,#3797,.T.);
#5389=ORIENTED_EDGE('',*,*,#3798,.T.);
#5390=ORIENTED_EDGE('',*,*,#3792,.F.);
#5391=ORIENTED_EDGE('',*,*,#3799,.T.);
#5392=ORIENTED_EDGE('',*,*,#3800,.T.);
#5393=ORIENTED_EDGE('',*,*,#3801,.T.);
#5394=ORIENTED_EDGE('',*,*,#3794,.F.);
#5395=ORIENTED_EDGE('',*,*,#3802,.T.);
#5396=ORIENTED_EDGE('',*,*,#3803,.T.);
#5397=ORIENTED_EDGE('',*,*,#3804,.T.);
#5398=ORIENTED_EDGE('',*,*,#3797,.F.);
#5399=ORIENTED_EDGE('',*,*,#3805,.T.);
#5400=ORIENTED_EDGE('',*,*,#3806,.T.);
#5401=ORIENTED_EDGE('',*,*,#3807,.T.);
#5402=ORIENTED_EDGE('',*,*,#3800,.F.);
#5403=ORIENTED_EDGE('',*,*,#3808,.T.);
#5404=ORIENTED_EDGE('',*,*,#3803,.F.);
#5405=ORIENTED_EDGE('',*,*,#3809,.T.);
#5406=ORIENTED_EDGE('',*,*,#3806,.F.);
#5407=ORIENTED_EDGE('',*,*,#3810,.T.);
#5408=ORIENTED_EDGE('',*,*,#3736,.F.);
#5409=ORIENTED_EDGE('',*,*,#3811,.F.);
#5410=ORIENTED_EDGE('',*,*,#3805,.F.);
#5411=ORIENTED_EDGE('',*,*,#3812,.F.);
#5412=ORIENTED_EDGE('',*,*,#3733,.F.);
#5413=ORIENTED_EDGE('',*,*,#3812,.T.);
#5414=ORIENTED_EDGE('',*,*,#3799,.F.);
#5415=ORIENTED_EDGE('',*,*,#3768,.T.);
#5416=ORIENTED_EDGE('',*,*,#3783,.F.);
#5417=ORIENTED_EDGE('',*,*,#3726,.F.);
#5418=ORIENTED_EDGE('',*,*,#3748,.T.);
#5419=ORIENTED_EDGE('',*,*,#3767,.F.);
#5420=ORIENTED_EDGE('',*,*,#3771,.F.);
#5421=ORIENTED_EDGE('',*,*,#3774,.F.);
#5422=ORIENTED_EDGE('',*,*,#3778,.F.);
#5423=ORIENTED_EDGE('',*,*,#3782,.F.);
#5424=ORIENTED_EDGE('',*,*,#3788,.F.);
#5425=ORIENTED_EDGE('',*,*,#3793,.F.);
#5426=ORIENTED_EDGE('',*,*,#3798,.F.);
#5427=ORIENTED_EDGE('',*,*,#3804,.F.);
#5428=ORIENTED_EDGE('',*,*,#3810,.F.);
#5429=ORIENTED_EDGE('',*,*,#3808,.F.);
#5430=ORIENTED_EDGE('',*,*,#3802,.F.);
#5431=ORIENTED_EDGE('',*,*,#3796,.F.);
#5432=ORIENTED_EDGE('',*,*,#3791,.F.);
#5433=ORIENTED_EDGE('',*,*,#3786,.F.);
#5434=ORIENTED_EDGE('',*,*,#3780,.F.);
#5435=ORIENTED_EDGE('',*,*,#3776,.F.);
#5436=ORIENTED_EDGE('',*,*,#3813,.T.);
#5437=ORIENTED_EDGE('',*,*,#3814,.T.);
#5438=ORIENTED_EDGE('',*,*,#3815,.T.);
#5439=ORIENTED_EDGE('',*,*,#3816,.T.);
#5440=ORIENTED_EDGE('',*,*,#3817,.T.);
#5441=ORIENTED_EDGE('',*,*,#3818,.T.);
#5442=ORIENTED_EDGE('',*,*,#3819,.T.);
#5443=ORIENTED_EDGE('',*,*,#3820,.T.);
#5444=ORIENTED_EDGE('',*,*,#3821,.T.);
#5445=ORIENTED_EDGE('',*,*,#3822,.T.);
#5446=ORIENTED_EDGE('',*,*,#3823,.T.);
#5447=ORIENTED_EDGE('',*,*,#3824,.T.);
#5448=ORIENTED_EDGE('',*,*,#3825,.T.);
#5449=ORIENTED_EDGE('',*,*,#3826,.T.);
#5450=ORIENTED_EDGE('',*,*,#3827,.T.);
#5451=ORIENTED_EDGE('',*,*,#3749,.T.);
#5452=ORIENTED_EDGE('',*,*,#3828,.T.);
#5453=ORIENTED_EDGE('',*,*,#3829,.T.);
#5454=ORIENTED_EDGE('',*,*,#3825,.F.);
#5455=ORIENTED_EDGE('',*,*,#3752,.T.);
#5456=ORIENTED_EDGE('',*,*,#3830,.T.);
#5457=ORIENTED_EDGE('',*,*,#3750,.T.);
#5458=ORIENTED_EDGE('',*,*,#3827,.F.);
#5459=ORIENTED_EDGE('',*,*,#3831,.T.);
#5460=ORIENTED_EDGE('',*,*,#3828,.F.);
#5461=ORIENTED_EDGE('',*,*,#3751,.T.);
#5462=ORIENTED_EDGE('',*,*,#3830,.F.);
#5463=ORIENTED_EDGE('',*,*,#3832,.T.);
#5464=ORIENTED_EDGE('',*,*,#3831,.F.);
#5465=ORIENTED_EDGE('',*,*,#3833,.T.);
#5466=ORIENTED_EDGE('',*,*,#3824,.F.);
#5467=ORIENTED_EDGE('',*,*,#3834,.F.);
#5468=ORIENTED_EDGE('',*,*,#3826,.F.);
#5469=ORIENTED_EDGE('',*,*,#3835,.T.);
#5470=ORIENTED_EDGE('',*,*,#3821,.F.);
#5471=ORIENTED_EDGE('',*,*,#3833,.F.);
#5472=ORIENTED_EDGE('',*,*,#3836,.T.);
#5473=ORIENTED_EDGE('',*,*,#3837,.T.);
#5474=ORIENTED_EDGE('',*,*,#3838,.T.);
#5475=ORIENTED_EDGE('',*,*,#3761,.T.);
#5476=ORIENTED_EDGE('',*,*,#3839,.T.);
#5477=ORIENTED_EDGE('',*,*,#3840,.T.);
#5478=ORIENTED_EDGE('',*,*,#3836,.F.);
#5479=ORIENTED_EDGE('',*,*,#3764,.T.);
#5480=ORIENTED_EDGE('',*,*,#3841,.T.);
#5481=ORIENTED_EDGE('',*,*,#3762,.T.);
#5482=ORIENTED_EDGE('',*,*,#3838,.F.);
#5483=ORIENTED_EDGE('',*,*,#3842,.T.);
#5484=ORIENTED_EDGE('',*,*,#3839,.F.);
#5485=ORIENTED_EDGE('',*,*,#3763,.T.);
#5486=ORIENTED_EDGE('',*,*,#3841,.F.);
#5487=ORIENTED_EDGE('',*,*,#3843,.T.);
#5488=ORIENTED_EDGE('',*,*,#3842,.F.);
#5489=ORIENTED_EDGE('',*,*,#3844,.T.);
#5490=ORIENTED_EDGE('',*,*,#3820,.F.);
#5491=ORIENTED_EDGE('',*,*,#3845,.F.);
#5492=ORIENTED_EDGE('',*,*,#3837,.F.);
#5493=ORIENTED_EDGE('',*,*,#3846,.T.);
#5494=ORIENTED_EDGE('',*,*,#3817,.F.);
#5495=ORIENTED_EDGE('',*,*,#3844,.F.);
#5496=ORIENTED_EDGE('',*,*,#3739,.F.);
#5497=ORIENTED_EDGE('',*,*,#3847,.T.);
#5498=ORIENTED_EDGE('',*,*,#3809,.F.);
#5499=ORIENTED_EDGE('',*,*,#3811,.T.);
#5500=ORIENTED_EDGE('',*,*,#3742,.F.);
#5501=ORIENTED_EDGE('',*,*,#3848,.T.);
#5502=ORIENTED_EDGE('',*,*,#3807,.F.);
#5503=ORIENTED_EDGE('',*,*,#3847,.F.);
#5504=ORIENTED_EDGE('',*,*,#3715,.F.);
#5505=ORIENTED_EDGE('',*,*,#3718,.F.);
#5506=ORIENTED_EDGE('',*,*,#3785,.F.);
#5507=ORIENTED_EDGE('',*,*,#3849,.F.);
#5508=ORIENTED_EDGE('',*,*,#3832,.F.);
#5509=ORIENTED_EDGE('',*,*,#3834,.T.);
#5510=ORIENTED_EDGE('',*,*,#3823,.F.);
#5511=ORIENTED_EDGE('',*,*,#3850,.F.);
#5512=ORIENTED_EDGE('',*,*,#3829,.F.);
#5513=ORIENTED_EDGE('',*,*,#3850,.T.);
#5514=ORIENTED_EDGE('',*,*,#3822,.F.);
#5515=ORIENTED_EDGE('',*,*,#3835,.F.);
#5516=ORIENTED_EDGE('',*,*,#3843,.F.);
#5517=ORIENTED_EDGE('',*,*,#3845,.T.);
#5518=ORIENTED_EDGE('',*,*,#3819,.F.);
#5519=ORIENTED_EDGE('',*,*,#3851,.F.);
#5520=ORIENTED_EDGE('',*,*,#3840,.F.);
#5521=ORIENTED_EDGE('',*,*,#3851,.T.);
#5522=ORIENTED_EDGE('',*,*,#3818,.F.);
#5523=ORIENTED_EDGE('',*,*,#3846,.F.);
#5524=ORIENTED_EDGE('',*,*,#3815,.F.);
#5525=ORIENTED_EDGE('',*,*,#3816,.F.);
#5526=ORIENTED_EDGE('',*,*,#3852,.T.);
#5527=ORIENTED_EDGE('',*,*,#3853,.F.);
#5528=ORIENTED_EDGE('',*,*,#3854,.F.);
#5529=ORIENTED_EDGE('',*,*,#3852,.F.);
#5530=ORIENTED_EDGE('',*,*,#3853,.T.);
#5531=ORIENTED_EDGE('',*,*,#3855,.T.);
#5532=ORIENTED_EDGE('',*,*,#3856,.F.);
#5533=ORIENTED_EDGE('',*,*,#3855,.F.);
#5534=ORIENTED_EDGE('',*,*,#3854,.T.);
#5535=ORIENTED_EDGE('',*,*,#3813,.F.);
#5536=ORIENTED_EDGE('',*,*,#3814,.F.);
#5537=ORIENTED_EDGE('',*,*,#3857,.T.);
#5538=ORIENTED_EDGE('',*,*,#3858,.F.);
#5539=ORIENTED_EDGE('',*,*,#3859,.F.);
#5540=ORIENTED_EDGE('',*,*,#3857,.F.);
#5541=ORIENTED_EDGE('',*,*,#3858,.T.);
#5542=ORIENTED_EDGE('',*,*,#3860,.T.);
#5543=ORIENTED_EDGE('',*,*,#3861,.F.);
#5544=ORIENTED_EDGE('',*,*,#3860,.F.);
#5545=ORIENTED_EDGE('',*,*,#3859,.T.);
#5546=ORIENTED_EDGE('',*,*,#3862,.T.);
#5547=ORIENTED_EDGE('',*,*,#3863,.T.);
#5548=ORIENTED_EDGE('',*,*,#3864,.F.);
#5549=ORIENTED_EDGE('',*,*,#3863,.F.);
#5550=ORIENTED_EDGE('',*,*,#3862,.F.);
#5551=ORIENTED_EDGE('',*,*,#3861,.T.);
#5552=ORIENTED_EDGE('',*,*,#3865,.T.);
#5553=ORIENTED_EDGE('',*,*,#3866,.T.);
#5554=ORIENTED_EDGE('',*,*,#3867,.F.);
#5555=ORIENTED_EDGE('',*,*,#3866,.F.);
#5556=ORIENTED_EDGE('',*,*,#3865,.F.);
#5557=ORIENTED_EDGE('',*,*,#3856,.T.);
#5558=ORIENTED_EDGE('',*,*,#3868,.T.);
#5559=ORIENTED_EDGE('',*,*,#3869,.T.);
#5560=ORIENTED_EDGE('',*,*,#3870,.T.);
#5561=ORIENTED_EDGE('',*,*,#3871,.T.);
#5562=ORIENTED_EDGE('',*,*,#3872,.T.);
#5563=ORIENTED_EDGE('',*,*,#3873,.T.);
#5564=ORIENTED_EDGE('',*,*,#3874,.T.);
#5565=ORIENTED_EDGE('',*,*,#3875,.T.);
#5566=ORIENTED_EDGE('',*,*,#3864,.T.);
#5567=ORIENTED_EDGE('',*,*,#3867,.T.);
#5568=ORIENTED_EDGE('',*,*,#3876,.T.);
#5569=ORIENTED_EDGE('',*,*,#3877,.T.);
#5570=ORIENTED_EDGE('',*,*,#3878,.T.);
#5571=ORIENTED_EDGE('',*,*,#3879,.T.);
#5572=ORIENTED_EDGE('',*,*,#3880,.T.);
#5573=ORIENTED_EDGE('',*,*,#3881,.T.);
#5574=ORIENTED_EDGE('',*,*,#3876,.F.);
#5575=ORIENTED_EDGE('',*,*,#3882,.T.);
#5576=ORIENTED_EDGE('',*,*,#3883,.T.);
#5577=ORIENTED_EDGE('',*,*,#3884,.T.);
#5578=ORIENTED_EDGE('',*,*,#3878,.F.);
#5579=ORIENTED_EDGE('',*,*,#3885,.T.);
#5580=ORIENTED_EDGE('',*,*,#3886,.T.);
#5581=ORIENTED_EDGE('',*,*,#3887,.T.);
#5582=ORIENTED_EDGE('',*,*,#3880,.F.);
#5583=ORIENTED_EDGE('',*,*,#3888,.T.);
#5584=ORIENTED_EDGE('',*,*,#3889,.T.);
#5585=ORIENTED_EDGE('',*,*,#3890,.T.);
#5586=ORIENTED_EDGE('',*,*,#3883,.F.);
#5587=ORIENTED_EDGE('',*,*,#3891,.T.);
#5588=ORIENTED_EDGE('',*,*,#3892,.T.);
#5589=ORIENTED_EDGE('',*,*,#3893,.T.);
#5590=ORIENTED_EDGE('',*,*,#3886,.F.);
#5591=ORIENTED_EDGE('',*,*,#3894,.T.);
#5592=ORIENTED_EDGE('',*,*,#3895,.T.);
#5593=ORIENTED_EDGE('',*,*,#3896,.T.);
#5594=ORIENTED_EDGE('',*,*,#3889,.F.);
#5595=ORIENTED_EDGE('',*,*,#3897,.T.);
#5596=ORIENTED_EDGE('',*,*,#3892,.F.);
#5597=ORIENTED_EDGE('',*,*,#3898,.T.);
#5598=ORIENTED_EDGE('',*,*,#3895,.F.);
#5599=ORIENTED_EDGE('',*,*,#3899,.T.);
#5600=ORIENTED_EDGE('',*,*,#3897,.F.);
#5601=ORIENTED_EDGE('',*,*,#3900,.F.);
#5602=ORIENTED_EDGE('',*,*,#3873,.F.);
#5603=ORIENTED_EDGE('',*,*,#3901,.T.);
#5604=ORIENTED_EDGE('',*,*,#3891,.F.);
#5605=ORIENTED_EDGE('',*,*,#3902,.F.);
#5606=ORIENTED_EDGE('',*,*,#3874,.F.);
#5607=ORIENTED_EDGE('',*,*,#3900,.T.);
#5608=ORIENTED_EDGE('',*,*,#3885,.F.);
#5609=ORIENTED_EDGE('',*,*,#3903,.F.);
#5610=ORIENTED_EDGE('',*,*,#3875,.F.);
#5611=ORIENTED_EDGE('',*,*,#3902,.T.);
#5612=ORIENTED_EDGE('',*,*,#3877,.F.);
#5613=ORIENTED_EDGE('',*,*,#3904,.T.);
#5614=ORIENTED_EDGE('',*,*,#3868,.F.);
#5615=ORIENTED_EDGE('',*,*,#3903,.T.);
#5616=ORIENTED_EDGE('',*,*,#3905,.F.);
#5617=ORIENTED_EDGE('',*,*,#3906,.F.);
#5618=ORIENTED_EDGE('',*,*,#3907,.F.);
#5619=ORIENTED_EDGE('',*,*,#3908,.F.);
#5620=ORIENTED_EDGE('',*,*,#3909,.F.);
#5621=ORIENTED_EDGE('',*,*,#3910,.F.);
#5622=ORIENTED_EDGE('',*,*,#3911,.F.);
#5623=ORIENTED_EDGE('',*,*,#3912,.F.);
#5624=ORIENTED_EDGE('',*,*,#3879,.F.);
#5625=ORIENTED_EDGE('',*,*,#3884,.F.);
#5626=ORIENTED_EDGE('',*,*,#3890,.F.);
#5627=ORIENTED_EDGE('',*,*,#3896,.F.);
#5628=ORIENTED_EDGE('',*,*,#3898,.F.);
#5629=ORIENTED_EDGE('',*,*,#3894,.F.);
#5630=ORIENTED_EDGE('',*,*,#3888,.F.);
#5631=ORIENTED_EDGE('',*,*,#3882,.F.);
#5632=ORIENTED_EDGE('',*,*,#3913,.T.);
#5633=ORIENTED_EDGE('',*,*,#3905,.T.);
#5634=ORIENTED_EDGE('',*,*,#3914,.T.);
#5635=ORIENTED_EDGE('',*,*,#3915,.T.);
#5636=ORIENTED_EDGE('',*,*,#3916,.T.);
#5637=ORIENTED_EDGE('',*,*,#3906,.T.);
#5638=ORIENTED_EDGE('',*,*,#3913,.F.);
#5639=ORIENTED_EDGE('',*,*,#3917,.T.);
#5640=ORIENTED_EDGE('',*,*,#3918,.T.);
#5641=ORIENTED_EDGE('',*,*,#3919,.T.);
#5642=ORIENTED_EDGE('',*,*,#3914,.F.);
#5643=ORIENTED_EDGE('',*,*,#3912,.T.);
#5644=ORIENTED_EDGE('',*,*,#3920,.T.);
#5645=ORIENTED_EDGE('',*,*,#3907,.T.);
#5646=ORIENTED_EDGE('',*,*,#3916,.F.);
#5647=ORIENTED_EDGE('',*,*,#3921,.T.);
#5648=ORIENTED_EDGE('',*,*,#3922,.T.);
#5649=ORIENTED_EDGE('',*,*,#3923,.T.);
#5650=ORIENTED_EDGE('',*,*,#3918,.F.);
#5651=ORIENTED_EDGE('',*,*,#3911,.T.);
#5652=ORIENTED_EDGE('',*,*,#3924,.T.);
#5653=ORIENTED_EDGE('',*,*,#3908,.T.);
#5654=ORIENTED_EDGE('',*,*,#3920,.F.);
#5655=ORIENTED_EDGE('',*,*,#3925,.T.);
#5656=ORIENTED_EDGE('',*,*,#3926,.T.);
#5657=ORIENTED_EDGE('',*,*,#3927,.T.);
#5658=ORIENTED_EDGE('',*,*,#3922,.F.);
#5659=ORIENTED_EDGE('',*,*,#3910,.T.);
#5660=ORIENTED_EDGE('',*,*,#3924,.F.);
#5661=ORIENTED_EDGE('',*,*,#3928,.T.);
#5662=ORIENTED_EDGE('',*,*,#3926,.F.);
#5663=ORIENTED_EDGE('',*,*,#3909,.T.);
#5664=ORIENTED_EDGE('',*,*,#3925,.F.);
#5665=ORIENTED_EDGE('',*,*,#3929,.F.);
#5666=ORIENTED_EDGE('',*,*,#3754,.F.);
#5667=ORIENTED_EDGE('',*,*,#3930,.T.);
#5668=ORIENTED_EDGE('',*,*,#3921,.F.);
#5669=ORIENTED_EDGE('',*,*,#3931,.F.);
#5670=ORIENTED_EDGE('',*,*,#3755,.F.);
#5671=ORIENTED_EDGE('',*,*,#3929,.T.);
#5672=ORIENTED_EDGE('',*,*,#3917,.F.);
#5673=ORIENTED_EDGE('',*,*,#3932,.F.);
#5674=ORIENTED_EDGE('',*,*,#3756,.F.);
#5675=ORIENTED_EDGE('',*,*,#3931,.T.);
#5676=ORIENTED_EDGE('',*,*,#3915,.F.);
#5677=ORIENTED_EDGE('',*,*,#3933,.F.);
#5678=ORIENTED_EDGE('',*,*,#3757,.F.);
#5679=ORIENTED_EDGE('',*,*,#3932,.T.);
#5680=ORIENTED_EDGE('',*,*,#3899,.F.);
#5681=ORIENTED_EDGE('',*,*,#3901,.F.);
#5682=ORIENTED_EDGE('',*,*,#3872,.F.);
#5683=ORIENTED_EDGE('',*,*,#3934,.T.);
#5684=ORIENTED_EDGE('',*,*,#3893,.F.);
#5685=ORIENTED_EDGE('',*,*,#3934,.F.);
#5686=ORIENTED_EDGE('',*,*,#3871,.F.);
#5687=ORIENTED_EDGE('',*,*,#3935,.T.);
#5688=ORIENTED_EDGE('',*,*,#3887,.F.);
#5689=ORIENTED_EDGE('',*,*,#3935,.F.);
#5690=ORIENTED_EDGE('',*,*,#3870,.F.);
#5691=ORIENTED_EDGE('',*,*,#3936,.T.);
#5692=ORIENTED_EDGE('',*,*,#3881,.F.);
#5693=ORIENTED_EDGE('',*,*,#3936,.F.);
#5694=ORIENTED_EDGE('',*,*,#3869,.F.);
#5695=ORIENTED_EDGE('',*,*,#3904,.F.);
#5696=ORIENTED_EDGE('',*,*,#3928,.F.);
#5697=ORIENTED_EDGE('',*,*,#3930,.F.);
#5698=ORIENTED_EDGE('',*,*,#3753,.F.);
#5699=ORIENTED_EDGE('',*,*,#3937,.T.);
#5700=ORIENTED_EDGE('',*,*,#3919,.F.);
#5701=ORIENTED_EDGE('',*,*,#3938,.F.);
#5702=ORIENTED_EDGE('',*,*,#3758,.F.);
#5703=ORIENTED_EDGE('',*,*,#3933,.T.);
#5704=ORIENTED_EDGE('',*,*,#3923,.F.);
#5705=ORIENTED_EDGE('',*,*,#3939,.F.);
#5706=ORIENTED_EDGE('',*,*,#3759,.F.);
#5707=ORIENTED_EDGE('',*,*,#3938,.T.);
#5708=ORIENTED_EDGE('',*,*,#3927,.F.);
#5709=ORIENTED_EDGE('',*,*,#3937,.F.);
#5710=ORIENTED_EDGE('',*,*,#3760,.F.);
#5711=ORIENTED_EDGE('',*,*,#3939,.T.);
#5712=ORIENTED_EDGE('',*,*,#3713,.F.);
#5713=ORIENTED_EDGE('',*,*,#3849,.T.);
#5714=ORIENTED_EDGE('',*,*,#3790,.F.);
#5715=ORIENTED_EDGE('',*,*,#3940,.T.);
#5716=ORIENTED_EDGE('',*,*,#3744,.T.);
#5717=ORIENTED_EDGE('',*,*,#3795,.F.);
#5718=ORIENTED_EDGE('',*,*,#3941,.F.);
#5719=ORIENTED_EDGE('',*,*,#3745,.T.);
#5720=ORIENTED_EDGE('',*,*,#3940,.F.);
#5721=ORIENTED_EDGE('',*,*,#3741,.F.);
#5722=ORIENTED_EDGE('',*,*,#3746,.T.);
#5723=ORIENTED_EDGE('',*,*,#3941,.T.);
#5724=ORIENTED_EDGE('',*,*,#3801,.F.);
#5725=ORIENTED_EDGE('',*,*,#3848,.F.);
#5726=ORIENTED_EDGE('',*,*,#3942,.F.);
#5727=ORIENTED_EDGE('',*,*,#3943,.T.);
#5728=ORIENTED_EDGE('',*,*,#3944,.T.);
#5729=ORIENTED_EDGE('',*,*,#3945,.F.);
#5730=ORIENTED_EDGE('',*,*,#3946,.F.);
#5731=ORIENTED_EDGE('',*,*,#3947,.T.);
#5732=ORIENTED_EDGE('',*,*,#3948,.T.);
#5733=ORIENTED_EDGE('',*,*,#3943,.F.);
#5734=ORIENTED_EDGE('',*,*,#3949,.F.);
#5735=ORIENTED_EDGE('',*,*,#3950,.T.);
#5736=ORIENTED_EDGE('',*,*,#3951,.T.);
#5737=ORIENTED_EDGE('',*,*,#3947,.F.);
#5738=ORIENTED_EDGE('',*,*,#3952,.F.);
#5739=ORIENTED_EDGE('',*,*,#3953,.T.);
#5740=ORIENTED_EDGE('',*,*,#3954,.T.);
#5741=ORIENTED_EDGE('',*,*,#3950,.F.);
#5742=ORIENTED_EDGE('',*,*,#3955,.F.);
#5743=ORIENTED_EDGE('',*,*,#3956,.T.);
#5744=ORIENTED_EDGE('',*,*,#3957,.T.);
#5745=ORIENTED_EDGE('',*,*,#3953,.F.);
#5746=ORIENTED_EDGE('',*,*,#3958,.F.);
#5747=ORIENTED_EDGE('',*,*,#3959,.T.);
#5748=ORIENTED_EDGE('',*,*,#3960,.T.);
#5749=ORIENTED_EDGE('',*,*,#3961,.F.);
#5750=ORIENTED_EDGE('',*,*,#3962,.F.);
#5751=ORIENTED_EDGE('',*,*,#3963,.T.);
#5752=ORIENTED_EDGE('',*,*,#3964,.T.);
#5753=ORIENTED_EDGE('',*,*,#3959,.F.);
#5754=ORIENTED_EDGE('',*,*,#3965,.F.);
#5755=ORIENTED_EDGE('',*,*,#3966,.T.);
#5756=ORIENTED_EDGE('',*,*,#3967,.T.);
#5757=ORIENTED_EDGE('',*,*,#3963,.F.);
#5758=ORIENTED_EDGE('',*,*,#3968,.F.);
#5759=ORIENTED_EDGE('',*,*,#3969,.T.);
#5760=ORIENTED_EDGE('',*,*,#3970,.T.);
#5761=ORIENTED_EDGE('',*,*,#3966,.F.);
#5762=ORIENTED_EDGE('',*,*,#3971,.F.);
#5763=ORIENTED_EDGE('',*,*,#3945,.T.);
#5764=ORIENTED_EDGE('',*,*,#3972,.T.);
#5765=ORIENTED_EDGE('',*,*,#3969,.F.);
#5766=ORIENTED_EDGE('',*,*,#3973,.F.);
#5767=ORIENTED_EDGE('',*,*,#3974,.T.);
#5768=ORIENTED_EDGE('',*,*,#3975,.T.);
#5769=ORIENTED_EDGE('',*,*,#3976,.F.);
#5770=ORIENTED_EDGE('',*,*,#3977,.F.);
#5771=ORIENTED_EDGE('',*,*,#3978,.T.);
#5772=ORIENTED_EDGE('',*,*,#3979,.T.);
#5773=ORIENTED_EDGE('',*,*,#3974,.F.);
#5774=ORIENTED_EDGE('',*,*,#3980,.F.);
#5775=ORIENTED_EDGE('',*,*,#3981,.T.);
#5776=ORIENTED_EDGE('',*,*,#3982,.T.);
#5777=ORIENTED_EDGE('',*,*,#3978,.F.);
#5778=ORIENTED_EDGE('',*,*,#3983,.F.);
#5779=ORIENTED_EDGE('',*,*,#3984,.T.);
#5780=ORIENTED_EDGE('',*,*,#3985,.T.);
#5781=ORIENTED_EDGE('',*,*,#3981,.F.);
#5782=ORIENTED_EDGE('',*,*,#3986,.F.);
#5783=ORIENTED_EDGE('',*,*,#3961,.T.);
#5784=ORIENTED_EDGE('',*,*,#3987,.T.);
#5785=ORIENTED_EDGE('',*,*,#3984,.F.);
#5786=ORIENTED_EDGE('',*,*,#3988,.F.);
#5787=ORIENTED_EDGE('',*,*,#3989,.F.);
#5788=ORIENTED_EDGE('',*,*,#3955,.T.);
#5789=ORIENTED_EDGE('',*,*,#3952,.T.);
#5790=ORIENTED_EDGE('',*,*,#3949,.T.);
#5791=ORIENTED_EDGE('',*,*,#3946,.T.);
#5792=ORIENTED_EDGE('',*,*,#3942,.T.);
#5793=ORIENTED_EDGE('',*,*,#3971,.T.);
#5794=ORIENTED_EDGE('',*,*,#3968,.T.);
#5795=ORIENTED_EDGE('',*,*,#3965,.T.);
#5796=ORIENTED_EDGE('',*,*,#3962,.T.);
#5797=ORIENTED_EDGE('',*,*,#3958,.T.);
#5798=ORIENTED_EDGE('',*,*,#3986,.T.);
#5799=ORIENTED_EDGE('',*,*,#3983,.T.);
#5800=ORIENTED_EDGE('',*,*,#3980,.T.);
#5801=ORIENTED_EDGE('',*,*,#3977,.T.);
#5802=ORIENTED_EDGE('',*,*,#3973,.T.);
#5803=ORIENTED_EDGE('',*,*,#3990,.T.);
#5804=ORIENTED_EDGE('',*,*,#3991,.T.);
#5805=ORIENTED_EDGE('',*,*,#3992,.T.);
#5806=ORIENTED_EDGE('',*,*,#3993,.T.);
#5807=ORIENTED_EDGE('',*,*,#3994,.T.);
#5808=ORIENTED_EDGE('',*,*,#3994,.F.);
#5809=ORIENTED_EDGE('',*,*,#3995,.T.);
#5810=ORIENTED_EDGE('',*,*,#3996,.T.);
#5811=ORIENTED_EDGE('',*,*,#3956,.F.);
#5812=ORIENTED_EDGE('',*,*,#3993,.F.);
#5813=ORIENTED_EDGE('',*,*,#3997,.T.);
#5814=ORIENTED_EDGE('',*,*,#3998,.T.);
#5815=ORIENTED_EDGE('',*,*,#3995,.F.);
#5816=ORIENTED_EDGE('',*,*,#3992,.F.);
#5817=ORIENTED_EDGE('',*,*,#3999,.T.);
#5818=ORIENTED_EDGE('',*,*,#4000,.T.);
#5819=ORIENTED_EDGE('',*,*,#3997,.F.);
#5820=ORIENTED_EDGE('',*,*,#3991,.F.);
#5821=ORIENTED_EDGE('',*,*,#4001,.T.);
#5822=ORIENTED_EDGE('',*,*,#4002,.T.);
#5823=ORIENTED_EDGE('',*,*,#3999,.F.);
#5824=ORIENTED_EDGE('',*,*,#3990,.F.);
#5825=ORIENTED_EDGE('',*,*,#3976,.T.);
#5826=ORIENTED_EDGE('',*,*,#4003,.T.);
#5827=ORIENTED_EDGE('',*,*,#4001,.F.);
#5828=ORIENTED_EDGE('',*,*,#4003,.F.);
#5829=ORIENTED_EDGE('',*,*,#3975,.F.);
#5830=ORIENTED_EDGE('',*,*,#3979,.F.);
#5831=ORIENTED_EDGE('',*,*,#3982,.F.);
#5832=ORIENTED_EDGE('',*,*,#3985,.F.);
#5833=ORIENTED_EDGE('',*,*,#3987,.F.);
#5834=ORIENTED_EDGE('',*,*,#3960,.F.);
#5835=ORIENTED_EDGE('',*,*,#3964,.F.);
#5836=ORIENTED_EDGE('',*,*,#3967,.F.);
#5837=ORIENTED_EDGE('',*,*,#3970,.F.);
#5838=ORIENTED_EDGE('',*,*,#3972,.F.);
#5839=ORIENTED_EDGE('',*,*,#3944,.F.);
#5840=ORIENTED_EDGE('',*,*,#3948,.F.);
#5841=ORIENTED_EDGE('',*,*,#3951,.F.);
#5842=ORIENTED_EDGE('',*,*,#3954,.F.);
#5843=ORIENTED_EDGE('',*,*,#3957,.F.);
#5844=ORIENTED_EDGE('',*,*,#3996,.F.);
#5845=ORIENTED_EDGE('',*,*,#3998,.F.);
#5846=ORIENTED_EDGE('',*,*,#4000,.F.);
#5847=ORIENTED_EDGE('',*,*,#4002,.F.);
#5848=ORIENTED_EDGE('',*,*,#4004,.F.);
#5849=ORIENTED_EDGE('',*,*,#4005,.F.);
#5850=ORIENTED_EDGE('',*,*,#4006,.T.);
#5851=ORIENTED_EDGE('',*,*,#4007,.T.);
#5852=ORIENTED_EDGE('',*,*,#4008,.T.);
#5853=ORIENTED_EDGE('',*,*,#4006,.F.);
#5854=ORIENTED_EDGE('',*,*,#4009,.F.);
#5855=ORIENTED_EDGE('',*,*,#4010,.F.);
#5856=ORIENTED_EDGE('',*,*,#4011,.T.);
#5857=ORIENTED_EDGE('',*,*,#4005,.T.);
#5858=ORIENTED_EDGE('',*,*,#4004,.T.);
#5859=ORIENTED_EDGE('',*,*,#4011,.F.);
#5860=ORIENTED_EDGE('',*,*,#4009,.T.);
#5861=ORIENTED_EDGE('',*,*,#4010,.T.);
#5862=ORIENTED_EDGE('',*,*,#4012,.F.);
#5863=ORIENTED_EDGE('',*,*,#4013,.F.);
#5864=ORIENTED_EDGE('',*,*,#4014,.T.);
#5865=ORIENTED_EDGE('',*,*,#3989,.T.);
#5866=ORIENTED_EDGE('',*,*,#3988,.T.);
#5867=ORIENTED_EDGE('',*,*,#4014,.F.);
#5868=ORIENTED_EDGE('',*,*,#4008,.F.);
#5869=ORIENTED_EDGE('',*,*,#4007,.F.);
#5870=ORIENTED_EDGE('',*,*,#4015,.T.);
#5871=ORIENTED_EDGE('',*,*,#4013,.T.);
#5872=ORIENTED_EDGE('',*,*,#4012,.T.);
#5873=ORIENTED_EDGE('',*,*,#4015,.F.);
#5874=PLANE('',#6494);
#5875=PLANE('',#6496);
#5876=PLANE('',#6498);
#5877=PLANE('',#6500);
#5878=PLANE('',#6502);
#5879=PLANE('',#6503);
#5880=PLANE('',#6508);
#5881=PLANE('',#6511);
#5882=PLANE('',#6512);
#5883=PLANE('',#6513);
#5884=PLANE('',#6514);
#5885=PLANE('',#6515);
#5886=PLANE('',#6516);
#5887=PLANE('',#6517);
#5888=PLANE('',#6518);
#5889=PLANE('',#6519);
#5890=PLANE('',#6520);
#5891=PLANE('',#6521);
#5892=PLANE('',#6522);
#5893=PLANE('',#6523);
#5894=PLANE('',#6524);
#5895=PLANE('',#6525);
#5896=PLANE('',#6526);
#5897=PLANE('',#6527);
#5898=PLANE('',#6528);
#5899=PLANE('',#6529);
#5900=PLANE('',#6530);
#5901=PLANE('',#6531);
#5902=PLANE('',#6532);
#5903=PLANE('',#6533);
#5904=PLANE('',#6534);
#5905=PLANE('',#6535);
#5906=PLANE('',#6536);
#5907=PLANE('',#6537);
#5908=PLANE('',#6538);
#5909=PLANE('',#6539);
#5910=PLANE('',#6540);
#5911=PLANE('',#6541);
#5912=PLANE('',#6542);
#5913=PLANE('',#6543);
#5914=PLANE('',#6544);
#5915=PLANE('',#6545);
#5916=PLANE('',#6546);
#5917=PLANE('',#6547);
#5918=PLANE('',#6548);
#5919=PLANE('',#6549);
#5920=PLANE('',#6550);
#5921=PLANE('',#6551);
#5922=PLANE('',#6552);
#5923=PLANE('',#6553);
#5924=PLANE('',#6554);
#5925=PLANE('',#6555);
#5926=PLANE('',#6556);
#5927=PLANE('',#6557);
#5928=PLANE('',#6558);
#5929=PLANE('',#6559);
#5930=PLANE('',#6560);
#5931=PLANE('',#6561);
#5932=PLANE('',#6562);
#5933=PLANE('',#6563);
#5934=PLANE('',#6564);
#5935=PLANE('',#6565);
#5936=PLANE('',#6566);
#5937=PLANE('',#6567);
#5938=PLANE('',#6568);
#5939=PLANE('',#6569);
#5940=PLANE('',#6570);
#5941=PLANE('',#6571);
#5942=PLANE('',#6572);
#5943=PLANE('',#6573);
#5944=PLANE('',#6574);
#5945=PLANE('',#6575);
#5946=PLANE('',#6576);
#5947=PLANE('',#6577);
#5948=PLANE('',#6578);
#5949=PLANE('',#6579);
#5950=PLANE('',#6580);
#5951=PLANE('',#6581);
#5952=PLANE('',#6582);
#5953=PLANE('',#6583);
#5954=PLANE('',#6584);
#5955=PLANE('',#6585);
#5956=PLANE('',#6586);
#5957=PLANE('',#6587);
#5958=PLANE('',#6588);
#5959=PLANE('',#6589);
#5960=PLANE('',#6590);
#5961=PLANE('',#6591);
#5962=PLANE('',#6592);
#5963=PLANE('',#6593);
#5964=PLANE('',#6594);
#5965=PLANE('',#6595);
#5966=PLANE('',#6596);
#5967=PLANE('',#6597);
#5968=PLANE('',#6598);
#5969=PLANE('',#6599);
#5970=PLANE('',#6600);
#5971=PLANE('',#6601);
#5972=PLANE('',#6602);
#5973=PLANE('',#6603);
#5974=PLANE('',#6604);
#5975=PLANE('',#6605);
#5976=PLANE('',#6606);
#5977=PLANE('',#6607);
#5978=PLANE('',#6608);
#5979=PLANE('',#6609);
#5980=PLANE('',#6610);
#5981=PLANE('',#6611);
#5982=PLANE('',#6612);
#5983=PLANE('',#6613);
#5984=PLANE('',#6614);
#5985=PLANE('',#6615);
#5986=PLANE('',#6616);
#5987=PLANE('',#6617);
#5988=PLANE('',#6618);
#5989=PLANE('',#6619);
#5990=PLANE('',#6620);
#5991=PLANE('',#6634);
#5992=PLANE('',#6635);
#5993=PLANE('',#6658);
#5994=PLANE('',#6661);
#5995=PLANE('',#6662);
#5996=PLANE('',#6668);
#5997=PLANE('',#6672);
#5998=PLANE('',#6678);
#5999=PLANE('',#6682);
#6000=PLANE('',#6683);
#6001=PLANE('',#6685);
#6002=PLANE('',#6691);
#6003=PLANE('',#6692);
#6004=PLANE('',#6695);
#6005=PLANE('',#6696);
#6006=PLANE('',#6697);
#6007=PLANE('',#6701);
#6008=PLANE('',#6703);
#6009=PLANE('',#6704);
#6010=PLANE('',#6707);
#6011=PLANE('',#6709);
#6012=PLANE('',#6712);
#6013=PLANE('',#6713);
#6014=PLANE('',#6714);
#6015=PLANE('',#6723);
#6016=PLANE('',#6732);
#6017=PLANE('',#6733);
#6018=PLANE('',#6736);
#6019=PLANE('',#6739);
#6020=PLANE('',#6744);
#6021=PLANE('',#6745);
#6022=PLANE('',#6746);
#6023=PLANE('',#6767);
#6024=PLANE('',#6792);
#6025=PLANE('',#6858);
#6026=PLANE('',#6860);
#6027=PLANE('',#6861);
#6028=PLANE('',#6881);
#6029=PLANE('',#6893);
#6030=PLANE('',#6897);
#6031=PLANE('',#6899);
#6032=PLANE('',#6914);
#6033=PLANE('',#6918);
#6034=PLANE('',#6919);
#6035=PLANE('',#6949);
#6036=PLANE('',#6951);
#6037=PLANE('',#6952);
#6038=PLANE('',#6978);
#6039=PLANE('',#6980);
#6040=PLANE('',#6981);
#6041=PLANE('',#6983);
#6042=PLANE('',#6985);
#6043=PLANE('',#6987);
#6044=PLANE('',#6990);
#6045=PLANE('',#6993);
#6046=PLANE('',#6994);
#6047=PLANE('',#6998);
#6048=PLANE('',#6999);
#6049=PLANE('',#7000);
#6050=PLANE('',#7001);
#6051=PLANE('',#7005);
#6052=PLANE('',#7006);
#6053=PLANE('',#7007);
#6054=PLANE('',#7008);
#6055=PLANE('',#7012);
#6056=PLANE('',#7013);
#6057=PLANE('',#7014);
#6058=PLANE('',#7018);
#6059=PLANE('',#7019);
#6060=PLANE('',#7022);
#6061=PLANE('',#7023);
#6062=PLANE('',#7024);
#6063=PLANE('',#7033);
#6064=ADVANCED_FACE('',(#467),#5874,.T.);
#6065=ADVANCED_FACE('',(#468),#5875,.T.);
#6066=ADVANCED_FACE('',(#469),#5876,.T.);
#6067=ADVANCED_FACE('',(#470),#5877,.T.);
#6068=ADVANCED_FACE('',(#471),#5878,.F.);
#6069=ADVANCED_FACE('',(#472),#413,.F.);
#6070=ADVANCED_FACE('',(#473),#5879,.F.);
#6071=ADVANCED_FACE('',(#474),#361,.F.);
#6072=ADVANCED_FACE('',(#475),#362,.F.);
#6073=ADVANCED_FACE('',(#476),#5880,.F.);
#6074=ADVANCED_FACE('',(#477),#363,.F.);
#6075=ADVANCED_FACE('',(#478),#414,.F.);
#6076=ADVANCED_FACE('',(#479),#5881,.T.);
#6077=ADVANCED_FACE('',(#480),#5882,.T.);
#6078=ADVANCED_FACE('',(#481),#5883,.T.);
#6079=ADVANCED_FACE('',(#482),#5884,.T.);
#6080=ADVANCED_FACE('',(#483),#5885,.T.);
#6081=ADVANCED_FACE('',(#484),#5886,.T.);
#6082=ADVANCED_FACE('',(#485),#5887,.T.);
#6083=ADVANCED_FACE('',(#486),#5888,.T.);
#6084=ADVANCED_FACE('',(#487),#5889,.T.);
#6085=ADVANCED_FACE('',(#488),#5890,.T.);
#6086=ADVANCED_FACE('',(#489),#5891,.T.);
#6087=ADVANCED_FACE('',(#490),#5892,.T.);
#6088=ADVANCED_FACE('',(#491),#5893,.T.);
#6089=ADVANCED_FACE('',(#492),#5894,.T.);
#6090=ADVANCED_FACE('',(#493),#5895,.T.);
#6091=ADVANCED_FACE('',(#494),#5896,.T.);
#6092=ADVANCED_FACE('',(#495),#5897,.T.);
#6093=ADVANCED_FACE('',(#496),#5898,.T.);
#6094=ADVANCED_FACE('',(#497),#5899,.T.);
#6095=ADVANCED_FACE('',(#498),#5900,.T.);
#6096=ADVANCED_FACE('',(#499),#5901,.T.);
#6097=ADVANCED_FACE('',(#500),#5902,.T.);
#6098=ADVANCED_FACE('',(#501,#104),#5903,.T.);
#6099=ADVANCED_FACE('',(#502),#5904,.F.);
#6100=ADVANCED_FACE('',(#503),#5905,.F.);
#6101=ADVANCED_FACE('',(#504),#5906,.F.);
#6102=ADVANCED_FACE('',(#505),#5907,.T.);
#6103=ADVANCED_FACE('',(#506),#5908,.T.);
#6104=ADVANCED_FACE('',(#507),#5909,.T.);
#6105=ADVANCED_FACE('',(#508),#5910,.T.);
#6106=ADVANCED_FACE('',(#509),#415,.F.);
#6107=ADVANCED_FACE('',(#510),#416,.F.);
#6108=ADVANCED_FACE('',(#511),#5911,.T.);
#6109=ADVANCED_FACE('',(#512),#5912,.T.);
#6110=ADVANCED_FACE('',(#513),#5913,.T.);
#6111=ADVANCED_FACE('',(#514),#5914,.T.);
#6112=ADVANCED_FACE('',(#515),#5915,.T.);
#6113=ADVANCED_FACE('',(#516),#5916,.T.);
#6114=ADVANCED_FACE('',(#517),#5917,.T.);
#6115=ADVANCED_FACE('',(#518),#5918,.T.);
#6116=ADVANCED_FACE('',(#519),#5919,.T.);
#6117=ADVANCED_FACE('',(#520),#5920,.T.);
#6118=ADVANCED_FACE('',(#521),#5921,.T.);
#6119=ADVANCED_FACE('',(#522),#5922,.T.);
#6120=ADVANCED_FACE('',(#523),#5923,.T.);
#6121=ADVANCED_FACE('',(#524),#5924,.T.);
#6122=ADVANCED_FACE('',(#525),#5925,.T.);
#6123=ADVANCED_FACE('',(#526),#417,.T.);
#6124=ADVANCED_FACE('',(#527),#418,.T.);
#6125=ADVANCED_FACE('',(#528),#5926,.T.);
#6126=ADVANCED_FACE('',(#529),#5927,.T.);
#6127=ADVANCED_FACE('',(#530),#5928,.T.);
#6128=ADVANCED_FACE('',(#531),#5929,.T.);
#6129=ADVANCED_FACE('',(#532),#5930,.T.);
#6130=ADVANCED_FACE('',(#533),#5931,.T.);
#6131=ADVANCED_FACE('',(#534),#5932,.T.);
#6132=ADVANCED_FACE('',(#535),#5933,.T.);
#6133=ADVANCED_FACE('',(#536),#5934,.T.);
#6134=ADVANCED_FACE('',(#537),#5935,.T.);
#6135=ADVANCED_FACE('',(#538),#5936,.T.);
#6136=ADVANCED_FACE('',(#539),#5937,.T.);
#6137=ADVANCED_FACE('',(#540),#5938,.T.);
#6138=ADVANCED_FACE('',(#541),#5939,.T.);
#6139=ADVANCED_FACE('',(#542),#419,.T.);
#6140=ADVANCED_FACE('',(#543),#420,.T.);
#6141=ADVANCED_FACE('',(#544),#5940,.T.);
#6142=ADVANCED_FACE('',(#545),#5941,.T.);
#6143=ADVANCED_FACE('',(#546),#5942,.T.);
#6144=ADVANCED_FACE('',(#547,#105),#5943,.T.);
#6145=ADVANCED_FACE('',(#548),#421,.F.);
#6146=ADVANCED_FACE('',(#549),#422,.F.);
#6147=ADVANCED_FACE('',(#550),#423,.T.);
#6148=ADVANCED_FACE('',(#551),#424,.T.);
#6149=ADVANCED_FACE('',(#552),#425,.F.);
#6150=ADVANCED_FACE('',(#553),#426,.F.);
#6151=ADVANCED_FACE('',(#554),#427,.T.);
#6152=ADVANCED_FACE('',(#555),#428,.T.);
#6153=ADVANCED_FACE('',(#556),#5944,.T.);
#6154=ADVANCED_FACE('',(#557),#5945,.T.);
#6155=ADVANCED_FACE('',(#558),#5946,.T.);
#6156=ADVANCED_FACE('',(#559),#5947,.T.);
#6157=ADVANCED_FACE('',(#560),#5948,.T.);
#6158=ADVANCED_FACE('',(#561),#5949,.T.);
#6159=ADVANCED_FACE('',(#562),#5950,.T.);
#6160=ADVANCED_FACE('',(#563),#5951,.T.);
#6161=ADVANCED_FACE('',(#564),#5952,.T.);
#6162=ADVANCED_FACE('',(#565),#5953,.T.);
#6163=ADVANCED_FACE('',(#566),#5954,.T.);
#6164=ADVANCED_FACE('',(#567,#106),#5955,.T.);
#6165=ADVANCED_FACE('',(#568),#5956,.F.);
#6166=ADVANCED_FACE('',(#569),#5957,.F.);
#6167=ADVANCED_FACE('',(#570),#5958,.F.);
#6168=ADVANCED_FACE('',(#571),#429,.F.);
#6169=ADVANCED_FACE('',(#572),#430,.T.);
#6170=ADVANCED_FACE('',(#573),#431,.T.);
#6171=ADVANCED_FACE('',(#574),#432,.T.);
#6172=ADVANCED_FACE('',(#575),#5959,.T.);
#6173=ADVANCED_FACE('',(#576),#433,.F.);
#6174=ADVANCED_FACE('',(#577),#434,.F.);
#6175=ADVANCED_FACE('',(#578),#435,.F.);
#6176=ADVANCED_FACE('',(#579),#436,.T.);
#6177=ADVANCED_FACE('',(#580),#5960,.T.);
#6178=ADVANCED_FACE('',(#581),#5961,.T.);
#6179=ADVANCED_FACE('',(#582),#5962,.T.);
#6180=ADVANCED_FACE('',(#583),#5963,.T.);
#6181=ADVANCED_FACE('',(#584),#437,.T.);
#6182=ADVANCED_FACE('',(#585),#5964,.T.);
#6183=ADVANCED_FACE('',(#586),#5965,.T.);
#6184=ADVANCED_FACE('',(#587),#438,.T.);
#6185=ADVANCED_FACE('',(#588),#5966,.T.);
#6186=ADVANCED_FACE('',(#589),#5967,.T.);
#6187=ADVANCED_FACE('',(#590),#5968,.T.);
#6188=ADVANCED_FACE('',(#591),#5969,.T.);
#6189=ADVANCED_FACE('',(#592),#5970,.T.);
#6190=ADVANCED_FACE('',(#593),#5971,.T.);
#6191=ADVANCED_FACE('',(#594),#439,.T.);
#6192=ADVANCED_FACE('',(#595),#440,.T.);
#6193=ADVANCED_FACE('',(#596),#441,.T.);
#6194=ADVANCED_FACE('',(#597),#442,.T.);
#6195=ADVANCED_FACE('',(#598),#443,.T.);
#6196=ADVANCED_FACE('',(#599),#5972,.T.);
#6197=ADVANCED_FACE('',(#600),#5973,.T.);
#6198=ADVANCED_FACE('',(#601),#5974,.T.);
#6199=ADVANCED_FACE('',(#602),#444,.T.);
#6200=ADVANCED_FACE('',(#603),#445,.T.);
#6201=ADVANCED_FACE('',(#604),#446,.T.);
#6202=ADVANCED_FACE('',(#605),#447,.T.);
#6203=ADVANCED_FACE('',(#606),#5975,.T.);
#6204=ADVANCED_FACE('',(#607),#5976,.T.);
#6205=ADVANCED_FACE('',(#608),#5977,.T.);
#6206=ADVANCED_FACE('',(#609),#5978,.T.);
#6207=ADVANCED_FACE('',(#610),#5979,.T.);
#6208=ADVANCED_FACE('',(#611),#448,.T.);
#6209=ADVANCED_FACE('',(#612),#449,.T.);
#6210=ADVANCED_FACE('',(#613),#450,.T.);
#6211=ADVANCED_FACE('',(#614),#451,.T.);
#6212=ADVANCED_FACE('',(#615),#452,.T.);
#6213=ADVANCED_FACE('',(#616),#5980,.T.);
#6214=ADVANCED_FACE('',(#617),#5981,.T.);
#6215=ADVANCED_FACE('',(#618),#5982,.T.);
#6216=ADVANCED_FACE('',(#619),#453,.T.);
#6217=ADVANCED_FACE('',(#620),#454,.T.);
#6218=ADVANCED_FACE('',(#621),#455,.T.);
#6219=ADVANCED_FACE('',(#622),#456,.T.);
#6220=ADVANCED_FACE('',(#623),#5983,.T.);
#6221=ADVANCED_FACE('',(#624),#5984,.T.);
#6222=ADVANCED_FACE('',(#625),#5985,.T.);
#6223=ADVANCED_FACE('',(#626),#457,.T.);
#6224=ADVANCED_FACE('',(#627),#5986,.T.);
#6225=ADVANCED_FACE('',(#628),#5987,.T.);
#6226=ADVANCED_FACE('',(#629),#458,.T.);
#6227=ADVANCED_FACE('',(#630),#5988,.T.);
#6228=ADVANCED_FACE('',(#631),#5989,.T.);
#6229=ADVANCED_FACE('',(#632,#107,#108,#109,#110,#111,#112,#113,#114,#115,
#116,#117,#118,#119,#120),#5990,.T.);
#6230=ADVANCED_FACE('',(#633),#5991,.T.);
#6231=ADVANCED_FACE('',(#634),#5992,.T.);
#6232=ADVANCED_FACE('',(#635),#364,.T.);
#6233=ADVANCED_FACE('',(#636),#459,.F.);
#6234=ADVANCED_FACE('',(#637),#460,.F.);
#6235=ADVANCED_FACE('',(#638),#365,.T.);
#6236=ADVANCED_FACE('',(#639),#366,.T.);
#6237=ADVANCED_FACE('',(#640),#461,.F.);
#6238=ADVANCED_FACE('',(#641),#462,.F.);
#6239=ADVANCED_FACE('',(#642),#367,.T.);
#6240=ADVANCED_FACE('',(#643),#368,.T.);
#6241=ADVANCED_FACE('',(#644),#5993,.T.);
#6242=ADVANCED_FACE('',(#645),#369,.T.);
#6243=ADVANCED_FACE('',(#646),#5994,.T.);
#6244=ADVANCED_FACE('',(#647),#5995,.F.);
#6245=ADVANCED_FACE('',(#648),#74,.F.);
#6246=ADVANCED_FACE('',(#649),#5996,.F.);
#6247=ADVANCED_FACE('',(#650),#75,.T.);
#6248=ADVANCED_FACE('',(#651,#121),#5997,.T.);
#6249=ADVANCED_FACE('',(#652),#76,.F.);
#6250=ADVANCED_FACE('',(#653),#5998,.F.);
#6251=ADVANCED_FACE('',(#654),#77,.T.);
#6252=ADVANCED_FACE('',(#655,#122),#5999,.T.);
#6253=ADVANCED_FACE('',(#656),#6000,.T.);
#6254=ADVANCED_FACE('',(#657),#6001,.T.);
#6255=ADVANCED_FACE('',(#658),#78,.T.);
#6256=ADVANCED_FACE('',(#659),#6002,.T.);
#6257=ADVANCED_FACE('',(#660),#6003,.T.);
#6258=ADVANCED_FACE('',(#661),#79,.T.);
#6259=ADVANCED_FACE('',(#662),#6004,.T.);
#6260=ADVANCED_FACE('',(#663),#6005,.T.);
#6261=ADVANCED_FACE('',(#664),#6006,.T.);
#6262=ADVANCED_FACE('',(#665),#6007,.T.);
#6263=ADVANCED_FACE('',(#666),#80,.T.);
#6264=ADVANCED_FACE('',(#667),#6008,.T.);
#6265=ADVANCED_FACE('',(#668),#6009,.T.);
#6266=ADVANCED_FACE('',(#669),#81,.T.);
#6267=ADVANCED_FACE('',(#670),#6010,.T.);
#6268=ADVANCED_FACE('',(#671),#6011,.T.);
#6269=ADVANCED_FACE('',(#672),#82,.T.);
#6270=ADVANCED_FACE('',(#673),#6012,.T.);
#6271=ADVANCED_FACE('',(#674),#6013,.T.);
#6272=ADVANCED_FACE('',(#675),#6014,.T.);
#6273=ADVANCED_FACE('',(#676),#83,.F.);
#6274=ADVANCED_FACE('',(#677),#370,.F.);
#6275=ADVANCED_FACE('',(#678),#6015,.T.);
#6276=ADVANCED_FACE('',(#679),#84,.F.);
#6277=ADVANCED_FACE('',(#680),#371,.F.);
#6278=ADVANCED_FACE('',(#681),#6016,.T.);
#6279=ADVANCED_FACE('',(#682,#123),#6017,.F.);
#6280=ADVANCED_FACE('',(#683),#85,.T.);
#6281=ADVANCED_FACE('',(#684,#124),#6018,.F.);
#6282=ADVANCED_FACE('',(#685),#372,.F.);
#6283=ADVANCED_FACE('',(#686),#463,.T.);
#6284=ADVANCED_FACE('',(#687),#464,.T.);
#6285=ADVANCED_FACE('',(#688),#6019,.F.);
#6286=ADVANCED_FACE('',(#689),#465,.F.);
#6287=ADVANCED_FACE('',(#690),#466,.F.);
#6288=ADVANCED_FACE('',(#691),#373,.T.);
#6289=ADVANCED_FACE('',(#692),#374,.T.);
#6290=ADVANCED_FACE('',(#693),#6020,.T.);
#6291=ADVANCED_FACE('',(#694),#6021,.T.);
#6292=ADVANCED_FACE('',(#695,#125),#6022,.T.);
#6293=ADVANCED_FACE('',(#696),#30,.T.);
#6294=ADVANCED_FACE('',(#697),#31,.T.);
#6295=ADVANCED_FACE('',(#698),#375,.T.);
#6296=ADVANCED_FACE('',(#699),#32,.T.);
#6297=ADVANCED_FACE('',(#700),#33,.T.);
#6298=ADVANCED_FACE('',(#701),#376,.T.);
#6299=ADVANCED_FACE('',(#702),#6023,.F.);
#6300=ADVANCED_FACE('',(#703),#377,.T.);
#6301=ADVANCED_FACE('',(#704),#378,.T.);
#6302=ADVANCED_FACE('',(#705),#379,.T.);
#6303=ADVANCED_FACE('',(#706),#34,.T.);
#6304=ADVANCED_FACE('',(#707),#35,.T.);
#6305=ADVANCED_FACE('',(#708),#380,.T.);
#6306=ADVANCED_FACE('',(#709),#36,.T.);
#6307=ADVANCED_FACE('',(#710),#37,.T.);
#6308=ADVANCED_FACE('',(#711,#126,#127,#128),#6024,.T.);
#6309=ADVANCED_FACE('',(#712),#381,.T.);
#6310=ADVANCED_FACE('',(#713),#382,.T.);
#6311=ADVANCED_FACE('',(#714),#38,.T.);
#6312=ADVANCED_FACE('',(#715),#39,.T.);
#6313=ADVANCED_FACE('',(#716),#383,.T.);
#6314=ADVANCED_FACE('',(#717),#40,.T.);
#6315=ADVANCED_FACE('',(#718),#41,.T.);
#6316=ADVANCED_FACE('',(#719),#384,.T.);
#6317=ADVANCED_FACE('',(#720),#42,.T.);
#6318=ADVANCED_FACE('',(#721),#43,.T.);
#6319=ADVANCED_FACE('',(#722),#44,.T.);
#6320=ADVANCED_FACE('',(#723),#45,.T.);
#6321=ADVANCED_FACE('',(#724),#385,.T.);
#6322=ADVANCED_FACE('',(#725),#46,.T.);
#6323=ADVANCED_FACE('',(#726),#47,.T.);
#6324=ADVANCED_FACE('',(#727),#386,.T.);
#6325=ADVANCED_FACE('',(#728),#48,.T.);
#6326=ADVANCED_FACE('',(#729),#49,.T.);
#6327=ADVANCED_FACE('',(#730),#6025,.F.);
#6328=ADVANCED_FACE('',(#731),#387,.T.);
#6329=ADVANCED_FACE('',(#732),#6026,.T.);
#6330=ADVANCED_FACE('',(#733,#129,#130,#131,#132),#6027,.F.);
#6331=ADVANCED_FACE('',(#734),#388,.T.);
#6332=ADVANCED_FACE('',(#735),#50,.T.);
#6333=ADVANCED_FACE('',(#736),#51,.T.);
#6334=ADVANCED_FACE('',(#737),#389,.T.);
#6335=ADVANCED_FACE('',(#738),#390,.F.);
#6336=ADVANCED_FACE('',(#739),#6028,.F.);
#6337=ADVANCED_FACE('',(#740),#391,.T.);
#6338=ADVANCED_FACE('',(#741),#52,.T.);
#6339=ADVANCED_FACE('',(#742),#53,.T.);
#6340=ADVANCED_FACE('',(#743),#392,.T.);
#6341=ADVANCED_FACE('',(#744),#393,.F.);
#6342=ADVANCED_FACE('',(#745),#6029,.F.);
#6343=ADVANCED_FACE('',(#746),#394,.T.);
#6344=ADVANCED_FACE('',(#747),#395,.T.);
#6345=ADVANCED_FACE('',(#748),#396,.T.);
#6346=ADVANCED_FACE('',(#749),#6030,.F.);
#6347=ADVANCED_FACE('',(#750),#397,.F.);
#6348=ADVANCED_FACE('',(#751),#6031,.F.);
#6349=ADVANCED_FACE('',(#752),#398,.F.);
#6350=ADVANCED_FACE('',(#753),#86,.F.);
#6351=ADVANCED_FACE('',(#754),#399,.F.);
#6352=ADVANCED_FACE('',(#755),#87,.F.);
#6353=ADVANCED_FACE('',(#756),#400,.F.);
#6354=ADVANCED_FACE('',(#757),#88,.T.);
#6355=ADVANCED_FACE('',(#758,#133),#6032,.F.);
#6356=ADVANCED_FACE('',(#759),#89,.T.);
#6357=ADVANCED_FACE('',(#760,#134),#6033,.F.);
#6358=ADVANCED_FACE('',(#761,#135,#136),#6034,.T.);
#6359=ADVANCED_FACE('',(#762),#401,.T.);
#6360=ADVANCED_FACE('',(#763),#54,.T.);
#6361=ADVANCED_FACE('',(#764),#55,.T.);
#6362=ADVANCED_FACE('',(#765),#402,.T.);
#6363=ADVANCED_FACE('',(#766),#403,.T.);
#6364=ADVANCED_FACE('',(#767),#56,.T.);
#6365=ADVANCED_FACE('',(#768),#57,.T.);
#6366=ADVANCED_FACE('',(#769),#404,.T.);
#6367=ADVANCED_FACE('',(#770),#90,.F.);
#6368=ADVANCED_FACE('',(#771),#6035,.F.);
#6369=ADVANCED_FACE('',(#772),#91,.F.);
#6370=ADVANCED_FACE('',(#773),#6036,.F.);
#6371=ADVANCED_FACE('',(#774,#137),#6037,.T.);
#6372=ADVANCED_FACE('',(#775),#405,.T.);
#6373=ADVANCED_FACE('',(#776),#58,.T.);
#6374=ADVANCED_FACE('',(#777),#59,.T.);
#6375=ADVANCED_FACE('',(#778),#406,.T.);
#6376=ADVANCED_FACE('',(#779),#407,.T.);
#6377=ADVANCED_FACE('',(#780),#60,.T.);
#6378=ADVANCED_FACE('',(#781),#61,.T.);
#6379=ADVANCED_FACE('',(#782),#408,.T.);
#6380=ADVANCED_FACE('',(#783),#92,.T.);
#6381=ADVANCED_FACE('',(#784),#6038,.T.);
#6382=ADVANCED_FACE('',(#785),#93,.T.);
#6383=ADVANCED_FACE('',(#786),#6039,.T.);
#6384=ADVANCED_FACE('',(#787),#6040,.F.);
#6385=ADVANCED_FACE('',(#788),#94,.F.);
#6386=ADVANCED_FACE('',(#789),#6041,.F.);
#6387=ADVANCED_FACE('',(#790),#95,.F.);
#6388=ADVANCED_FACE('',(#791),#6042,.T.);
#6389=ADVANCED_FACE('',(#792),#96,.T.);
#6390=ADVANCED_FACE('',(#793),#6043,.T.);
#6391=ADVANCED_FACE('',(#794),#97,.T.);
#6392=ADVANCED_FACE('',(#795),#409,.T.);
#6393=ADVANCED_FACE('',(#796),#6044,.T.);
#6394=ADVANCED_FACE('',(#797),#410,.T.);
#6395=ADVANCED_FACE('',(#798),#6045,.F.);
#6396=ADVANCED_FACE('',(#799),#6046,.F.);
#6397=ADVANCED_FACE('',(#800),#98,.F.);
#6398=ADVANCED_FACE('',(#801),#6047,.F.);
#6399=ADVANCED_FACE('',(#802),#6048,.F.);
#6400=ADVANCED_FACE('',(#803),#6049,.F.);
#6401=ADVANCED_FACE('',(#804),#6050,.F.);
#6402=ADVANCED_FACE('',(#805),#99,.F.);
#6403=ADVANCED_FACE('',(#806),#6051,.F.);
#6404=ADVANCED_FACE('',(#807),#6052,.F.);
#6405=ADVANCED_FACE('',(#808),#6053,.F.);
#6406=ADVANCED_FACE('',(#809),#6054,.F.);
#6407=ADVANCED_FACE('',(#810),#100,.F.);
#6408=ADVANCED_FACE('',(#811),#6055,.F.);
#6409=ADVANCED_FACE('',(#812),#6056,.F.);
#6410=ADVANCED_FACE('',(#813,#138),#6057,.T.);
#6411=ADVANCED_FACE('',(#814),#6058,.F.);
#6412=ADVANCED_FACE('',(#815),#6059,.F.);
#6413=ADVANCED_FACE('',(#816),#101,.F.);
#6414=ADVANCED_FACE('',(#817),#6060,.F.);
#6415=ADVANCED_FACE('',(#818),#6061,.F.);
#6416=ADVANCED_FACE('',(#819),#6062,.T.);
#6417=ADVANCED_FACE('',(#820),#411,.T.);
#6418=ADVANCED_FACE('',(#821),#102,.T.);
#6419=ADVANCED_FACE('',(#822),#6063,.T.);
#6420=ADVANCED_FACE('',(#823),#412,.T.);
#6421=ADVANCED_FACE('',(#824),#103,.T.);
#6422=CLOSED_SHELL('',(#6064,#6065,#6066,#6067,#6068,#6069,#6070,#6071,
#6072,#6073,#6074,#6075,#6076,#6077,#6078,#6079,#6080,#6081,#6082,#6083,
#6084,#6085,#6086,#6087,#6088,#6089,#6090,#6091,#6092,#6093,#6094,#6095,
#6096,#6097,#6098,#6099,#6100,#6101,#6102,#6103,#6104,#6105,#6106,#6107,
#6108,#6109,#6110,#6111,#6112,#6113,#6114,#6115,#6116,#6117,#6118,#6119,
#6120,#6121,#6122,#6123,#6124,#6125,#6126,#6127,#6128,#6129,#6130,#6131,
#6132,#6133,#6134,#6135,#6136,#6137,#6138,#6139,#6140,#6141,#6142,#6143,
#6144,#6145,#6146,#6147,#6148,#6149,#6150,#6151,#6152,#6153,#6154,#6155,
#6156,#6157,#6158,#6159,#6160,#6161,#6162,#6163,#6164,#6165,#6166,#6167,
#6168,#6169,#6170,#6171,#6172,#6173,#6174,#6175,#6176,#6177,#6178,#6179,
#6180,#6181,#6182,#6183,#6184,#6185,#6186,#6187,#6188,#6189,#6190,#6191,
#6192,#6193,#6194,#6195,#6196,#6197,#6198,#6199,#6200,#6201,#6202,#6203,
#6204,#6205,#6206,#6207,#6208,#6209,#6210,#6211,#6212,#6213,#6214,#6215,
#6216,#6217,#6218,#6219,#6220,#6221,#6222,#6223,#6224,#6225,#6226,#6227,
#6228,#6229,#6230,#6231,#6232,#6233,#6234,#6235,#6236,#6237,#6238,#6239,
#6240,#6241,#6242,#6243,#6244,#6245,#6246,#6247,#6248,#6249,#6250,#6251,
#6252,#6253,#6254,#6255,#6256,#6257,#6258,#6259,#6260,#6261,#6262,#6263,
#6264,#6265,#6266,#6267,#6268,#6269,#6270,#6271,#6272,#6273,#6274,#6275,
#6276,#6277,#6278,#6279,#6280,#6281,#6282,#6283,#6284,#6285,#6286,#6287,
#6288,#6289,#6290,#6291,#6292));
#6423=CLOSED_SHELL('',(#6293,#6294,#6295,#6296,#6297,#6298,#6299,#6300,
#6301,#6302,#6303,#6304,#6305,#6306,#6307,#6308,#6309,#6310,#6311,#6312,
#6313,#6314,#6315,#6316,#6317,#6318,#6319,#6320,#6321,#6322,#6323,#6324,
#6325,#6326,#6327,#6328,#6329,#6330,#6331,#6332,#6333,#6334,#6335,#6336,
#6337,#6338,#6339,#6340,#6341,#6342,#6343,#6344,#6345,#6346,#6347,#6348,
#6349,#6350,#6351,#6352,#6353,#6354,#6355,#6356,#6357,#6358,#6359,#6360,
#6361,#6362,#6363,#6364,#6365,#6366,#6367,#6368,#6369,#6370,#6371,#6372,
#6373,#6374,#6375,#6376,#6377,#6378,#6379,#6380,#6381,#6382,#6383,#6384,
#6385,#6386,#6387,#6388,#6389,#6390,#6391,#6392,#6393,#6394));
#6424=CLOSED_SHELL('',(#6395,#6396,#6397,#6398,#6399,#6400,#6401,#6402,
#6403,#6404,#6405,#6406,#6407,#6408,#6409,#6410,#6411,#6412,#6413,#6414,
#6415,#6416,#6417,#6418,#6419,#6420,#6421));
#6425=DERIVED_UNIT_ELEMENT(#6431,1.);
#6426=DERIVED_UNIT_ELEMENT(#11648,3.);
#6427=DERIVED_UNIT_ELEMENT(#6431,1.);
#6428=DERIVED_UNIT_ELEMENT(#11648,3.);
#6429=DERIVED_UNIT_ELEMENT(#6431,1.);
#6430=DERIVED_UNIT_ELEMENT(#11648,3.);
#6431=(
MASS_UNIT()
NAMED_UNIT(*)
SI_UNIT($,.GRAM.)
);
#6432=DERIVED_UNIT((#6425,#6426));
#6433=DERIVED_UNIT((#6427,#6428));
#6434=DERIVED_UNIT((#6429,#6430));
#6435=MEASURE_REPRESENTATION_ITEM('density measure',
POSITIVE_RATIO_MEASURE(1.),#6432);
#6436=MEASURE_REPRESENTATION_ITEM('density measure',
POSITIVE_RATIO_MEASURE(1.),#6433);
#6437=MEASURE_REPRESENTATION_ITEM('density measure',
POSITIVE_RATIO_MEASURE(1.),#6434);
#6438=PROPERTY_DEFINITION_REPRESENTATION(#6453,#6444);
#6439=PROPERTY_DEFINITION_REPRESENTATION(#6454,#6445);
#6440=PROPERTY_DEFINITION_REPRESENTATION(#6455,#6446);
#6441=PROPERTY_DEFINITION_REPRESENTATION(#6456,#6447);
#6442=PROPERTY_DEFINITION_REPRESENTATION(#6457,#6448);
#6443=PROPERTY_DEFINITION_REPRESENTATION(#6458,#6449);
#6444=REPRESENTATION('material name',(#6450),#11643);
#6445=REPRESENTATION('density',(#6435),#11643);
#6446=REPRESENTATION('material name',(#6451),#11644);
#6447=REPRESENTATION('density',(#6436),#11644);
#6448=REPRESENTATION('material name',(#6452),#11645);
#6449=REPRESENTATION('density',(#6437),#11645);
#6450=DESCRIPTIVE_REPRESENTATION_ITEM('Generic','Generic');
#6451=DESCRIPTIVE_REPRESENTATION_ITEM('Generic','Generic');
#6452=DESCRIPTIVE_REPRESENTATION_ITEM('Generic','Generic');
#6453=PROPERTY_DEFINITION('material property','material name',#11669);
#6454=PROPERTY_DEFINITION('material property','density of part',#11669);
#6455=PROPERTY_DEFINITION('material property','material name',#11670);
#6456=PROPERTY_DEFINITION('material property','density of part',#11670);
#6457=PROPERTY_DEFINITION('material property','material name',#11671);
#6458=PROPERTY_DEFINITION('material property','density of part',#11671);
#6459=PRESENTATION_STYLE_ASSIGNMENT((#6460));
#6460=SURFACE_STYLE_USAGE(.BOTH.,#6463);
#6461=SURFACE_STYLE_RENDERING_WITH_PROPERTIES($,#6467,(#6462));
#6462=SURFACE_STYLE_TRANSPARENT(0.);
#6463=SURFACE_SIDE_STYLE('',(#6464,#6461));
#6464=SURFACE_STYLE_FILL_AREA(#6465);
#6465=FILL_AREA_STYLE('',(#6466));
#6466=FILL_AREA_STYLE_COLOUR('',#6467);
#6467=COLOUR_RGB('',0.749019607843137,0.749019607843137,0.749019607843137);
#6468=DATE_TIME_ROLE('creation_date');
#6469=DATE_TIME_ROLE('creation_date');
#6470=DATE_TIME_ROLE('creation_date');
#6471=DATE_TIME_ROLE('creation_date');
#6472=APPLIED_DATE_AND_TIME_ASSIGNMENT(#6476,#6468,(#11668));
#6473=APPLIED_DATE_AND_TIME_ASSIGNMENT(#6477,#6469,(#11669));
#6474=APPLIED_DATE_AND_TIME_ASSIGNMENT(#6478,#6470,(#11670));
#6475=APPLIED_DATE_AND_TIME_ASSIGNMENT(#6479,#6471,(#11671));
#6476=DATE_AND_TIME(#6480,#6484);
#6477=DATE_AND_TIME(#6481,#6485);
#6478=DATE_AND_TIME(#6482,#6486);
#6479=DATE_AND_TIME(#6483,#6487);
#6480=CALENDAR_DATE(2020,24,6);
#6481=CALENDAR_DATE(2003,22,10);
#6482=CALENDAR_DATE(2004,17,5);
#6483=CALENDAR_DATE(2014,21,3);
#6484=LOCAL_TIME(18,29,3.,#6488);
#6485=LOCAL_TIME(20,6,36.,#6489);
#6486=LOCAL_TIME(20,3,11.,#6490);
#6487=LOCAL_TIME(12,24,18.,#6491);
#6488=COORDINATED_UNIVERSAL_TIME_OFFSET(0,0,.BEHIND.);
#6489=COORDINATED_UNIVERSAL_TIME_OFFSET(0,0,.BEHIND.);
#6490=COORDINATED_UNIVERSAL_TIME_OFFSET(0,0,.BEHIND.);
#6491=COORDINATED_UNIVERSAL_TIME_OFFSET(0,0,.BEHIND.);
#6492=AXIS2_PLACEMENT_3D('placement',#8700,#7042,#7043);
#6493=AXIS2_PLACEMENT_3D('placement',#8701,#7044,#7045);
#6494=AXIS2_PLACEMENT_3D('',#8702,#7046,#7047);
#6495=AXIS2_PLACEMENT_3D('',#8718,#7050,#7051);
#6496=AXIS2_PLACEMENT_3D('',#8720,#7053,#7054);
#6497=AXIS2_PLACEMENT_3D('',#8723,#7055,#7056);
#6498=AXIS2_PLACEMENT_3D('',#8738,#7060,#7061);
#6499=AXIS2_PLACEMENT_3D('',#8741,#7062,#7063);
#6500=AXIS2_PLACEMENT_3D('',#8756,#7067,#7068);
#6501=AXIS2_PLACEMENT_3D('',#8759,#7069,#7070);
#6502=AXIS2_PLACEMENT_3D('',#8774,#7074,#7075);
#6503=AXIS2_PLACEMENT_3D('',#8822,#7079,#7080);
#6504=AXIS2_PLACEMENT_3D('',#8828,#7084,#7085);
#6505=AXIS2_PLACEMENT_3D('',#8831,#7087,#7088);
#6506=AXIS2_PLACEMENT_3D('',#8832,#7089,#7090);
#6507=AXIS2_PLACEMENT_3D('',#8836,#7092,#7093);
#6508=AXIS2_PLACEMENT_3D('',#8838,#7095,#7096);
#6509=AXIS2_PLACEMENT_3D('',#8847,#7099,#7100);
#6510=AXIS2_PLACEMENT_3D('',#8851,#7102,#7103);
#6511=AXIS2_PLACEMENT_3D('',#8890,#7105,#7106);
#6512=AXIS2_PLACEMENT_3D('',#8907,#7115,#7116);
#6513=AXIS2_PLACEMENT_3D('',#8913,#7120,#7121);
#6514=AXIS2_PLACEMENT_3D('',#8917,#7124,#7125);
#6515=AXIS2_PLACEMENT_3D('',#8921,#7128,#7129);
#6516=AXIS2_PLACEMENT_3D('',#8925,#7132,#7133);
#6517=AXIS2_PLACEMENT_3D('',#8929,#7136,#7137);
#6518=AXIS2_PLACEMENT_3D('',#8933,#7140,#7141);
#6519=AXIS2_PLACEMENT_3D('',#8937,#7144,#7145);
#6520=AXIS2_PLACEMENT_3D('',#8939,#7147,#7148);
#6521=AXIS2_PLACEMENT_3D('',#8964,#7161,#7162);
#6522=AXIS2_PLACEMENT_3D('',#8970,#7166,#7167);
#6523=AXIS2_PLACEMENT_3D('',#8974,#7170,#7171);
#6524=AXIS2_PLACEMENT_3D('',#8978,#7174,#7175);
#6525=AXIS2_PLACEMENT_3D('',#8982,#7178,#7179);
#6526=AXIS2_PLACEMENT_3D('',#8986,#7182,#7183);
#6527=AXIS2_PLACEMENT_3D('',#8990,#7186,#7187);
#6528=AXIS2_PLACEMENT_3D('',#8994,#7190,#7191);
#6529=AXIS2_PLACEMENT_3D('',#8998,#7194,#7195);
#6530=AXIS2_PLACEMENT_3D('',#9002,#7198,#7199);
#6531=AXIS2_PLACEMENT_3D('',#9006,#7202,#7203);
#6532=AXIS2_PLACEMENT_3D('',#9010,#7206,#7207);
#6533=AXIS2_PLACEMENT_3D('',#9012,#7209,#7210);
#6534=AXIS2_PLACEMENT_3D('',#9045,#7222,#7223);
#6535=AXIS2_PLACEMENT_3D('',#9051,#7227,#7228);
#6536=AXIS2_PLACEMENT_3D('',#9055,#7231,#7232);
#6537=AXIS2_PLACEMENT_3D('',#9059,#7235,#7236);
#6538=AXIS2_PLACEMENT_3D('',#9065,#7240,#7241);
#6539=AXIS2_PLACEMENT_3D('',#9069,#7244,#7245);
#6540=AXIS2_PLACEMENT_3D('',#9073,#7248,#7249);
#6541=AXIS2_PLACEMENT_3D('',#9097,#7253,#7254);
#6542=AXIS2_PLACEMENT_3D('',#9101,#7257,#7258);
#6543=AXIS2_PLACEMENT_3D('',#9105,#7261,#7262);
#6544=AXIS2_PLACEMENT_3D('',#9109,#7265,#7266);
#6545=AXIS2_PLACEMENT_3D('',#9111,#7268,#7269);
#6546=AXIS2_PLACEMENT_3D('',#9148,#7283,#7284);
#6547=AXIS2_PLACEMENT_3D('',#9154,#7288,#7289);
#6548=AXIS2_PLACEMENT_3D('',#9158,#7292,#7293);
#6549=AXIS2_PLACEMENT_3D('',#9162,#7296,#7297);
#6550=AXIS2_PLACEMENT_3D('',#9166,#7300,#7301);
#6551=AXIS2_PLACEMENT_3D('',#9170,#7304,#7305);
#6552=AXIS2_PLACEMENT_3D('',#9174,#7308,#7309);
#6553=AXIS2_PLACEMENT_3D('',#9178,#7312,#7313);
#6554=AXIS2_PLACEMENT_3D('',#9182,#7316,#7317);
#6555=AXIS2_PLACEMENT_3D('',#9186,#7320,#7321);
#6556=AXIS2_PLACEMENT_3D('',#9212,#7326,#7327);
#6557=AXIS2_PLACEMENT_3D('',#9216,#7330,#7331);
#6558=AXIS2_PLACEMENT_3D('',#9220,#7334,#7335);
#6559=AXIS2_PLACEMENT_3D('',#9222,#7337,#7338);
#6560=AXIS2_PLACEMENT_3D('',#9259,#7352,#7353);
#6561=AXIS2_PLACEMENT_3D('',#9265,#7357,#7358);
#6562=AXIS2_PLACEMENT_3D('',#9269,#7361,#7362);
#6563=AXIS2_PLACEMENT_3D('',#9273,#7365,#7366);
#6564=AXIS2_PLACEMENT_3D('',#9277,#7369,#7370);
#6565=AXIS2_PLACEMENT_3D('',#9281,#7373,#7374);
#6566=AXIS2_PLACEMENT_3D('',#9285,#7377,#7378);
#6567=AXIS2_PLACEMENT_3D('',#9289,#7381,#7382);
#6568=AXIS2_PLACEMENT_3D('',#9293,#7385,#7386);
#6569=AXIS2_PLACEMENT_3D('',#9297,#7389,#7390);
#6570=AXIS2_PLACEMENT_3D('',#9323,#7395,#7396);
#6571=AXIS2_PLACEMENT_3D('',#9327,#7399,#7400);
#6572=AXIS2_PLACEMENT_3D('',#9331,#7403,#7404);
#6573=AXIS2_PLACEMENT_3D('',#9333,#7406,#7407);
#6574=AXIS2_PLACEMENT_3D('',#9534,#7416,#7417);
#6575=AXIS2_PLACEMENT_3D('',#9555,#7428,#7429);
#6576=AXIS2_PLACEMENT_3D('',#9561,#7433,#7434);
#6577=AXIS2_PLACEMENT_3D('',#9565,#7437,#7438);
#6578=AXIS2_PLACEMENT_3D('',#9569,#7441,#7442);
#6579=AXIS2_PLACEMENT_3D('',#9573,#7445,#7446);
#6580=AXIS2_PLACEMENT_3D('',#9577,#7449,#7450);
#6581=AXIS2_PLACEMENT_3D('',#9581,#7453,#7454);
#6582=AXIS2_PLACEMENT_3D('',#9585,#7457,#7458);
#6583=AXIS2_PLACEMENT_3D('',#9589,#7461,#7462);
#6584=AXIS2_PLACEMENT_3D('',#9593,#7465,#7466);
#6585=AXIS2_PLACEMENT_3D('',#9595,#7468,#7469);
#6586=AXIS2_PLACEMENT_3D('',#9673,#7476,#7477);
#6587=AXIS2_PLACEMENT_3D('',#9679,#7481,#7482);
#6588=AXIS2_PLACEMENT_3D('',#9683,#7485,#7486);
#6589=AXIS2_PLACEMENT_3D('',#9751,#7494,#7495);
#6590=AXIS2_PLACEMENT_3D('',#9803,#7501,#7502);
#6591=AXIS2_PLACEMENT_3D('',#9807,#7505,#7506);
#6592=AXIS2_PLACEMENT_3D('',#9809,#7508,#7509);
#6593=AXIS2_PLACEMENT_3D('',#9836,#7515,#7516);
#6594=AXIS2_PLACEMENT_3D('',#9856,#7521,#7522);
#6595=AXIS2_PLACEMENT_3D('',#9860,#7525,#7526);
#6596=AXIS2_PLACEMENT_3D('',#9878,#7530,#7531);
#6597=AXIS2_PLACEMENT_3D('',#9882,#7534,#7535);
#6598=AXIS2_PLACEMENT_3D('',#9884,#7537,#7538);
#6599=AXIS2_PLACEMENT_3D('',#9964,#7546,#7547);
#6600=AXIS2_PLACEMENT_3D('',#9970,#7551,#7552);
#6601=AXIS2_PLACEMENT_3D('',#9974,#7555,#7556);
#6602=AXIS2_PLACEMENT_3D('',#10039,#7564,#7565);
#6603=AXIS2_PLACEMENT_3D('',#10043,#7568,#7569);
#6604=AXIS2_PLACEMENT_3D('',#10047,#7572,#7573);
#6605=AXIS2_PLACEMENT_3D('',#10107,#7580,#7581);
#6606=AXIS2_PLACEMENT_3D('',#10109,#7583,#7584);
#6607=AXIS2_PLACEMENT_3D('',#10190,#7592,#7593);
#6608=AXIS2_PLACEMENT_3D('',#10196,#7597,#7598);
#6609=AXIS2_PLACEMENT_3D('',#10200,#7601,#7602);
#6610=AXIS2_PLACEMENT_3D('',#10265,#7610,#7611);
#6611=AXIS2_PLACEMENT_3D('',#10269,#7614,#7615);
#6612=AXIS2_PLACEMENT_3D('',#10273,#7618,#7619);
#6613=AXIS2_PLACEMENT_3D('',#10333,#7626,#7627);
#6614=AXIS2_PLACEMENT_3D('',#10335,#7629,#7630);
#6615=AXIS2_PLACEMENT_3D('',#10362,#7636,#7637);
#6616=AXIS2_PLACEMENT_3D('',#10382,#7642,#7643);
#6617=AXIS2_PLACEMENT_3D('',#10386,#7646,#7647);
#6618=AXIS2_PLACEMENT_3D('',#10404,#7651,#7652);
#6619=AXIS2_PLACEMENT_3D('',#10408,#7655,#7656);
#6620=AXIS2_PLACEMENT_3D('',#10410,#7658,#7659);
#6621=AXIS2_PLACEMENT_3D('',#10420,#7661,#7662);
#6622=AXIS2_PLACEMENT_3D('',#10424,#7664,#7665);
#6623=AXIS2_PLACEMENT_3D('',#10428,#7667,#7668);
#6624=AXIS2_PLACEMENT_3D('',#10432,#7670,#7671);
#6625=AXIS2_PLACEMENT_3D('',#10435,#7673,#7674);
#6626=AXIS2_PLACEMENT_3D('',#10443,#7675,#7676);
#6627=AXIS2_PLACEMENT_3D('',#10445,#7677,#7678);
#6628=AXIS2_PLACEMENT_3D('',#10449,#7680,#7681);
#6629=AXIS2_PLACEMENT_3D('',#10453,#7683,#7684);
#6630=AXIS2_PLACEMENT_3D('',#10457,#7686,#7687);
#6631=AXIS2_PLACEMENT_3D('',#10460,#7689,#7690);
#6632=AXIS2_PLACEMENT_3D('',#10462,#7691,#7692);
#6633=AXIS2_PLACEMENT_3D('',#10464,#7693,#7694);
#6634=AXIS2_PLACEMENT_3D('',#10465,#7695,#7696);
#6635=AXIS2_PLACEMENT_3D('',#10466,#7697,#7698);
#6636=AXIS2_PLACEMENT_3D('',#10467,#7699,#7700);
#6637=AXIS2_PLACEMENT_3D('',#10470,#7701,#7702);
#6638=AXIS2_PLACEMENT_3D('',#10474,#7704,#7705);
#6639=AXIS2_PLACEMENT_3D('',#10503,#7707,#7708);
#6640=AXIS2_PLACEMENT_3D('',#10504,#7709,#7710);
#6641=AXIS2_PLACEMENT_3D('',#10505,#7711,#7712);
#6642=AXIS2_PLACEMENT_3D('',#10533,#7713,#7714);
#6643=AXIS2_PLACEMENT_3D('',#10534,#7715,#7716);
#6644=AXIS2_PLACEMENT_3D('',#10535,#7717,#7718);
#6645=AXIS2_PLACEMENT_3D('',#10536,#7719,#7720);
#6646=AXIS2_PLACEMENT_3D('',#10539,#7721,#7722);
#6647=AXIS2_PLACEMENT_3D('',#10542,#7725,#7726);
#6648=AXIS2_PLACEMENT_3D('',#10545,#7727,#7728);
#6649=AXIS2_PLACEMENT_3D('',#10575,#7731,#7732);
#6650=AXIS2_PLACEMENT_3D('',#10576,#7733,#7734);
#6651=AXIS2_PLACEMENT_3D('',#10577,#7735,#7736);
#6652=AXIS2_PLACEMENT_3D('',#10605,#7737,#7738);
#6653=AXIS2_PLACEMENT_3D('',#10606,#7739,#7740);
#6654=AXIS2_PLACEMENT_3D('',#10607,#7741,#7742);
#6655=AXIS2_PLACEMENT_3D('',#10608,#7743,#7744);
#6656=AXIS2_PLACEMENT_3D('',#10611,#7747,#7748);
#6657=AXIS2_PLACEMENT_3D('',#10615,#7750,#7751);
#6658=AXIS2_PLACEMENT_3D('',#10617,#7753,#7754);
#6659=AXIS2_PLACEMENT_3D('',#10621,#7757,#7758);
#6660=AXIS2_PLACEMENT_3D('',#10624,#7760,#7761);
#6661=AXIS2_PLACEMENT_3D('',#10625,#7762,#7763);
#6662=AXIS2_PLACEMENT_3D('',#10629,#7766,#7767);
#6663=AXIS2_PLACEMENT_3D('',#10630,#7768,#7769);
#6664=AXIS2_PLACEMENT_3D('',#10633,#7770,#7771);
#6665=AXIS2_PLACEMENT_3D('',#10634,#7772,#7773);
#6666=AXIS2_PLACEMENT_3D('',#10638,#7775,#7776);
#6667=AXIS2_PLACEMENT_3D('',#10639,#7777,#7778);
#6668=AXIS2_PLACEMENT_3D('',#10640,#7779,#7780);
#6669=AXIS2_PLACEMENT_3D('',#10641,#7781,#7782);
#6670=AXIS2_PLACEMENT_3D('',#10645,#7784,#7785);
#6671=AXIS2_PLACEMENT_3D('',#10646,#7786,#7787);
#6672=AXIS2_PLACEMENT_3D('',#10647,#7788,#7789);
#6673=AXIS2_PLACEMENT_3D('',#10648,#7790,#7791);
#6674=AXIS2_PLACEMENT_3D('',#10651,#7792,#7793);
#6675=AXIS2_PLACEMENT_3D('',#10652,#7794,#7795);
#6676=AXIS2_PLACEMENT_3D('',#10656,#7797,#7798);
#6677=AXIS2_PLACEMENT_3D('',#10657,#7799,#7800);
#6678=AXIS2_PLACEMENT_3D('',#10658,#7801,#7802);
#6679=AXIS2_PLACEMENT_3D('',#10659,#7803,#7804);
#6680=AXIS2_PLACEMENT_3D('',#10663,#7806,#7807);
#6681=AXIS2_PLACEMENT_3D('',#10664,#7808,#7809);
#6682=AXIS2_PLACEMENT_3D('',#10665,#7810,#7811);
#6683=AXIS2_PLACEMENT_3D('',#10666,#7812,#7813);
#6684=AXIS2_PLACEMENT_3D('',#10667,#7814,#7815);
#6685=AXIS2_PLACEMENT_3D('',#10668,#7816,#7817);
#6686=AXIS2_PLACEMENT_3D('',#10669,#7818,#7819);
#6687=AXIS2_PLACEMENT_3D('',#10670,#7820,#7821);
#6688=AXIS2_PLACEMENT_3D('',#10672,#7822,#7823);
#6689=AXIS2_PLACEMENT_3D('',#10679,#7825,#7826);
#6690=AXIS2_PLACEMENT_3D('',#10688,#7827,#7828);
#6691=AXIS2_PLACEMENT_3D('',#10692,#7829,#7830);
#6692=AXIS2_PLACEMENT_3D('',#10696,#7833,#7834);
#6693=AXIS2_PLACEMENT_3D('',#10702,#7836,#7837);
#6694=AXIS2_PLACEMENT_3D('',#10703,#7838,#7839);
#6695=AXIS2_PLACEMENT_3D('',#10704,#7840,#7841);
#6696=AXIS2_PLACEMENT_3D('',#10705,#7842,#7843);
#6697=AXIS2_PLACEMENT_3D('',#10713,#7846,#7847);
#6698=AXIS2_PLACEMENT_3D('',#10716,#7848,#7849);
#6699=AXIS2_PLACEMENT_3D('',#10719,#7851,#7852);
#6700=AXIS2_PLACEMENT_3D('',#10720,#7853,#7854);
#6701=AXIS2_PLACEMENT_3D('',#10721,#7855,#7856);
#6702=AXIS2_PLACEMENT_3D('',#10726,#7858,#7859);
#6703=AXIS2_PLACEMENT_3D('',#10727,#7860,#7861);
#6704=AXIS2_PLACEMENT_3D('',#10735,#7864,#7865);
#6705=AXIS2_PLACEMENT_3D('',#10743,#7868,#7869);
#6706=AXIS2_PLACEMENT_3D('',#10744,#7870,#7871);
#6707=AXIS2_PLACEMENT_3D('',#10745,#7872,#7873);
#6708=AXIS2_PLACEMENT_3D('',#10746,#7874,#7875);
#6709=AXIS2_PLACEMENT_3D('',#10747,#7876,#7877);
#6710=AXIS2_PLACEMENT_3D('',#10753,#7879,#7880);
#6711=AXIS2_PLACEMENT_3D('',#10755,#7881,#7882);
#6712=AXIS2_PLACEMENT_3D('',#10759,#7883,#7884);
#6713=AXIS2_PLACEMENT_3D('',#10761,#7886,#7887);
#6714=AXIS2_PLACEMENT_3D('',#10762,#7888,#7889);
#6715=AXIS2_PLACEMENT_3D('',#10763,#7890,#7891);
#6716=AXIS2_PLACEMENT_3D('',#10766,#7892,#7893);
#6717=AXIS2_PLACEMENT_3D('',#10767,#7894,#7895);
#6718=AXIS2_PLACEMENT_3D('',#10771,#7897,#7898);
#6719=AXIS2_PLACEMENT_3D('',#10772,#7899,#7900);
#6720=AXIS2_PLACEMENT_3D('',#10773,#7901,#7902);
#6721=AXIS2_PLACEMENT_3D('',#10777,#7904,#7905);
#6722=AXIS2_PLACEMENT_3D('',#10778,#7906,#7907);
#6723=AXIS2_PLACEMENT_3D('',#10779,#7908,#7909);
#6724=AXIS2_PLACEMENT_3D('',#10780,#7910,#7911);
#6725=AXIS2_PLACEMENT_3D('',#10783,#7912,#7913);
#6726=AXIS2_PLACEMENT_3D('',#10784,#7914,#7915);
#6727=AXIS2_PLACEMENT_3D('',#10788,#7917,#7918);
#6728=AXIS2_PLACEMENT_3D('',#10789,#7919,#7920);
#6729=AXIS2_PLACEMENT_3D('',#10790,#7921,#7922);
#6730=AXIS2_PLACEMENT_3D('',#10794,#7924,#7925);
#6731=AXIS2_PLACEMENT_3D('',#10795,#7926,#7927);
#6732=AXIS2_PLACEMENT_3D('',#10796,#7928,#7929);
#6733=AXIS2_PLACEMENT_3D('',#10797,#7930,#7931);
#6734=AXIS2_PLACEMENT_3D('',#10798,#7932,#7933);
#6735=AXIS2_PLACEMENT_3D('',#10800,#7934,#7935);
#6736=AXIS2_PLACEMENT_3D('',#10802,#7937,#7938);
#6737=AXIS2_PLACEMENT_3D('',#10803,#7939,#7940);
#6738=AXIS2_PLACEMENT_3D('',#10804,#7941,#7942);
#6739=AXIS2_PLACEMENT_3D('',#10877,#7943,#7944);
#6740=AXIS2_PLACEMENT_3D('',#10931,#7947,#7948);
#6741=AXIS2_PLACEMENT_3D('',#10934,#7950,#7951);
#6742=AXIS2_PLACEMENT_3D('',#10935,#7952,#7953);
#6743=AXIS2_PLACEMENT_3D('',#10939,#7955,#7956);
#6744=AXIS2_PLACEMENT_3D('',#10941,#7958,#7959);
#6745=AXIS2_PLACEMENT_3D('',#10943,#7961,#7962);
#6746=AXIS2_PLACEMENT_3D('',#10945,#7964,#7965);
#6747=AXIS2_PLACEMENT_3D('placement',#10946,#7966,#7967);
#6748=AXIS2_PLACEMENT_3D('',#10947,#7968,#7969);
#6749=AXIS2_PLACEMENT_3D('',#10959,#7970,#7971);
#6750=AXIS2_PLACEMENT_3D('',#10961,#7972,#7973);
#6751=AXIS2_PLACEMENT_3D('',#10962,#7974,#7975);
#6752=AXIS2_PLACEMENT_3D('',#10963,#7976,#7977);
#6753=AXIS2_PLACEMENT_3D('',#10966,#7978,#7979);
#6754=AXIS2_PLACEMENT_3D('',#10967,#7980,#7981);
#6755=AXIS2_PLACEMENT_3D('',#10968,#7982,#7983);
#6756=AXIS2_PLACEMENT_3D('',#10969,#7984,#7985);
#6757=AXIS2_PLACEMENT_3D('',#10972,#7986,#7987);
#6758=AXIS2_PLACEMENT_3D('',#10975,#7990,#7991);
#6759=AXIS2_PLACEMENT_3D('',#10978,#7992,#7993);
#6760=AXIS2_PLACEMENT_3D('',#10979,#7994,#7995);
#6761=AXIS2_PLACEMENT_3D('',#10980,#7996,#7997);
#6762=AXIS2_PLACEMENT_3D('',#10981,#7998,#7999);
#6763=AXIS2_PLACEMENT_3D('',#10992,#8000,#8001);
#6764=AXIS2_PLACEMENT_3D('',#10993,#8002,#8003);
#6765=AXIS2_PLACEMENT_3D('',#10994,#8004,#8005);
#6766=AXIS2_PLACEMENT_3D('',#10998,#8007,#8008);
#6767=AXIS2_PLACEMENT_3D('',#11000,#8010,#8011);
#6768=AXIS2_PLACEMENT_3D('',#11004,#8014,#8015);
#6769=AXIS2_PLACEMENT_3D('',#11007,#8017,#8018);
#6770=AXIS2_PLACEMENT_3D('',#11008,#8019,#8020);
#6771=AXIS2_PLACEMENT_3D('',#11011,#8022,#8023);
#6772=AXIS2_PLACEMENT_3D('',#11012,#8024,#8025);
#6773=AXIS2_PLACEMENT_3D('',#11014,#8026,#8027);
#6774=AXIS2_PLACEMENT_3D('',#11017,#8029,#8030);
#6775=AXIS2_PLACEMENT_3D('',#11018,#8031,#8032);
#6776=AXIS2_PLACEMENT_3D('',#11030,#8033,#8034);
#6777=AXIS2_PLACEMENT_3D('',#11032,#8035,#8036);
#6778=AXIS2_PLACEMENT_3D('',#11033,#8037,#8038);
#6779=AXIS2_PLACEMENT_3D('',#11034,#8039,#8040);
#6780=AXIS2_PLACEMENT_3D('',#11037,#8041,#8042);
#6781=AXIS2_PLACEMENT_3D('',#11038,#8043,#8044);
#6782=AXIS2_PLACEMENT_3D('',#11039,#8045,#8046);
#6783=AXIS2_PLACEMENT_3D('',#11040,#8047,#8048);
#6784=AXIS2_PLACEMENT_3D('',#11043,#8049,#8050);
#6785=AXIS2_PLACEMENT_3D('',#11046,#8053,#8054);
#6786=AXIS2_PLACEMENT_3D('',#11049,#8055,#8056);
#6787=AXIS2_PLACEMENT_3D('',#11050,#8057,#8058);
#6788=AXIS2_PLACEMENT_3D('',#11051,#8059,#8060);
#6789=AXIS2_PLACEMENT_3D('',#11052,#8061,#8062);
#6790=AXIS2_PLACEMENT_3D('',#11063,#8063,#8064);
#6791=AXIS2_PLACEMENT_3D('',#11064,#8065,#8066);
#6792=AXIS2_PLACEMENT_3D('',#11065,#8067,#8068);
#6793=AXIS2_PLACEMENT_3D('',#11067,#8069,#8070);
#6794=AXIS2_PLACEMENT_3D('',#11070,#8072,#8073);
#6795=AXIS2_PLACEMENT_3D('',#11072,#8074,#8075);
#6796=AXIS2_PLACEMENT_3D('',#11078,#8078,#8079);
#6797=AXIS2_PLACEMENT_3D('',#11081,#8081,#8082);
#6798=AXIS2_PLACEMENT_3D('',#11086,#8084,#8085);
#6799=AXIS2_PLACEMENT_3D('',#11090,#8087,#8088);
#6800=AXIS2_PLACEMENT_3D('',#11094,#8090,#8091);
#6801=AXIS2_PLACEMENT_3D('',#11097,#8093,#8094);
#6802=AXIS2_PLACEMENT_3D('',#11102,#8096,#8097);
#6803=AXIS2_PLACEMENT_3D('',#11105,#8099,#8100);
#6804=AXIS2_PLACEMENT_3D('',#11106,#8101,#8102);
#6805=AXIS2_PLACEMENT_3D('',#11110,#8104,#8105);
#6806=AXIS2_PLACEMENT_3D('',#11112,#8107,#8108);
#6807=AXIS2_PLACEMENT_3D('',#11115,#8110,#8111);
#6808=AXIS2_PLACEMENT_3D('',#11116,#8112,#8113);
#6809=AXIS2_PLACEMENT_3D('',#11118,#8114,#8115);
#6810=AXIS2_PLACEMENT_3D('',#11120,#8116,#8117);
#6811=AXIS2_PLACEMENT_3D('',#11121,#8118,#8119);
#6812=AXIS2_PLACEMENT_3D('',#11122,#8120,#8121);
#6813=AXIS2_PLACEMENT_3D('',#11124,#8122,#8123);
#6814=AXIS2_PLACEMENT_3D('',#11125,#8124,#8125);
#6815=AXIS2_PLACEMENT_3D('',#11126,#8126,#8127);
#6816=AXIS2_PLACEMENT_3D('',#11128,#8128,#8129);
#6817=AXIS2_PLACEMENT_3D('',#11130,#8131,#8132);
#6818=AXIS2_PLACEMENT_3D('',#11132,#8133,#8134);
#6819=AXIS2_PLACEMENT_3D('',#11133,#8135,#8136);
#6820=AXIS2_PLACEMENT_3D('',#11134,#8137,#8138);
#6821=AXIS2_PLACEMENT_3D('',#11136,#8139,#8140);
#6822=AXIS2_PLACEMENT_3D('',#11137,#8141,#8142);
#6823=AXIS2_PLACEMENT_3D('',#11138,#8143,#8144);
#6824=AXIS2_PLACEMENT_3D('',#11140,#8145,#8146);
#6825=AXIS2_PLACEMENT_3D('',#11143,#8149,#8150);
#6826=AXIS2_PLACEMENT_3D('',#11146,#8151,#8152);
#6827=AXIS2_PLACEMENT_3D('',#11147,#8153,#8154);
#6828=AXIS2_PLACEMENT_3D('',#11148,#8155,#8156);
#6829=AXIS2_PLACEMENT_3D('',#11149,#8157,#8158);
#6830=AXIS2_PLACEMENT_3D('',#11151,#8159,#8160);
#6831=AXIS2_PLACEMENT_3D('',#11152,#8161,#8162);
#6832=AXIS2_PLACEMENT_3D('',#11153,#8163,#8164);
#6833=AXIS2_PLACEMENT_3D('',#11156,#8165,#8166);
#6834=AXIS2_PLACEMENT_3D('',#11157,#8167,#8168);
#6835=AXIS2_PLACEMENT_3D('',#11158,#8169,#8170);
#6836=AXIS2_PLACEMENT_3D('',#11159,#8171,#8172);
#6837=AXIS2_PLACEMENT_3D('',#11161,#8173,#8174);
#6838=AXIS2_PLACEMENT_3D('',#11162,#8175,#8176);
#6839=AXIS2_PLACEMENT_3D('',#11163,#8177,#8178);
#6840=AXIS2_PLACEMENT_3D('',#11166,#8179,#8180);
#6841=AXIS2_PLACEMENT_3D('',#11169,#8183,#8184);
#6842=AXIS2_PLACEMENT_3D('',#11172,#8185,#8186);
#6843=AXIS2_PLACEMENT_3D('',#11173,#8187,#8188);
#6844=AXIS2_PLACEMENT_3D('',#11174,#8189,#8190);
#6845=AXIS2_PLACEMENT_3D('',#11175,#8191,#8192);
#6846=AXIS2_PLACEMENT_3D('',#11178,#8193,#8194);
#6847=AXIS2_PLACEMENT_3D('',#11179,#8195,#8196);
#6848=AXIS2_PLACEMENT_3D('',#11180,#8197,#8198);
#6849=AXIS2_PLACEMENT_3D('',#11181,#8199,#8200);
#6850=AXIS2_PLACEMENT_3D('',#11184,#8201,#8202);
#6851=AXIS2_PLACEMENT_3D('',#11187,#8205,#8206);
#6852=AXIS2_PLACEMENT_3D('',#11190,#8207,#8208);
#6853=AXIS2_PLACEMENT_3D('',#11191,#8209,#8210);
#6854=AXIS2_PLACEMENT_3D('',#11192,#8211,#8212);
#6855=AXIS2_PLACEMENT_3D('',#11193,#8213,#8214);
#6856=AXIS2_PLACEMENT_3D('',#11194,#8215,#8216);
#6857=AXIS2_PLACEMENT_3D('',#11195,#8217,#8218);
#6858=AXIS2_PLACEMENT_3D('',#11196,#8219,#8220);
#6859=AXIS2_PLACEMENT_3D('',#11199,#8223,#8224);
#6860=AXIS2_PLACEMENT_3D('',#11200,#8225,#8226);
#6861=AXIS2_PLACEMENT_3D('',#11201,#8227,#8228);
#6862=AXIS2_PLACEMENT_3D('',#11204,#8229,#8230);
#6863=AXIS2_PLACEMENT_3D('',#11205,#8231,#8232);
#6864=AXIS2_PLACEMENT_3D('',#11208,#8233,#8234);
#6865=AXIS2_PLACEMENT_3D('',#11209,#8235,#8236);
#6866=AXIS2_PLACEMENT_3D('',#11214,#8238,#8239);
#6867=AXIS2_PLACEMENT_3D('',#11217,#8241,#8242);
#6868=AXIS2_PLACEMENT_3D('',#11222,#8244,#8245);
#6869=AXIS2_PLACEMENT_3D('',#11225,#8247,#8248);
#6870=AXIS2_PLACEMENT_3D('',#11226,#8249,#8250);
#6871=AXIS2_PLACEMENT_3D('',#11228,#8251,#8252);
#6872=AXIS2_PLACEMENT_3D('',#11231,#8254,#8255);
#6873=AXIS2_PLACEMENT_3D('',#11232,#8256,#8257);
#6874=AXIS2_PLACEMENT_3D('',#11234,#8258,#8259);
#6875=AXIS2_PLACEMENT_3D('',#11235,#8260,#8261);
#6876=AXIS2_PLACEMENT_3D('',#11236,#8262,#8263);
#6877=AXIS2_PLACEMENT_3D('',#11238,#8264,#8265);
#6878=AXIS2_PLACEMENT_3D('',#11239,#8266,#8267);
#6879=AXIS2_PLACEMENT_3D('',#11240,#8268,#8269);
#6880=AXIS2_PLACEMENT_3D('',#11242,#8271,#8272);
#6881=AXIS2_PLACEMENT_3D('',#11245,#8275,#8276);
#6882=AXIS2_PLACEMENT_3D('',#11247,#8278,#8279);
#6883=AXIS2_PLACEMENT_3D('',#11249,#8280,#8281);
#6884=AXIS2_PLACEMENT_3D('',#11252,#8283,#8284);
#6885=AXIS2_PLACEMENT_3D('',#11253,#8285,#8286);
#6886=AXIS2_PLACEMENT_3D('',#11255,#8287,#8288);
#6887=AXIS2_PLACEMENT_3D('',#11256,#8289,#8290);
#6888=AXIS2_PLACEMENT_3D('',#11257,#8291,#8292);
#6889=AXIS2_PLACEMENT_3D('',#11259,#8293,#8294);
#6890=AXIS2_PLACEMENT_3D('',#11260,#8295,#8296);
#6891=AXIS2_PLACEMENT_3D('',#11261,#8297,#8298);
#6892=AXIS2_PLACEMENT_3D('',#11263,#8300,#8301);
#6893=AXIS2_PLACEMENT_3D('',#11266,#8304,#8305);
#6894=AXIS2_PLACEMENT_3D('',#11268,#8307,#8308);
#6895=AXIS2_PLACEMENT_3D('',#11270,#8310,#8311);
#6896=AXIS2_PLACEMENT_3D('',#11272,#8313,#8314);
#6897=AXIS2_PLACEMENT_3D('',#11274,#8316,#8317);
#6898=AXIS2_PLACEMENT_3D('',#11276,#8319,#8320);
#6899=AXIS2_PLACEMENT_3D('',#11277,#8321,#8322);
#6900=AXIS2_PLACEMENT_3D('',#11279,#8324,#8325);
#6901=AXIS2_PLACEMENT_3D('',#11280,#8326,#8327);
#6902=AXIS2_PLACEMENT_3D('',#11284,#8329,#8330);
#6903=AXIS2_PLACEMENT_3D('',#11285,#8331,#8332);
#6904=AXIS2_PLACEMENT_3D('',#11286,#8333,#8334);
#6905=AXIS2_PLACEMENT_3D('',#11289,#8336,#8337);
#6906=AXIS2_PLACEMENT_3D('',#11290,#8338,#8339);
#6907=AXIS2_PLACEMENT_3D('',#11294,#8341,#8342);
#6908=AXIS2_PLACEMENT_3D('',#11295,#8343,#8344);
#6909=AXIS2_PLACEMENT_3D('',#11296,#8345,#8346);
#6910=AXIS2_PLACEMENT_3D('',#11299,#8348,#8349);
#6911=AXIS2_PLACEMENT_3D('',#11300,#8350,#8351);
#6912=AXIS2_PLACEMENT_3D('',#11302,#8352,#8353);
#6913=AXIS2_PLACEMENT_3D('',#11305,#8355,#8356);
#6914=AXIS2_PLACEMENT_3D('',#11306,#8357,#8358);
#6915=AXIS2_PLACEMENT_3D('',#11307,#8359,#8360);
#6916=AXIS2_PLACEMENT_3D('',#11309,#8361,#8362);
#6917=AXIS2_PLACEMENT_3D('',#11312,#8364,#8365);
#6918=AXIS2_PLACEMENT_3D('',#11313,#8366,#8367);
#6919=AXIS2_PLACEMENT_3D('',#11314,#8368,#8369);
#6920=AXIS2_PLACEMENT_3D('',#11319,#8371,#8372);
#6921=AXIS2_PLACEMENT_3D('',#11323,#8374,#8375);
#6922=AXIS2_PLACEMENT_3D('',#11327,#8377,#8378);
#6923=AXIS2_PLACEMENT_3D('',#11330,#8380,#8381);
#6924=AXIS2_PLACEMENT_3D('',#11331,#8382,#8383);
#6925=AXIS2_PLACEMENT_3D('',#11334,#8384,#8385);
#6926=AXIS2_PLACEMENT_3D('',#11338,#8387,#8388);
#6927=AXIS2_PLACEMENT_3D('',#11340,#8390,#8391);
#6928=AXIS2_PLACEMENT_3D('',#11343,#8392,#8393);
#6929=AXIS2_PLACEMENT_3D('',#11344,#8394,#8395);
#6930=AXIS2_PLACEMENT_3D('',#11345,#8396,#8397);
#6931=AXIS2_PLACEMENT_3D('',#11346,#8398,#8399);
#6932=AXIS2_PLACEMENT_3D('',#11349,#8400,#8401);
#6933=AXIS2_PLACEMENT_3D('',#11350,#8402,#8403);
#6934=AXIS2_PLACEMENT_3D('',#11351,#8404,#8405);
#6935=AXIS2_PLACEMENT_3D('',#11352,#8406,#8407);
#6936=AXIS2_PLACEMENT_3D('',#11355,#8408,#8409);
#6937=AXIS2_PLACEMENT_3D('',#11358,#8412,#8413);
#6938=AXIS2_PLACEMENT_3D('',#11361,#8414,#8415);
#6939=AXIS2_PLACEMENT_3D('',#11364,#8418,#8419);
#6940=AXIS2_PLACEMENT_3D('',#11367,#8420,#8421);
#6941=AXIS2_PLACEMENT_3D('',#11368,#8422,#8423);
#6942=AXIS2_PLACEMENT_3D('',#11369,#8424,#8425);
#6943=AXIS2_PLACEMENT_3D('',#11370,#8426,#8427);
#6944=AXIS2_PLACEMENT_3D('',#11373,#8428,#8429);
#6945=AXIS2_PLACEMENT_3D('',#11374,#8430,#8431);
#6946=AXIS2_PLACEMENT_3D('',#11375,#8432,#8433);
#6947=AXIS2_PLACEMENT_3D('',#11376,#8434,#8435);
#6948=AXIS2_PLACEMENT_3D('',#11379,#8438,#8439);
#6949=AXIS2_PLACEMENT_3D('',#11382,#8442,#8443);
#6950=AXIS2_PLACEMENT_3D('',#11384,#8445,#8446);
#6951=AXIS2_PLACEMENT_3D('',#11386,#8448,#8449);
#6952=AXIS2_PLACEMENT_3D('',#11388,#8451,#8452);
#6953=AXIS2_PLACEMENT_3D('',#11393,#8454,#8455);
#6954=AXIS2_PLACEMENT_3D('',#11397,#8457,#8458);
#6955=AXIS2_PLACEMENT_3D('',#11401,#8460,#8461);
#6956=AXIS2_PLACEMENT_3D('',#11404,#8463,#8464);
#6957=AXIS2_PLACEMENT_3D('',#11405,#8465,#8466);
#6958=AXIS2_PLACEMENT_3D('',#11407,#8467,#8468);
#6959=AXIS2_PLACEMENT_3D('',#11409,#8469,#8470);
#6960=AXIS2_PLACEMENT_3D('',#11411,#8472,#8473);
#6961=AXIS2_PLACEMENT_3D('',#11413,#8474,#8475);
#6962=AXIS2_PLACEMENT_3D('',#11414,#8476,#8477);
#6963=AXIS2_PLACEMENT_3D('',#11415,#8478,#8479);
#6964=AXIS2_PLACEMENT_3D('',#11417,#8480,#8481);
#6965=AXIS2_PLACEMENT_3D('',#11418,#8482,#8483);
#6966=AXIS2_PLACEMENT_3D('',#11419,#8484,#8485);
#6967=AXIS2_PLACEMENT_3D('',#11421,#8486,#8487);
#6968=AXIS2_PLACEMENT_3D('',#11423,#8489,#8490);
#6969=AXIS2_PLACEMENT_3D('',#11425,#8491,#8492);
#6970=AXIS2_PLACEMENT_3D('',#11427,#8494,#8495);
#6971=AXIS2_PLACEMENT_3D('',#11429,#8496,#8497);
#6972=AXIS2_PLACEMENT_3D('',#11430,#8498,#8499);
#6973=AXIS2_PLACEMENT_3D('',#11431,#8500,#8501);
#6974=AXIS2_PLACEMENT_3D('',#11433,#8502,#8503);
#6975=AXIS2_PLACEMENT_3D('',#11434,#8504,#8505);
#6976=AXIS2_PLACEMENT_3D('',#11435,#8506,#8507);
#6977=AXIS2_PLACEMENT_3D('',#11437,#8509,#8510);
#6978=AXIS2_PLACEMENT_3D('',#11440,#8513,#8514);
#6979=AXIS2_PLACEMENT_3D('',#11442,#8516,#8517);
#6980=AXIS2_PLACEMENT_3D('',#11444,#8519,#8520);
#6981=AXIS2_PLACEMENT_3D('',#11446,#8522,#8523);
#6982=AXIS2_PLACEMENT_3D('',#11448,#8525,#8526);
#6983=AXIS2_PLACEMENT_3D('',#11450,#8528,#8529);
#6984=AXIS2_PLACEMENT_3D('',#11452,#8531,#8532);
#6985=AXIS2_PLACEMENT_3D('',#11453,#8533,#8534);
#6986=AXIS2_PLACEMENT_3D('',#11455,#8536,#8537);
#6987=AXIS2_PLACEMENT_3D('',#11457,#8539,#8540);
#6988=AXIS2_PLACEMENT_3D('',#11459,#8542,#8543);
#6989=AXIS2_PLACEMENT_3D('',#11460,#8544,#8545);
#6990=AXIS2_PLACEMENT_3D('',#11462,#8547,#8548);
#6991=AXIS2_PLACEMENT_3D('',#11464,#8550,#8551);
#6992=AXIS2_PLACEMENT_3D('placement',#11465,#8552,#8553);
#6993=AXIS2_PLACEMENT_3D('',#11466,#8554,#8555);
#6994=AXIS2_PLACEMENT_3D('',#11475,#8560,#8561);
#6995=AXIS2_PLACEMENT_3D('',#11483,#8564,#8565);
#6996=AXIS2_PLACEMENT_3D('',#11485,#8566,#8567);
#6997=AXIS2_PLACEMENT_3D('',#11490,#8568,#8569);
#6998=AXIS2_PLACEMENT_3D('',#11491,#8570,#8571);
#6999=AXIS2_PLACEMENT_3D('',#11497,#8575,#8576);
#7000=AXIS2_PLACEMENT_3D('',#11503,#8580,#8581);
#7001=AXIS2_PLACEMENT_3D('',#11512,#8586,#8587);
#7002=AXIS2_PLACEMENT_3D('',#11520,#8590,#8591);
#7003=AXIS2_PLACEMENT_3D('',#11522,#8592,#8593);
#7004=AXIS2_PLACEMENT_3D('',#11527,#8594,#8595);
#7005=AXIS2_PLACEMENT_3D('',#11528,#8596,#8597);
#7006=AXIS2_PLACEMENT_3D('',#11534,#8601,#8602);
#7007=AXIS2_PLACEMENT_3D('',#11537,#8605,#8606);
#7008=AXIS2_PLACEMENT_3D('',#11546,#8611,#8612);
#7009=AXIS2_PLACEMENT_3D('',#11554,#8615,#8616);
#7010=AXIS2_PLACEMENT_3D('',#11556,#8617,#8618);
#7011=AXIS2_PLACEMENT_3D('',#11561,#8619,#8620);
#7012=AXIS2_PLACEMENT_3D('',#11562,#8621,#8622);
#7013=AXIS2_PLACEMENT_3D('',#11568,#8626,#8627);
#7014=AXIS2_PLACEMENT_3D('',#11571,#8630,#8631);
#7015=AXIS2_PLACEMENT_3D('',#11574,#8632,#8633);
#7016=AXIS2_PLACEMENT_3D('',#11575,#8634,#8635);
#7017=AXIS2_PLACEMENT_3D('',#11581,#8638,#8639);
#7018=AXIS2_PLACEMENT_3D('',#11585,#8642,#8643);
#7019=AXIS2_PLACEMENT_3D('',#11589,#8646,#8647);
#7020=AXIS2_PLACEMENT_3D('',#11595,#8649,#8650);
#7021=AXIS2_PLACEMENT_3D('',#11600,#8651,#8652);
#7022=AXIS2_PLACEMENT_3D('',#11601,#8653,#8654);
#7023=AXIS2_PLACEMENT_3D('',#11605,#8657,#8658);
#7024=AXIS2_PLACEMENT_3D('',#11607,#8660,#8661);
#7025=AXIS2_PLACEMENT_3D('',#11608,#8662,#8663);
#7026=AXIS2_PLACEMENT_3D('',#11611,#8664,#8665);
#7027=AXIS2_PLACEMENT_3D('',#11612,#8666,#8667);
#7028=AXIS2_PLACEMENT_3D('',#11616,#8669,#8670);
#7029=AXIS2_PLACEMENT_3D('',#11617,#8671,#8672);
#7030=AXIS2_PLACEMENT_3D('',#11618,#8673,#8674);
#7031=AXIS2_PLACEMENT_3D('',#11621,#8675,#8676);
#7032=AXIS2_PLACEMENT_3D('',#11622,#8677,#8678);
#7033=AXIS2_PLACEMENT_3D('',#11624,#8680,#8681);
#7034=AXIS2_PLACEMENT_3D('',#11625,#8682,#8683);
#7035=AXIS2_PLACEMENT_3D('',#11628,#8684,#8685);
#7036=AXIS2_PLACEMENT_3D('',#11629,#8686,#8687);
#7037=AXIS2_PLACEMENT_3D('',#11631,#8689,#8690);
#7038=AXIS2_PLACEMENT_3D('',#11633,#8692,#8693);
#7039=AXIS2_PLACEMENT_3D('',#11634,#8694,#8695);
#7040=AXIS2_PLACEMENT_3D('',#11635,#8696,#8697);
#7041=AXIS2_PLACEMENT_3D('',#11636,#8698,#8699);
#7042=DIRECTION('axis',(0.,0.,1.));
#7043=DIRECTION('refdir',(1.,0.,0.));
#7044=DIRECTION('axis',(0.,0.,1.));
#7045=DIRECTION('refdir',(1.,0.,0.));
#7046=DIRECTION('center_axis',(0.706999085398824,-0.706999085398824,0.0174524064372837));
#7047=DIRECTION('ref_axis',(-0.707106781186548,-0.707106781186548,0.));
#7048=DIRECTION('',(-0.707106781186548,-0.707106781186548,0.));
#7049=DIRECTION('',(-0.707106781186548,-0.707106781186548,0.));
#7050=DIRECTION('center_axis',(-0.706999085398824,0.706999085398824,-0.0174524064372837));
#7051=DIRECTION('ref_axis',(0.706783775813851,0.707214460574178,0.0174470914793657));
#7052=DIRECTION('',(-0.0435180580796613,-0.0681224628666013,-0.996727399379571));
#7053=DIRECTION('center_axis',(-0.706999085398824,0.706999085398824,0.0174524064372835));
#7054=DIRECTION('ref_axis',(0.707106781186548,0.707106781186548,0.));
#7055=DIRECTION('center_axis',(0.706999085398824,-0.706999085398824,-0.0174524064372835));
#7056=DIRECTION('ref_axis',(0.707214460574178,0.706783775813851,0.0174470914793657));
#7057=DIRECTION('',(0.707106781186547,0.707106781186547,0.));
#7058=DIRECTION('',(0.707106781186548,0.707106781186548,0.));
#7059=DIRECTION('',(0.068122462866601,0.0435180580796613,0.996727399379571));
#7060=DIRECTION('center_axis',(-0.706999085398911,0.706999085398737,0.0174524064372833));
#7061=DIRECTION('ref_axis',(0.70710678118646,0.707106781186635,0.));
#7062=DIRECTION('center_axis',(0.706999085398911,-0.706999085398737,-0.0174524064372833));
#7063=DIRECTION('ref_axis',(-0.706783775813764,-0.707214460574266,0.0174470914793613));
#7064=DIRECTION('',(0.0435180580796612,0.0681224628666145,-0.996727399379571));
#7065=DIRECTION('',(0.707106781186461,0.707106781186634,0.));
#7066=DIRECTION('',(0.70710678118646,0.707106781186635,0.));
#7067=DIRECTION('center_axis',(0.706999085398738,-0.706999085398911,0.0174524064372836));
#7068=DIRECTION('ref_axis',(-0.707106781186634,-0.707106781186461,0.));
#7069=DIRECTION('center_axis',(-0.706999085398738,0.706999085398911,-0.0174524064372836));
#7070=DIRECTION('ref_axis',(-0.707214460574265,-0.706783775813765,0.0174470914793615));
#7071=DIRECTION('',(-0.707106781186634,-0.707106781186461,0.));
#7072=DIRECTION('',(-0.707106781186634,-0.707106781186461,0.));
#7073=DIRECTION('',(-0.0681224628666148,-0.0435180580796613,0.996727399379571));
#7074=DIRECTION('center_axis',(0.,0.999048221581858,-0.0436193873653361));
#7075=DIRECTION('ref_axis',(1.,0.,0.));
#7076=DIRECTION('',(0.,-0.0436193873653361,-0.999048221581858));
#7077=DIRECTION('',(1.,0.,0.));
#7078=DIRECTION('',(-1.,0.,0.));
#7079=DIRECTION('center_axis',(0.999048221581858,8.37001453830222E-17,-0.0436193873653361));
#7080=DIRECTION('ref_axis',(8.37798852696964E-17,-1.,0.));
#7081=DIRECTION('',(-8.37798852696964E-17,1.,0.));
#7082=DIRECTION('',(-0.0436193873653361,2.95777690216265E-16,-0.999048221581858));
#7083=DIRECTION('',(8.37798852696964E-17,-1.,0.));
#7084=DIRECTION('center_axis',(-8.37798852696964E-17,1.,0.));
#7085=DIRECTION('ref_axis',(0.691513055782268,0.,-0.722363962059757));
#7086=DIRECTION('',(8.37798852696964E-17,-1.,0.));
#7087=DIRECTION('center_axis',(0.,-1.,0.));
#7088=DIRECTION('ref_axis',(0.,0.,-1.));
#7089=DIRECTION('center_axis',(1.,0.,0.));
#7090=DIRECTION('ref_axis',(0.,-0.691513055782268,-0.722363962059757));
#7091=DIRECTION('',(1.,0.,0.));
#7092=DIRECTION('center_axis',(-1.,2.0447565204368E-13,0.));
#7093=DIRECTION('ref_axis',(0.,0.,-1.));
#7094=DIRECTION('',(-1.,0.,0.));
#7095=DIRECTION('center_axis',(0.,-0.999048221581858,-0.0436193873653361));
#7096=DIRECTION('ref_axis',(-1.,0.,0.));
#7097=DIRECTION('',(0.,0.0436193873653361,-0.999048221581858));
#7098=DIRECTION('',(-1.,0.,0.));
#7099=DIRECTION('center_axis',(0.,-1.,0.));
#7100=DIRECTION('ref_axis',(-0.691513055782268,0.,-0.722363962059757));
#7101=DIRECTION('',(0.,1.,0.));
#7102=DIRECTION('center_axis',(-2.57817126489857E-13,-1.,0.));
#7103=DIRECTION('ref_axis',(-0.999048221581858,2.57571741713037E-13,-0.0436193873653369));
#7104=DIRECTION('',(0.,-1.,0.));
#7105=DIRECTION('center_axis',(0.,0.,1.));
#7106=DIRECTION('ref_axis',(1.,0.,0.));
#7107=DIRECTION('',(0.,1.,0.));
#7108=DIRECTION('',(-1.,-3.35721705658916E-15,0.));
#7109=DIRECTION('',(0.,1.,0.));
#7110=DIRECTION('',(-1.,0.,0.));
#7111=DIRECTION('',(0.,-1.,0.));
#7112=DIRECTION('',(1.,0.,0.));
#7113=DIRECTION('',(0.,1.,0.));
#7114=DIRECTION('',(1.,3.35721705658916E-15,0.));
#7115=DIRECTION('center_axis',(0.,1.,0.));
#7116=DIRECTION('ref_axis',(0.,0.,1.));
#7117=DIRECTION('',(0.,0.,-1.));
#7118=DIRECTION('',(1.,0.,0.));
#7119=DIRECTION('',(0.,0.,-1.));
#7120=DIRECTION('center_axis',(1.,0.,0.));
#7121=DIRECTION('ref_axis',(0.,0.,-1.));
#7122=DIRECTION('',(0.,0.,-1.));
#7123=DIRECTION('',(0.,-1.,0.));
#7124=DIRECTION('center_axis',(-3.35721705658916E-15,1.,0.));
#7125=DIRECTION('ref_axis',(0.,0.,1.));
#7126=DIRECTION('',(0.,0.,-1.));
#7127=DIRECTION('',(1.,3.35721705658916E-15,0.));
#7128=DIRECTION('center_axis',(1.,0.,0.));
#7129=DIRECTION('ref_axis',(0.,0.,-1.));
#7130=DIRECTION('',(0.,0.,-1.));
#7131=DIRECTION('',(0.,-1.,0.));
#7132=DIRECTION('center_axis',(-1.,0.,0.));
#7133=DIRECTION('ref_axis',(0.,0.,1.));
#7134=DIRECTION('',(0.,1.,0.));
#7135=DIRECTION('',(0.,0.,-1.));
#7136=DIRECTION('center_axis',(0.,-1.,0.));
#7137=DIRECTION('ref_axis',(0.,0.,-1.));
#7138=DIRECTION('',(-1.,0.,0.));
#7139=DIRECTION('',(0.,0.,-1.));
#7140=DIRECTION('center_axis',(1.,0.,0.));
#7141=DIRECTION('ref_axis',(0.,0.,-1.));
#7142=DIRECTION('',(0.,-1.,0.));
#7143=DIRECTION('',(0.,0.,-1.));
#7144=DIRECTION('center_axis',(3.35721705658916E-15,-1.,0.));
#7145=DIRECTION('ref_axis',(0.,0.,-1.));
#7146=DIRECTION('',(-1.,-3.35721705658916E-15,0.));
#7147=DIRECTION('center_axis',(0.,0.,1.));
#7148=DIRECTION('ref_axis',(1.,0.,0.));
#7149=DIRECTION('',(0.,1.,0.));
#7150=DIRECTION('',(-1.,0.,0.));
#7151=DIRECTION('',(0.,1.,0.));
#7152=DIRECTION('',(1.,0.,0.));
#7153=DIRECTION('',(0.,1.,0.));
#7154=DIRECTION('',(-1.,0.,0.));
#7155=DIRECTION('',(0.,-1.,0.));
#7156=DIRECTION('',(1.,0.,0.));
#7157=DIRECTION('',(0.,-1.,0.));
#7158=DIRECTION('',(-1.,0.,0.));
#7159=DIRECTION('',(0.,-1.,0.));
#7160=DIRECTION('',(1.,0.,0.));
#7161=DIRECTION('center_axis',(0.,1.,0.));
#7162=DIRECTION('ref_axis',(0.,0.,1.));
#7163=DIRECTION('',(0.,0.,-1.));
#7164=DIRECTION('',(1.,0.,0.));
#7165=DIRECTION('',(0.,0.,-1.));
#7166=DIRECTION('center_axis',(1.,0.,0.));
#7167=DIRECTION('ref_axis',(0.,0.,-1.));
#7168=DIRECTION('',(0.,0.,-1.));
#7169=DIRECTION('',(0.,-1.,0.));
#7170=DIRECTION('center_axis',(0.,-1.,0.));
#7171=DIRECTION('ref_axis',(0.,0.,-1.));
#7172=DIRECTION('',(0.,0.,-1.));
#7173=DIRECTION('',(-1.,0.,0.));
#7174=DIRECTION('center_axis',(1.,0.,0.));
#7175=DIRECTION('ref_axis',(0.,0.,-1.));
#7176=DIRECTION('',(0.,0.,-1.));
#7177=DIRECTION('',(0.,-1.,0.));
#7178=DIRECTION('center_axis',(0.,1.,0.));
#7179=DIRECTION('ref_axis',(0.,0.,1.));
#7180=DIRECTION('',(0.,0.,-1.));
#7181=DIRECTION('',(1.,0.,0.));
#7182=DIRECTION('center_axis',(1.,0.,0.));
#7183=DIRECTION('ref_axis',(0.,0.,-1.));
#7184=DIRECTION('',(0.,0.,-1.));
#7185=DIRECTION('',(0.,-1.,0.));
#7186=DIRECTION('center_axis',(-1.,0.,0.));
#7187=DIRECTION('ref_axis',(0.,0.,1.));
#7188=DIRECTION('',(0.,1.,0.));
#7189=DIRECTION('',(0.,0.,-1.));
#7190=DIRECTION('center_axis',(0.,-1.,0.));
#7191=DIRECTION('ref_axis',(0.,0.,-1.));
#7192=DIRECTION('',(-1.,0.,0.));
#7193=DIRECTION('',(0.,0.,-1.));
#7194=DIRECTION('center_axis',(-1.,0.,0.));
#7195=DIRECTION('ref_axis',(0.,0.,1.));
#7196=DIRECTION('',(0.,1.,0.));
#7197=DIRECTION('',(0.,0.,-1.));
#7198=DIRECTION('center_axis',(0.,1.,0.));
#7199=DIRECTION('ref_axis',(0.,0.,1.));
#7200=DIRECTION('',(1.,0.,0.));
#7201=DIRECTION('',(0.,0.,-1.));
#7202=DIRECTION('center_axis',(-1.,0.,0.));
#7203=DIRECTION('ref_axis',(0.,0.,1.));
#7204=DIRECTION('',(0.,1.,0.));
#7205=DIRECTION('',(0.,0.,-1.));
#7206=DIRECTION('center_axis',(0.,-1.,0.));
#7207=DIRECTION('ref_axis',(0.,0.,-1.));
#7208=DIRECTION('',(-1.,0.,0.));
#7209=DIRECTION('center_axis',(0.,0.,1.));
#7210=DIRECTION('ref_axis',(1.,0.,0.));
#7211=DIRECTION('',(0.,1.,0.));
#7212=DIRECTION('',(-0.940069662775619,0.340982446951356,0.));
#7213=DIRECTION('',(-3.53118194043059E-15,1.,0.));
#7214=DIRECTION('',(0.933890180405366,0.357559968316411,0.));
#7215=DIRECTION('',(0.,1.,0.));
#7216=DIRECTION('',(-0.925726682166435,-0.378193217714338,0.));
#7217=DIRECTION('',(0.,-1.,0.));
#7218=DIRECTION('',(0.933492229961595,-0.358597624924271,0.));
#7219=DIRECTION('',(0.935056260256882,0.354499351416068,0.));
#7220=DIRECTION('',(0.,-1.,0.));
#7221=DIRECTION('',(-0.935828766419949,0.352454989950371,0.));
#7222=DIRECTION('center_axis',(-0.352454989950371,-0.935828766419949,0.));
#7223=DIRECTION('ref_axis',(0.,0.,-1.));
#7224=DIRECTION('',(0.,0.,-1.));
#7225=DIRECTION('',(0.935828766419949,-0.352454989950371,0.));
#7226=DIRECTION('',(0.,0.,-1.));
#7227=DIRECTION('center_axis',(1.,0.,0.));
#7228=DIRECTION('ref_axis',(0.,0.,-1.));
#7229=DIRECTION('',(0.,0.,-1.));
#7230=DIRECTION('',(0.,1.,0.));
#7231=DIRECTION('center_axis',(-0.354499351416068,0.935056260256883,0.));
#7232=DIRECTION('ref_axis',(0.,0.,1.));
#7233=DIRECTION('',(0.,0.,-1.));
#7234=DIRECTION('',(-0.935056260256882,-0.354499351416068,0.));
#7235=DIRECTION('center_axis',(0.357559968316411,-0.933890180405366,0.));
#7236=DIRECTION('ref_axis',(0.,0.,-1.));
#7237=DIRECTION('',(0.,0.,-1.));
#7238=DIRECTION('',(-0.933890180405366,-0.357559968316411,0.));
#7239=DIRECTION('',(0.,0.,-1.));
#7240=DIRECTION('center_axis',(1.,3.53118194043059E-15,0.));
#7241=DIRECTION('ref_axis',(0.,0.,-1.));
#7242=DIRECTION('',(0.,0.,-1.));
#7243=DIRECTION('',(3.53118194043059E-15,-1.,0.));
#7244=DIRECTION('center_axis',(0.340982446951356,0.940069662775619,0.));
#7245=DIRECTION('ref_axis',(0.,0.,1.));
#7246=DIRECTION('',(0.,0.,-1.));
#7247=DIRECTION('',(0.940069662775619,-0.340982446951356,0.));
#7248=DIRECTION('center_axis',(1.,0.,0.));
#7249=DIRECTION('ref_axis',(0.,0.,-1.));
#7250=DIRECTION('',(0.,0.,-1.));
#7251=DIRECTION('',(0.,-1.,0.));
#7252=DIRECTION('',(0.,0.,-1.));
#7253=DIRECTION('center_axis',(1.,0.,0.));
#7254=DIRECTION('ref_axis',(0.,0.,-1.));
#7255=DIRECTION('',(0.,-1.,0.));
#7256=DIRECTION('',(0.,0.,-1.));
#7257=DIRECTION('center_axis',(-0.378193217714338,0.925726682166435,0.));
#7258=DIRECTION('ref_axis',(0.,0.,1.));
#7259=DIRECTION('',(0.925726682166435,0.378193217714338,0.));
#7260=DIRECTION('',(0.,0.,-1.));
#7261=DIRECTION('center_axis',(-1.,0.,0.));
#7262=DIRECTION('ref_axis',(0.,0.,1.));
#7263=DIRECTION('',(0.,1.,0.));
#7264=DIRECTION('',(0.,0.,-1.));
#7265=DIRECTION('center_axis',(-0.358597624924271,-0.933492229961595,0.));
#7266=DIRECTION('ref_axis',(0.,0.,-1.));
#7267=DIRECTION('',(-0.933492229961595,0.358597624924271,0.));
#7268=DIRECTION('center_axis',(0.,0.,1.));
#7269=DIRECTION('ref_axis',(1.,0.,0.));
#7270=DIRECTION('',(0.,1.,0.));
#7271=DIRECTION('',(-1.,0.,0.));
#7272=DIRECTION('',(0.946715902430353,0.322069868329036,0.));
#7273=DIRECTION('',(0.,1.,0.));
#7274=DIRECTION('',(-0.944206400657654,0.329354327369655,0.));
#7275=DIRECTION('',(1.,0.,0.));
#7276=DIRECTION('',(0.,1.,0.));
#7277=DIRECTION('',(-1.,0.,0.));
#7278=DIRECTION('',(0.,-1.,0.));
#7279=DIRECTION('',(0.945317952353716,-0.326150224525106,0.));
#7280=DIRECTION('',(-0.948274208379073,-0.3174523991452,0.));
#7281=DIRECTION('',(0.,-1.,0.));
#7282=DIRECTION('',(1.,0.,0.));
#7283=DIRECTION('center_axis',(0.,1.,0.));
#7284=DIRECTION('ref_axis',(0.,0.,1.));
#7285=DIRECTION('',(0.,0.,-1.));
#7286=DIRECTION('',(1.,0.,0.));
#7287=DIRECTION('',(0.,0.,-1.));
#7288=DIRECTION('center_axis',(1.,0.,0.));
#7289=DIRECTION('ref_axis',(0.,0.,-1.));
#7290=DIRECTION('',(0.,0.,-1.));
#7291=DIRECTION('',(0.,-1.,0.));
#7292=DIRECTION('center_axis',(0.,-1.,0.));
#7293=DIRECTION('ref_axis',(0.,0.,-1.));
#7294=DIRECTION('',(0.,0.,-1.));
#7295=DIRECTION('',(-1.,0.,0.));
#7296=DIRECTION('center_axis',(0.329354327369655,0.944206400657654,0.));
#7297=DIRECTION('ref_axis',(0.,0.,1.));
#7298=DIRECTION('',(0.,0.,-1.));
#7299=DIRECTION('',(0.944206400657654,-0.329354327369655,0.));
#7300=DIRECTION('center_axis',(1.,0.,0.));
#7301=DIRECTION('ref_axis',(0.,0.,-1.));
#7302=DIRECTION('',(0.,0.,-1.));
#7303=DIRECTION('',(0.,-1.,0.));
#7304=DIRECTION('center_axis',(0.322069868329036,-0.946715902430353,0.));
#7305=DIRECTION('ref_axis',(0.,0.,-1.));
#7306=DIRECTION('',(0.,0.,-1.));
#7307=DIRECTION('',(-0.946715902430353,-0.322069868329036,0.));
#7308=DIRECTION('center_axis',(0.,1.,0.));
#7309=DIRECTION('ref_axis',(0.,0.,1.));
#7310=DIRECTION('',(0.,0.,-1.));
#7311=DIRECTION('',(1.,0.,0.));
#7312=DIRECTION('center_axis',(1.,0.,0.));
#7313=DIRECTION('ref_axis',(0.,0.,-1.));
#7314=DIRECTION('',(0.,0.,-1.));
#7315=DIRECTION('',(0.,-1.,0.));
#7316=DIRECTION('center_axis',(-1.,0.,0.));
#7317=DIRECTION('ref_axis',(0.,0.,1.));
#7318=DIRECTION('',(0.,1.,0.));
#7319=DIRECTION('',(0.,0.,-1.));
#7320=DIRECTION('center_axis',(-0.326150224525106,-0.945317952353716,0.));
#7321=DIRECTION('ref_axis',(0.,0.,-1.));
#7322=DIRECTION('',(-0.945317952353716,0.326150224525106,0.));
#7323=DIRECTION('',(0.,0.,-1.));
#7324=DIRECTION('',(0.,0.,-1.));
#7325=DIRECTION('',(0.,0.,-1.));
#7326=DIRECTION('center_axis',(-0.3174523991452,0.948274208379073,0.));
#7327=DIRECTION('ref_axis',(0.,0.,1.));
#7328=DIRECTION('',(0.948274208379073,0.3174523991452,0.));
#7329=DIRECTION('',(0.,0.,-1.));
#7330=DIRECTION('center_axis',(-1.,0.,0.));
#7331=DIRECTION('ref_axis',(0.,0.,1.));
#7332=DIRECTION('',(0.,1.,0.));
#7333=DIRECTION('',(0.,0.,-1.));
#7334=DIRECTION('center_axis',(0.,-1.,0.));
#7335=DIRECTION('ref_axis',(0.,0.,-1.));
#7336=DIRECTION('',(-1.,0.,0.));
#7337=DIRECTION('center_axis',(0.,0.,1.));
#7338=DIRECTION('ref_axis',(1.,0.,0.));
#7339=DIRECTION('',(0.,1.,0.));
#7340=DIRECTION('',(-1.,0.,0.));
#7341=DIRECTION('',(0.946715902430353,0.322069868329036,0.));
#7342=DIRECTION('',(0.,1.,0.));
#7343=DIRECTION('',(-0.944206400657654,0.329354327369655,0.));
#7344=DIRECTION('',(1.,0.,0.));
#7345=DIRECTION('',(0.,1.,0.));
#7346=DIRECTION('',(-1.,0.,0.));
#7347=DIRECTION('',(0.,-1.,0.));
#7348=DIRECTION('',(0.945317952353716,-0.326150224525106,0.));
#7349=DIRECTION('',(-0.948274208379073,-0.3174523991452,0.));
#7350=DIRECTION('',(0.,-1.,0.));
#7351=DIRECTION('',(1.,0.,0.));
#7352=DIRECTION('center_axis',(0.,1.,0.));
#7353=DIRECTION('ref_axis',(0.,0.,1.));
#7354=DIRECTION('',(0.,0.,-1.));
#7355=DIRECTION('',(1.,0.,0.));
#7356=DIRECTION('',(0.,0.,-1.));
#7357=DIRECTION('center_axis',(1.,0.,0.));
#7358=DIRECTION('ref_axis',(0.,0.,-1.));
#7359=DIRECTION('',(0.,0.,-1.));
#7360=DIRECTION('',(0.,-1.,0.));
#7361=DIRECTION('center_axis',(0.,-1.,0.));
#7362=DIRECTION('ref_axis',(0.,0.,-1.));
#7363=DIRECTION('',(0.,0.,-1.));
#7364=DIRECTION('',(-1.,0.,0.));
#7365=DIRECTION('center_axis',(0.329354327369655,0.944206400657654,0.));
#7366=DIRECTION('ref_axis',(0.,0.,1.));
#7367=DIRECTION('',(0.,0.,-1.));
#7368=DIRECTION('',(0.944206400657654,-0.329354327369655,0.));
#7369=DIRECTION('center_axis',(1.,0.,0.));
#7370=DIRECTION('ref_axis',(0.,0.,-1.));
#7371=DIRECTION('',(0.,0.,-1.));
#7372=DIRECTION('',(0.,-1.,0.));
#7373=DIRECTION('center_axis',(0.322069868329036,-0.946715902430353,0.));
#7374=DIRECTION('ref_axis',(0.,0.,-1.));
#7375=DIRECTION('',(0.,0.,-1.));
#7376=DIRECTION('',(-0.946715902430353,-0.322069868329036,0.));
#7377=DIRECTION('center_axis',(0.,1.,0.));
#7378=DIRECTION('ref_axis',(0.,0.,1.));
#7379=DIRECTION('',(0.,0.,-1.));
#7380=DIRECTION('',(1.,0.,0.));
#7381=DIRECTION('center_axis',(1.,0.,0.));
#7382=DIRECTION('ref_axis',(0.,0.,-1.));
#7383=DIRECTION('',(0.,0.,-1.));
#7384=DIRECTION('',(0.,-1.,0.));
#7385=DIRECTION('center_axis',(-1.,0.,0.));
#7386=DIRECTION('ref_axis',(0.,0.,1.));
#7387=DIRECTION('',(0.,1.,0.));
#7388=DIRECTION('',(0.,0.,-1.));
#7389=DIRECTION('center_axis',(-0.326150224525106,-0.945317952353716,0.));
#7390=DIRECTION('ref_axis',(0.,0.,-1.));
#7391=DIRECTION('',(-0.945317952353716,0.326150224525106,0.));
#7392=DIRECTION('',(0.,0.,-1.));
#7393=DIRECTION('',(0.,0.,-1.));
#7394=DIRECTION('',(0.,0.,-1.));
#7395=DIRECTION('center_axis',(-0.3174523991452,0.948274208379073,0.));
#7396=DIRECTION('ref_axis',(0.,0.,1.));
#7397=DIRECTION('',(0.948274208379073,0.3174523991452,0.));
#7398=DIRECTION('',(0.,0.,-1.));
#7399=DIRECTION('center_axis',(-1.,0.,0.));
#7400=DIRECTION('ref_axis',(0.,0.,1.));
#7401=DIRECTION('',(0.,1.,0.));
#7402=DIRECTION('',(0.,0.,-1.));
#7403=DIRECTION('center_axis',(0.,-1.,0.));
#7404=DIRECTION('ref_axis',(0.,0.,-1.));
#7405=DIRECTION('',(-1.,0.,0.));
#7406=DIRECTION('center_axis',(0.,0.,1.));
#7407=DIRECTION('ref_axis',(1.,0.,0.));
#7408=DIRECTION('',(0.,0.,-1.));
#7409=DIRECTION('',(0.,0.,-1.));
#7410=DIRECTION('',(0.,0.,-1.));
#7411=DIRECTION('',(0.,0.,-1.));
#7412=DIRECTION('',(0.,0.,-1.));
#7413=DIRECTION('',(0.,0.,-1.));
#7414=DIRECTION('',(0.,0.,-1.));
#7415=DIRECTION('',(0.,0.,-1.));
#7416=DIRECTION('center_axis',(0.,0.,1.));
#7417=DIRECTION('ref_axis',(1.,0.,0.));
#7418=DIRECTION('',(0.,1.,0.));
#7419=DIRECTION('',(-1.,0.,0.));
#7420=DIRECTION('',(0.83080727530051,0.556560213550827,0.));
#7421=DIRECTION('',(0.,1.,0.));
#7422=DIRECTION('',(-1.,0.,0.));
#7423=DIRECTION('',(0.,-1.,0.));
#7424=DIRECTION('',(1.,0.,0.));
#7425=DIRECTION('',(-0.83080727530051,-0.556560213550827,0.));
#7426=DIRECTION('',(0.,-1.,0.));
#7427=DIRECTION('',(1.,0.,0.));
#7428=DIRECTION('center_axis',(0.,1.,0.));
#7429=DIRECTION('ref_axis',(0.,0.,1.));
#7430=DIRECTION('',(0.,0.,-1.));
#7431=DIRECTION('',(1.,0.,0.));
#7432=DIRECTION('',(0.,0.,-1.));
#7433=DIRECTION('center_axis',(1.,0.,0.));
#7434=DIRECTION('ref_axis',(0.,0.,-1.));
#7435=DIRECTION('',(0.,0.,-1.));
#7436=DIRECTION('',(0.,-1.,0.));
#7437=DIRECTION('center_axis',(0.556560213550827,-0.83080727530051,0.));
#7438=DIRECTION('ref_axis',(0.,0.,-1.));
#7439=DIRECTION('',(0.,0.,-1.));
#7440=DIRECTION('',(-0.83080727530051,-0.556560213550827,0.));
#7441=DIRECTION('center_axis',(0.,1.,0.));
#7442=DIRECTION('ref_axis',(0.,0.,1.));
#7443=DIRECTION('',(0.,0.,-1.));
#7444=DIRECTION('',(1.,0.,0.));
#7445=DIRECTION('center_axis',(1.,0.,0.));
#7446=DIRECTION('ref_axis',(0.,0.,-1.));
#7447=DIRECTION('',(0.,0.,-1.));
#7448=DIRECTION('',(0.,-1.,0.));
#7449=DIRECTION('center_axis',(-1.,0.,0.));
#7450=DIRECTION('ref_axis',(0.,0.,1.));
#7451=DIRECTION('',(0.,1.,0.));
#7452=DIRECTION('',(0.,0.,-1.));
#7453=DIRECTION('center_axis',(0.,-1.,0.));
#7454=DIRECTION('ref_axis',(0.,0.,-1.));
#7455=DIRECTION('',(-1.,0.,0.));
#7456=DIRECTION('',(0.,0.,-1.));
#7457=DIRECTION('center_axis',(-0.556560213550827,0.83080727530051,0.));
#7458=DIRECTION('ref_axis',(0.,0.,1.));
#7459=DIRECTION('',(0.83080727530051,0.556560213550827,0.));
#7460=DIRECTION('',(0.,0.,-1.));
#7461=DIRECTION('center_axis',(-1.,0.,0.));
#7462=DIRECTION('ref_axis',(0.,0.,1.));
#7463=DIRECTION('',(0.,1.,0.));
#7464=DIRECTION('',(0.,0.,-1.));
#7465=DIRECTION('center_axis',(0.,-1.,0.));
#7466=DIRECTION('ref_axis',(0.,0.,-1.));
#7467=DIRECTION('',(-1.,0.,0.));
#7468=DIRECTION('center_axis',(0.,0.,1.));
#7469=DIRECTION('ref_axis',(1.,0.,0.));
#7470=DIRECTION('',(0.,1.,0.));
#7471=DIRECTION('',(0.,-1.,0.));
#7472=DIRECTION('',(1.,0.,0.));
#7473=DIRECTION('',(0.,-1.,0.));
#7474=DIRECTION('',(-1.,0.,0.));
#7475=DIRECTION('',(0.,1.,0.));
#7476=DIRECTION('center_axis',(-1.,0.,0.));
#7477=DIRECTION('ref_axis',(0.,0.,1.));
#7478=DIRECTION('',(0.,0.,-1.));
#7479=DIRECTION('',(0.,-1.,0.));
#7480=DIRECTION('',(0.,0.,-1.));
#7481=DIRECTION('center_axis',(0.,-1.,0.));
#7482=DIRECTION('ref_axis',(0.,0.,-1.));
#7483=DIRECTION('',(0.,0.,-1.));
#7484=DIRECTION('',(1.,0.,0.));
#7485=DIRECTION('center_axis',(1.,0.,0.));
#7486=DIRECTION('ref_axis',(0.,0.,-1.));
#7487=DIRECTION('',(0.,0.,-1.));
#7488=DIRECTION('',(0.,1.,0.));
#7489=DIRECTION('',(0.,0.,-1.));
#7490=DIRECTION('',(0.,0.,-1.));
#7491=DIRECTION('',(0.,0.,-1.));
#7492=DIRECTION('',(0.,0.,-1.));
#7493=DIRECTION('',(0.,0.,-1.));
#7494=DIRECTION('center_axis',(1.,0.,0.));
#7495=DIRECTION('ref_axis',(0.,0.,-1.));
#7496=DIRECTION('',(0.,0.,-1.));
#7497=DIRECTION('',(0.,-1.,0.));
#7498=DIRECTION('',(0.,0.,-1.));
#7499=DIRECTION('',(0.,0.,-1.));
#7500=DIRECTION('',(0.,0.,-1.));
#7501=DIRECTION('center_axis',(-1.,0.,0.));
#7502=DIRECTION('ref_axis',(0.,0.,1.));
#7503=DIRECTION('',(0.,1.,0.));
#7504=DIRECTION('',(0.,0.,-1.));
#7505=DIRECTION('center_axis',(0.,-1.,0.));
#7506=DIRECTION('ref_axis',(0.,0.,-1.));
#7507=DIRECTION('',(-1.,0.,0.));
#7508=DIRECTION('center_axis',(0.,0.,1.));
#7509=DIRECTION('ref_axis',(1.,0.,0.));
#7510=DIRECTION('',(-1.,0.,0.));
#7511=DIRECTION('',(0.,-1.,0.));
#7512=DIRECTION('',(1.,0.,0.));
#7513=DIRECTION('',(1.,0.,0.));
#7514=DIRECTION('',(0.,1.,0.));
#7515=DIRECTION('center_axis',(0.,-1.,0.));
#7516=DIRECTION('ref_axis',(0.,0.,-1.));
#7517=DIRECTION('',(0.,0.,-1.));
#7518=DIRECTION('',(-1.,0.,0.));
#7519=DIRECTION('',(0.,0.,-1.));
#7520=DIRECTION('',(0.,0.,-1.));
#7521=DIRECTION('center_axis',(-1.,0.,0.));
#7522=DIRECTION('ref_axis',(0.,0.,1.));
#7523=DIRECTION('',(0.,0.,-1.));
#7524=DIRECTION('',(0.,1.,0.));
#7525=DIRECTION('center_axis',(0.,1.,0.));
#7526=DIRECTION('ref_axis',(0.,0.,1.));
#7527=DIRECTION('',(0.,0.,-1.));
#7528=DIRECTION('',(1.,0.,0.));
#7529=DIRECTION('',(0.,0.,-1.));
#7530=DIRECTION('center_axis',(0.,-1.,0.));
#7531=DIRECTION('ref_axis',(0.,0.,-1.));
#7532=DIRECTION('',(-1.,0.,0.));
#7533=DIRECTION('',(0.,0.,-1.));
#7534=DIRECTION('center_axis',(1.,0.,0.));
#7535=DIRECTION('ref_axis',(0.,0.,-1.));
#7536=DIRECTION('',(0.,-1.,0.));
#7537=DIRECTION('center_axis',(0.,0.,1.));
#7538=DIRECTION('ref_axis',(1.,0.,0.));
#7539=DIRECTION('',(-0.980258033660393,0.197722501107638,0.));
#7540=DIRECTION('',(0.,1.,0.));
#7541=DIRECTION('',(-1.,0.,0.));
#7542=DIRECTION('',(0.,-1.,0.));
#7543=DIRECTION('',(0.982706733626139,-0.185168776217388,0.));
#7544=DIRECTION('',(0.131303603071186,0.991342203187438,0.));
#7545=DIRECTION('',(0.0825574455867948,-0.996586307440647,0.));
#7546=DIRECTION('center_axis',(0.,1.,0.));
#7547=DIRECTION('ref_axis',(0.,0.,1.));
#7548=DIRECTION('',(0.,0.,-1.));
#7549=DIRECTION('',(1.,0.,0.));
#7550=DIRECTION('',(0.,0.,-1.));
#7551=DIRECTION('center_axis',(1.,0.,0.));
#7552=DIRECTION('ref_axis',(0.,0.,-1.));
#7553=DIRECTION('',(0.,0.,-1.));
#7554=DIRECTION('',(0.,-1.,0.));
#7555=DIRECTION('center_axis',(0.197722501107638,0.980258033660393,0.));
#7556=DIRECTION('ref_axis',(0.,0.,1.));
#7557=DIRECTION('',(0.,0.,-1.));
#7558=DIRECTION('',(0.980258033660393,-0.197722501107638,0.));
#7559=DIRECTION('',(0.,0.,-1.));
#7560=DIRECTION('',(0.,0.,-1.));
#7561=DIRECTION('',(0.,0.,-1.));
#7562=DIRECTION('',(0.,0.,-1.));
#7563=DIRECTION('',(0.,0.,-1.));
#7564=DIRECTION('center_axis',(-1.,0.,0.));
#7565=DIRECTION('ref_axis',(0.,0.,1.));
#7566=DIRECTION('',(0.,1.,0.));
#7567=DIRECTION('',(0.,0.,-1.));
#7568=DIRECTION('center_axis',(-0.185168776217388,-0.982706733626139,0.));
#7569=DIRECTION('ref_axis',(0.,0.,-1.));
#7570=DIRECTION('',(-0.982706733626139,0.185168776217388,0.));
#7571=DIRECTION('',(0.,0.,-1.));
#7572=DIRECTION('center_axis',(0.991342203187438,-0.131303603071186,0.));
#7573=DIRECTION('ref_axis',(0.,0.,-1.));
#7574=DIRECTION('',(-0.131303603071186,-0.991342203187438,0.));
#7575=DIRECTION('',(0.,0.,-1.));
#7576=DIRECTION('',(0.,0.,-1.));
#7577=DIRECTION('',(0.,0.,-1.));
#7578=DIRECTION('',(0.,0.,-1.));
#7579=DIRECTION('',(0.,0.,-1.));
#7580=DIRECTION('center_axis',(-0.996586307440647,-0.0825574455867948,0.));
#7581=DIRECTION('ref_axis',(0.,0.,1.));
#7582=DIRECTION('',(-0.0825574455867948,0.996586307440647,0.));
#7583=DIRECTION('center_axis',(0.,0.,1.));
#7584=DIRECTION('ref_axis',(1.,0.,0.));
#7585=DIRECTION('',(-0.980258033660393,0.197722501107638,0.));
#7586=DIRECTION('',(0.,1.,0.));
#7587=DIRECTION('',(-1.,0.,0.));
#7588=DIRECTION('',(1.48937888591782E-15,-1.,0.));
#7589=DIRECTION('',(0.982706733626139,-0.185168776217388,0.));
#7590=DIRECTION('',(0.13130360307118,0.991342203187439,0.));
#7591=DIRECTION('',(0.0825574455867948,-0.996586307440647,0.));
#7592=DIRECTION('center_axis',(0.,1.,0.));
#7593=DIRECTION('ref_axis',(0.,0.,1.));
#7594=DIRECTION('',(0.,0.,-1.));
#7595=DIRECTION('',(1.,0.,0.));
#7596=DIRECTION('',(0.,0.,-1.));
#7597=DIRECTION('center_axis',(1.,0.,0.));
#7598=DIRECTION('ref_axis',(0.,0.,-1.));
#7599=DIRECTION('',(0.,0.,-1.));
#7600=DIRECTION('',(0.,-1.,0.));
#7601=DIRECTION('center_axis',(0.197722501107638,0.980258033660393,0.));
#7602=DIRECTION('ref_axis',(0.,0.,1.));
#7603=DIRECTION('',(0.,0.,-1.));
#7604=DIRECTION('',(0.980258033660393,-0.197722501107638,0.));
#7605=DIRECTION('',(0.,0.,-1.));
#7606=DIRECTION('',(0.,0.,-1.));
#7607=DIRECTION('',(0.,0.,-1.));
#7608=DIRECTION('',(0.,0.,-1.));
#7609=DIRECTION('',(0.,0.,-1.));
#7610=DIRECTION('center_axis',(-1.,-1.48937888591782E-15,0.));
#7611=DIRECTION('ref_axis',(0.,0.,1.));
#7612=DIRECTION('',(-1.48937888591782E-15,1.,0.));
#7613=DIRECTION('',(0.,0.,-1.));
#7614=DIRECTION('center_axis',(-0.185168776217388,-0.982706733626139,0.));
#7615=DIRECTION('ref_axis',(0.,0.,-1.));
#7616=DIRECTION('',(-0.982706733626139,0.185168776217388,0.));
#7617=DIRECTION('',(0.,0.,-1.));
#7618=DIRECTION('center_axis',(0.991342203187439,-0.13130360307118,0.));
#7619=DIRECTION('ref_axis',(0.,0.,-1.));
#7620=DIRECTION('',(-0.13130360307118,-0.991342203187439,0.));
#7621=DIRECTION('',(0.,0.,-1.));
#7622=DIRECTION('',(0.,0.,-1.));
#7623=DIRECTION('',(0.,0.,-1.));
#7624=DIRECTION('',(0.,0.,-1.));
#7625=DIRECTION('',(0.,0.,-1.));
#7626=DIRECTION('center_axis',(-0.996586307440647,-0.0825574455867948,0.));
#7627=DIRECTION('ref_axis',(0.,0.,1.));
#7628=DIRECTION('',(-0.0825574455867948,0.996586307440647,0.));
#7629=DIRECTION('center_axis',(0.,0.,1.));
#7630=DIRECTION('ref_axis',(1.,0.,0.));
#7631=DIRECTION('',(-1.,0.,0.));
#7632=DIRECTION('',(0.,-1.,0.));
#7633=DIRECTION('',(1.,0.,0.));
#7634=DIRECTION('',(1.,0.,0.));
#7635=DIRECTION('',(0.,1.,0.));
#7636=DIRECTION('center_axis',(0.,-1.,0.));
#7637=DIRECTION('ref_axis',(0.,0.,-1.));
#7638=DIRECTION('',(0.,0.,-1.));
#7639=DIRECTION('',(-1.,0.,0.));
#7640=DIRECTION('',(0.,0.,-1.));
#7641=DIRECTION('',(0.,0.,-1.));
#7642=DIRECTION('center_axis',(-1.,0.,0.));
#7643=DIRECTION('ref_axis',(0.,0.,1.));
#7644=DIRECTION('',(0.,0.,-1.));
#7645=DIRECTION('',(0.,1.,0.));
#7646=DIRECTION('center_axis',(0.,1.,0.));
#7647=DIRECTION('ref_axis',(0.,0.,1.));
#7648=DIRECTION('',(0.,0.,-1.));
#7649=DIRECTION('',(1.,0.,0.));
#7650=DIRECTION('',(0.,0.,-1.));
#7651=DIRECTION('center_axis',(0.,-1.,0.));
#7652=DIRECTION('ref_axis',(0.,0.,-1.));
#7653=DIRECTION('',(-1.,0.,0.));
#7654=DIRECTION('',(0.,0.,-1.));
#7655=DIRECTION('center_axis',(1.,0.,0.));
#7656=DIRECTION('ref_axis',(0.,0.,-1.));
#7657=DIRECTION('',(0.,-1.,0.));
#7658=DIRECTION('center_axis',(0.,0.,1.));
#7659=DIRECTION('ref_axis',(1.,0.,0.));
#7660=DIRECTION('',(1.,0.,0.));
#7661=DIRECTION('center_axis',(0.,0.,-1.));
#7662=DIRECTION('ref_axis',(-1.,0.,0.));
#7663=DIRECTION('',(-8.79388578665494E-7,0.999999999999613,0.));
#7664=DIRECTION('center_axis',(0.,0.,-1.));
#7665=DIRECTION('ref_axis',(0.999999999999613,8.79388573811949E-7,0.));
#7666=DIRECTION('',(8.79388574157132E-7,-0.999999999999613,0.));
#7667=DIRECTION('center_axis',(0.,0.,-1.));
#7668=DIRECTION('ref_axis',(-1.,0.,0.));
#7669=DIRECTION('',(0.999999999999613,8.79388580926989E-7,0.));
#7670=DIRECTION('center_axis',(0.,0.,-1.));
#7671=DIRECTION('ref_axis',(8.79388573811938E-7,-0.999999999999613,0.));
#7672=DIRECTION('',(-0.999999999999613,-8.79388573559268E-7,0.));
#7673=DIRECTION('center_axis',(0.,0.,-1.));
#7674=DIRECTION('ref_axis',(-1.,0.,0.));
#7675=DIRECTION('center_axis',(0.,0.,-1.));
#7676=DIRECTION('ref_axis',(-1.,0.,0.));
#7677=DIRECTION('center_axis',(0.,0.,-1.));
#7678=DIRECTION('ref_axis',(-1.,0.,0.));
#7679=DIRECTION('',(0.,-1.,0.));
#7680=DIRECTION('center_axis',(0.,0.,-1.));
#7681=DIRECTION('ref_axis',(0.997183533758958,-0.0749999999999852,0.));
#7682=DIRECTION('',(-2.16883224910489E-15,1.,0.));
#7683=DIRECTION('center_axis',(0.,0.,-1.));
#7684=DIRECTION('ref_axis',(-1.,0.,0.));
#7685=DIRECTION('',(-1.,-2.93442468062717E-15,0.));
#7686=DIRECTION('center_axis',(0.,0.,-1.));
#7687=DIRECTION('ref_axis',(0.0750000000000088,0.997183533758956,0.));
#7688=DIRECTION('',(1.,0.,0.));
#7689=DIRECTION('center_axis',(0.,0.,-1.));
#7690=DIRECTION('ref_axis',(-1.,0.,0.));
#7691=DIRECTION('center_axis',(0.,0.,-1.));
#7692=DIRECTION('ref_axis',(0.,1.,0.));
#7693=DIRECTION('center_axis',(0.,0.,-1.));
#7694=DIRECTION('ref_axis',(0.,1.,0.));
#7695=DIRECTION('center_axis',(0.,0.,1.));
#7696=DIRECTION('ref_axis',(1.,0.,0.));
#7697=DIRECTION('center_axis',(0.,0.,1.));
#7698=DIRECTION('ref_axis',(1.,0.,0.));
#7699=DIRECTION('center_axis',(1.,0.,0.));
#7700=DIRECTION('ref_axis',(0.,-0.69151305578227,-0.722363962059756));
#7701=DIRECTION('center_axis',(1.,0.,0.));
#7702=DIRECTION('ref_axis',(0.,-0.999048221581858,-0.0436193873653353));
#7703=DIRECTION('',(1.,0.,0.));
#7704=DIRECTION('center_axis',(-1.,0.,0.));
#7705=DIRECTION('ref_axis',(0.,0.,-1.));
#7706=DIRECTION('',(-1.,0.,0.));
#7707=DIRECTION('center_axis',(1.48170762350492E-15,-1.,2.19336789250372E-30));
#7708=DIRECTION('ref_axis',(-0.999048221581858,-1.48029736616687E-15,-0.043619387365336));
#7709=DIRECTION('center_axis',(0.,0.,1.));
#7710=DIRECTION('ref_axis',(-0.707106781186547,-0.707106781186547,0.));
#7711=DIRECTION('center_axis',(0.0373510757229961,0.0373510757229962,-0.998603922626318));
#7712=DIRECTION('ref_axis',(-0.706119605408556,-0.706119605408556,-0.0528223978566856));
#7713=DIRECTION('center_axis',(-1.48170762350492E-15,-1.,2.19336789250372E-30));
#7714=DIRECTION('ref_axis',(-1.48029736616688E-15,0.,-1.));
#7715=DIRECTION('center_axis',(-0.0373510757229962,0.0373510757229961,-0.998603922626318));
#7716=DIRECTION('ref_axis',(0.706119605408556,-0.706119605408556,-0.0528223978566856));
#7717=DIRECTION('center_axis',(0.,0.,1.));
#7718=DIRECTION('ref_axis',(0.707106781186547,-0.707106781186547,0.));
#7719=DIRECTION('center_axis',(-7.40148683083438E-17,-1.,0.));
#7720=DIRECTION('ref_axis',(-0.69151305578227,0.,-0.722363962059756));
#7721=DIRECTION('center_axis',(0.,-1.,0.));
#7722=DIRECTION('ref_axis',(-0.999048221581858,0.,-0.0436193873653353));
#7723=DIRECTION('',(-7.40148683083438E-17,-1.,0.));
#7724=DIRECTION('',(7.40148683083438E-17,1.,0.));
#7725=DIRECTION('center_axis',(-1.48029736616688E-16,1.,0.));
#7726=DIRECTION('ref_axis',(0.69151305578227,0.,-0.722363962059756));
#7727=DIRECTION('center_axis',(-1.48170762350492E-15,-1.,0.));
#7728=DIRECTION('ref_axis',(0.,0.,-1.));
#7729=DIRECTION('',(1.48029736616688E-16,-1.,0.));
#7730=DIRECTION('',(-1.48029736616688E-16,1.,0.));
#7731=DIRECTION('center_axis',(-1.,-1.48170762350492E-15,2.19336789250372E-30));
#7732=DIRECTION('ref_axis',(-1.48029736616687E-15,0.999048221581858,-0.043619387365336));
#7733=DIRECTION('center_axis',(0.,0.,1.));
#7734=DIRECTION('ref_axis',(-0.707106781186547,0.707106781186547,0.));
#7735=DIRECTION('center_axis',(0.0373510757229962,-0.0373510757229961,-0.998603922626318));
#7736=DIRECTION('ref_axis',(-0.706119605408556,0.706119605408556,-0.0528223978566856));
#7737=DIRECTION('center_axis',(1.,0.,0.));
#7738=DIRECTION('ref_axis',(0.,-1.48029736616688E-15,-1.));
#7739=DIRECTION('center_axis',(-0.0373510757229959,-0.0373510757229964,
-0.998603922626318));
#7740=DIRECTION('ref_axis',(0.706119605408556,0.706119605408556,-0.0528223978566856));
#7741=DIRECTION('center_axis',(0.,0.,1.));
#7742=DIRECTION('ref_axis',(0.707106781186547,0.707106781186547,0.));
#7743=DIRECTION('center_axis',(-1.,0.,0.));
#7744=DIRECTION('ref_axis',(0.,0.69151305578227,-0.722363962059756));
#7745=DIRECTION('',(1.,0.,0.));
#7746=DIRECTION('',(-1.,0.,0.));
#7747=DIRECTION('center_axis',(0.0435779502517476,-0.0435779502517476,-0.99809915564723));
#7748=DIRECTION('ref_axis',(-0.705762681254723,0.705762681254723,-0.0616285282664416));
#7749=DIRECTION('',(-0.0435779502517476,0.0435779502517476,0.99809915564723));
#7750=DIRECTION('center_axis',(0.,0.,-1.));
#7751=DIRECTION('ref_axis',(-0.707106781186548,0.707106781186548,0.));
#7752=DIRECTION('',(0.0435779502517476,-0.0435779502517476,-0.99809915564723));
#7753=DIRECTION('center_axis',(-0.999048221581858,7.39444225540663E-17,
-0.0436193873653359));
#7754=DIRECTION('ref_axis',(7.40148683083438E-17,1.,0.));
#7755=DIRECTION('',(0.0435779502517476,0.0435779502517476,-0.99809915564723));
#7756=DIRECTION('',(7.40148683083438E-17,1.,0.));
#7757=DIRECTION('center_axis',(0.0435779502517476,0.0435779502517476,-0.99809915564723));
#7758=DIRECTION('ref_axis',(-0.705762681254723,-0.705762681254723,-0.0616285282664415));
#7759=DIRECTION('',(-0.0435779502517476,-0.0435779502517476,0.99809915564723));
#7760=DIRECTION('center_axis',(0.,0.,-1.));
#7761=DIRECTION('ref_axis',(-0.707106781186548,-0.707106781186548,0.));
#7762=DIRECTION('center_axis',(0.,-0.999048221581858,-0.0436193873653359));
#7763=DIRECTION('ref_axis',(-1.,0.,0.));
#7764=DIRECTION('',(-0.0435779502517476,0.0435779502517476,-0.99809915564723));
#7765=DIRECTION('',(-1.,0.,0.));
#7766=DIRECTION('center_axis',(0.,0.,1.));
#7767=DIRECTION('ref_axis',(1.,0.,0.));
#7768=DIRECTION('center_axis',(0.,0.,1.));
#7769=DIRECTION('ref_axis',(0.,1.,0.));
#7770=DIRECTION('center_axis',(0.,0.,-1.));
#7771=DIRECTION('ref_axis',(0.,1.,0.));
#7772=DIRECTION('center_axis',(0.,0.,-1.));
#7773=DIRECTION('ref_axis',(0.,1.,0.));
#7774=DIRECTION('',(2.13730336808379E-18,0.0174524064372835,-0.999847695156391));
#7775=DIRECTION('center_axis',(0.,0.,-1.));
#7776=DIRECTION('ref_axis',(0.,1.,0.));
#7777=DIRECTION('center_axis',(0.,0.,-1.));
#7778=DIRECTION('ref_axis',(0.,1.,0.));
#7779=DIRECTION('center_axis',(0.,0.,-1.));
#7780=DIRECTION('ref_axis',(0.,1.,0.));
#7781=DIRECTION('center_axis',(0.,0.,-1.));
#7782=DIRECTION('ref_axis',(0.,1.,0.));
#7783=DIRECTION('',(2.13730336808379E-18,0.0174524064372835,0.999847695156391));
#7784=DIRECTION('center_axis',(0.,0.,-1.));
#7785=DIRECTION('ref_axis',(0.,1.,0.));
#7786=DIRECTION('center_axis',(0.,0.,-1.));
#7787=DIRECTION('ref_axis',(0.,1.,0.));
#7788=DIRECTION('center_axis',(0.,0.,1.));
#7789=DIRECTION('ref_axis',(0.,-1.,0.));
#7790=DIRECTION('center_axis',(0.,0.,1.));
#7791=DIRECTION('ref_axis',(0.,1.,0.));
#7792=DIRECTION('center_axis',(0.,0.,-1.));
#7793=DIRECTION('ref_axis',(0.,1.,0.));
#7794=DIRECTION('center_axis',(0.,0.,-1.));
#7795=DIRECTION('ref_axis',(0.,1.,0.));
#7796=DIRECTION('',(2.13730336808379E-18,0.0174524064372835,-0.999847695156391));
#7797=DIRECTION('center_axis',(0.,0.,-1.));
#7798=DIRECTION('ref_axis',(0.,1.,0.));
#7799=DIRECTION('center_axis',(0.,0.,-1.));
#7800=DIRECTION('ref_axis',(0.,1.,0.));
#7801=DIRECTION('center_axis',(0.,0.,-1.));
#7802=DIRECTION('ref_axis',(0.,1.,0.));
#7803=DIRECTION('center_axis',(0.,0.,-1.));
#7804=DIRECTION('ref_axis',(0.,1.,0.));
#7805=DIRECTION('',(2.13730336808379E-18,0.0174524064372835,0.999847695156391));
#7806=DIRECTION('center_axis',(0.,0.,-1.));
#7807=DIRECTION('ref_axis',(0.,1.,0.));
#7808=DIRECTION('center_axis',(0.,0.,-1.));
#7809=DIRECTION('ref_axis',(0.,1.,0.));
#7810=DIRECTION('center_axis',(0.,0.,1.));
#7811=DIRECTION('ref_axis',(0.,-1.,0.));
#7812=DIRECTION('center_axis',(0.,0.,1.));
#7813=DIRECTION('ref_axis',(1.,0.,0.));
#7814=DIRECTION('center_axis',(0.,0.,1.));
#7815=DIRECTION('ref_axis',(-1.,0.,0.));
#7816=DIRECTION('center_axis',(0.,0.,1.));
#7817=DIRECTION('ref_axis',(1.,0.,0.));
#7818=DIRECTION('center_axis',(0.,0.,1.));
#7819=DIRECTION('ref_axis',(-1.,0.,0.));
#7820=DIRECTION('center_axis',(0.,0.,-1.));
#7821=DIRECTION('ref_axis',(-1.,0.,0.));
#7822=DIRECTION('center_axis',(0.,0.,-1.));
#7823=DIRECTION('ref_axis',(-1.,0.,0.));
#7824=DIRECTION('',(0.0174524064372835,2.13730336808379E-18,-0.999847695156391));
#7825=DIRECTION('center_axis',(0.,0.,1.));
#7826=DIRECTION('ref_axis',(-1.,0.,0.));
#7827=DIRECTION('center_axis',(0.,0.,1.));
#7828=DIRECTION('ref_axis',(-1.,0.,0.));
#7829=DIRECTION('center_axis',(2.93397775353511E-15,-0.999847695156391,
0.0174524064372839));
#7830=DIRECTION('ref_axis',(1.,2.93442468062717E-15,0.));
#7831=DIRECTION('',(-1.,-2.93442468062717E-15,0.));
#7832=DIRECTION('',(0.,0.017452406437285,0.999847695156391));
#7833=DIRECTION('center_axis',(0.,0.999847695156391,0.0174524064372827));
#7834=DIRECTION('ref_axis',(-1.,0.,0.));
#7835=DIRECTION('',(1.,0.,0.));
#7836=DIRECTION('center_axis',(0.,0.,-1.));
#7837=DIRECTION('ref_axis',(-0.999223304444143,0.0394054292671401,0.));
#7838=DIRECTION('center_axis',(0.,0.,-1.));
#7839=DIRECTION('ref_axis',(0.0750000000000088,0.997183533758956,0.));
#7840=DIRECTION('center_axis',(0.,0.,1.));
#7841=DIRECTION('ref_axis',(1.,0.,0.));
#7842=DIRECTION('center_axis',(-8.79254645786699E-7,0.999847695156005,0.0174524064372844));
#7843=DIRECTION('ref_axis',(-0.999999999999613,-8.79388580926989E-7,0.));
#7844=DIRECTION('',(0.999999999999613,8.79388580926989E-7,0.));
#7845=DIRECTION('',(1.53474469300051E-8,-0.0174524064372772,0.999847695156391));
#7846=DIRECTION('center_axis',(0.,0.,1.));
#7847=DIRECTION('ref_axis',(1.,0.,0.));
#7848=DIRECTION('center_axis',(0.,0.,1.));
#7849=DIRECTION('ref_axis',(-1.,0.,0.));
#7850=DIRECTION('',(-0.999999999999613,-8.79388573559268E-7,0.));
#7851=DIRECTION('center_axis',(0.,0.,-1.));
#7852=DIRECTION('ref_axis',(8.79388573811938E-7,-0.999999999999613,0.));
#7853=DIRECTION('center_axis',(0.,0.,1.));
#7854=DIRECTION('ref_axis',(-1.,0.,0.));
#7855=DIRECTION('center_axis',(8.79254638420101E-7,-0.999847695156005,0.0174524064372839));
#7856=DIRECTION('ref_axis',(0.999999999999613,8.79388573559268E-7,0.));
#7857=DIRECTION('',(-1.53474469300051E-8,0.0174524064372772,0.999847695156391));
#7858=DIRECTION('center_axis',(0.,0.,-1.));
#7859=DIRECTION('ref_axis',(8.79388573811938E-7,-0.999999999999613,0.));
#7860=DIRECTION('center_axis',(-0.999847695156005,-8.79254643525549E-7,
0.0174524064372843));
#7861=DIRECTION('ref_axis',(8.79388578665494E-7,-0.999999999999613,0.));
#7862=DIRECTION('',(-8.79388578665494E-7,0.999999999999613,0.));
#7863=DIRECTION('',(0.0174524064372772,1.53474469300051E-8,0.999847695156391));
#7864=DIRECTION('center_axis',(0.999847695156005,8.79254639017874E-7,0.0174524064372839));
#7865=DIRECTION('ref_axis',(-8.79388574157132E-7,0.999999999999613,0.));
#7866=DIRECTION('',(-0.0174524064372772,-1.53474469300051E-8,0.999847695156391));
#7867=DIRECTION('',(8.79388574157132E-7,-0.999999999999613,0.));
#7868=DIRECTION('center_axis',(0.,0.,-1.));
#7869=DIRECTION('ref_axis',(0.999999999999613,8.79388573811949E-7,0.));
#7870=DIRECTION('center_axis',(0.,0.,-1.));
#7871=DIRECTION('ref_axis',(0.999999999999613,8.79388573811949E-7,0.));
#7872=DIRECTION('center_axis',(0.,0.,1.));
#7873=DIRECTION('ref_axis',(1.,0.,0.));
#7874=DIRECTION('center_axis',(0.,0.,1.));
#7875=DIRECTION('ref_axis',(-1.,0.,0.));
#7876=DIRECTION('center_axis',(0.999847695156391,0.,0.0174524064372838));
#7877=DIRECTION('ref_axis',(0.,1.,0.));
#7878=DIRECTION('',(0.,-1.,0.));
#7879=DIRECTION('center_axis',(0.,0.,-1.));
#7880=DIRECTION('ref_axis',(-2.42861286636753E-15,-1.,0.));
#7881=DIRECTION('center_axis',(0.,0.,-1.));
#7882=DIRECTION('ref_axis',(0.997183533758958,-0.0749999999999852,0.));
#7883=DIRECTION('center_axis',(-0.999847695156391,-2.16850192544838E-15,
0.0174524064372838));
#7884=DIRECTION('ref_axis',(2.16883224910489E-15,-1.,0.));
#7885=DIRECTION('',(-2.16883224910489E-15,1.,0.));
#7886=DIRECTION('center_axis',(0.,0.,1.));
#7887=DIRECTION('ref_axis',(1.,0.,0.));
#7888=DIRECTION('center_axis',(0.,0.,1.));
#7889=DIRECTION('ref_axis',(1.,0.,0.));
#7890=DIRECTION('center_axis',(0.,0.,1.));
#7891=DIRECTION('ref_axis',(1.,0.,0.));
#7892=DIRECTION('center_axis',(0.,0.,-1.));
#7893=DIRECTION('ref_axis',(1.,0.,0.));
#7894=DIRECTION('center_axis',(0.,0.,-1.));
#7895=DIRECTION('ref_axis',(1.,0.,0.));
#7896=DIRECTION('',(0.656059028990507,8.03440589904946E-17,-0.754709580222772));
#7897=DIRECTION('center_axis',(0.,0.,1.));
#7898=DIRECTION('ref_axis',(1.,0.,0.));
#7899=DIRECTION('center_axis',(0.,0.,1.));
#7900=DIRECTION('ref_axis',(1.,0.,0.));
#7901=DIRECTION('center_axis',(0.,0.,1.));
#7902=DIRECTION('ref_axis',(1.,0.,0.));
#7903=DIRECTION('',(0.,0.,-1.));
#7904=DIRECTION('center_axis',(0.,0.,1.));
#7905=DIRECTION('ref_axis',(1.,0.,0.));
#7906=DIRECTION('center_axis',(0.,0.,1.));
#7907=DIRECTION('ref_axis',(1.,0.,0.));
#7908=DIRECTION('center_axis',(0.,0.,1.));
#7909=DIRECTION('ref_axis',(1.,0.,0.));
#7910=DIRECTION('center_axis',(0.,0.,1.));
#7911=DIRECTION('ref_axis',(1.,0.,0.));
#7912=DIRECTION('center_axis',(0.,0.,-1.));
#7913=DIRECTION('ref_axis',(1.,0.,0.));
#7914=DIRECTION('center_axis',(0.,0.,-1.));
#7915=DIRECTION('ref_axis',(1.,0.,0.));
#7916=DIRECTION('',(0.656059028990507,8.03440589904946E-17,-0.754709580222772));
#7917=DIRECTION('center_axis',(0.,0.,1.));
#7918=DIRECTION('ref_axis',(1.,0.,0.));
#7919=DIRECTION('center_axis',(0.,0.,1.));
#7920=DIRECTION('ref_axis',(1.,0.,0.));
#7921=DIRECTION('center_axis',(0.,0.,1.));
#7922=DIRECTION('ref_axis',(1.,0.,0.));
#7923=DIRECTION('',(0.,0.,-1.));
#7924=DIRECTION('center_axis',(0.,0.,1.));
#7925=DIRECTION('ref_axis',(1.,0.,0.));
#7926=DIRECTION('center_axis',(0.,0.,1.));
#7927=DIRECTION('ref_axis',(1.,0.,0.));
#7928=DIRECTION('center_axis',(0.,0.,1.));
#7929=DIRECTION('ref_axis',(1.,0.,0.));
#7930=DIRECTION('center_axis',(0.,0.,-1.));
#7931=DIRECTION('ref_axis',(-1.,0.,0.));
#7932=DIRECTION('center_axis',(0.,0.,-1.));
#7933=DIRECTION('ref_axis',(-1.,0.,0.));
#7934=DIRECTION('center_axis',(0.,0.,-1.));
#7935=DIRECTION('ref_axis',(-1.,0.,0.));
#7936=DIRECTION('',(0.0174524064372835,2.13730336808379E-18,-0.999847695156391));
#7937=DIRECTION('center_axis',(0.,0.,-1.));
#7938=DIRECTION('ref_axis',(-1.,0.,0.));
#7939=DIRECTION('center_axis',(-1.,0.,0.));
#7940=DIRECTION('ref_axis',(0.,0.691513055782268,-0.722363962059757));
#7941=DIRECTION('center_axis',(-1.,0.,0.));
#7942=DIRECTION('ref_axis',(0.,0.999048221581858,-0.0436193873653365));
#7943=DIRECTION('center_axis',(-0.999048221581858,0.,-0.0436193873653361));
#7944=DIRECTION('ref_axis',(0.,1.,0.));
#7945=DIRECTION('',(0.0436193873653361,0.,-0.999048221581858));
#7946=DIRECTION('',(0.,1.,0.));
#7947=DIRECTION('center_axis',(-0.0435779502517476,0.0435779502517476,-0.99809915564723));
#7948=DIRECTION('ref_axis',(0.705762681254723,-0.705762681254723,-0.0616285282664415));
#7949=DIRECTION('',(0.0435779502517476,-0.0435779502517476,0.99809915564723));
#7950=DIRECTION('center_axis',(0.,0.,-1.));
#7951=DIRECTION('ref_axis',(0.707106781186548,-0.707106781186548,0.));
#7952=DIRECTION('center_axis',(-0.0435779502517476,-0.0435779502517476,
-0.99809915564723));
#7953=DIRECTION('ref_axis',(0.705762681254723,0.705762681254723,-0.0616285282664415));
#7954=DIRECTION('',(0.0435779502517476,0.0435779502517476,0.99809915564723));
#7955=DIRECTION('center_axis',(0.,0.,-1.));
#7956=DIRECTION('ref_axis',(0.707106781186548,0.707106781186548,0.));
#7957=DIRECTION('',(-0.0435779502517476,-0.0435779502517476,-0.99809915564723));
#7958=DIRECTION('center_axis',(0.,0.999048221581858,-0.0436193873653359));
#7959=DIRECTION('ref_axis',(1.,0.,0.));
#7960=DIRECTION('',(1.,0.,0.));
#7961=DIRECTION('center_axis',(0.999048221581858,1.47888845108133E-16,-0.0436193873653359));
#7962=DIRECTION('ref_axis',(1.48029736616688E-16,-1.,0.));
#7963=DIRECTION('',(1.48029736616688E-16,-1.,0.));
#7964=DIRECTION('center_axis',(0.,0.,1.));
#7965=DIRECTION('ref_axis',(1.,0.,0.));
#7966=DIRECTION('axis',(0.,0.,1.));
#7967=DIRECTION('refdir',(1.,0.,0.));
#7968=DIRECTION('center_axis',(0.,0.,1.));
#7969=DIRECTION('ref_axis',(1.,0.,0.));
#7970=DIRECTION('center_axis',(0.,0.,1.));
#7971=DIRECTION('ref_axis',(0.868658667634394,-0.495411060780479,0.));
#7972=DIRECTION('center_axis',(-0.309761701069374,-0.950814223994681,0.));
#7973=DIRECTION('ref_axis',(0.950814223994681,-0.309761701069374,0.));
#7974=DIRECTION('center_axis',(0.,0.,-1.));
#7975=DIRECTION('ref_axis',(0.868658667634394,-0.495411060780479,0.));
#7976=DIRECTION('center_axis',(0.,0.,-1.));
#7977=DIRECTION('ref_axis',(-1.,0.,0.));
#7978=DIRECTION('center_axis',(0.,-1.,0.));
#7979=DIRECTION('ref_axis',(1.,0.,0.));
#7980=DIRECTION('center_axis',(0.,0.,-1.));
#7981=DIRECTION('ref_axis',(0.98762701056489,-0.156821197555238,0.));
#7982=DIRECTION('center_axis',(0.,0.,1.));
#7983=DIRECTION('ref_axis',(0.98762701056489,-0.156821197555238,0.));
#7984=DIRECTION('center_axis',(0.,1.,0.));
#7985=DIRECTION('ref_axis',(0.707106781186546,0.,0.707106781186549));
#7986=DIRECTION('center_axis',(0.,-1.,0.));
#7987=DIRECTION('ref_axis',(1.,0.,0.));
#7988=DIRECTION('',(0.,-1.,0.));
#7989=DIRECTION('',(0.,1.,0.));
#7990=DIRECTION('center_axis',(0.,0.,-1.));
#7991=DIRECTION('ref_axis',(-1.,0.,0.));
#7992=DIRECTION('center_axis',(0.309761701069369,-0.950814223994683,0.));
#7993=DIRECTION('ref_axis',(0.950814223994683,0.309761701069369,0.));
#7994=DIRECTION('center_axis',(0.,0.,-1.));
#7995=DIRECTION('ref_axis',(0.98762701056489,0.156821197555238,0.));
#7996=DIRECTION('center_axis',(0.,0.,1.));
#7997=DIRECTION('ref_axis',(0.98762701056489,0.156821197555238,0.));
#7998=DIRECTION('center_axis',(0.,0.,1.));
#7999=DIRECTION('ref_axis',(1.,0.,0.));
#8000=DIRECTION('center_axis',(0.,0.,-1.));
#8001=DIRECTION('ref_axis',(0.868658667634394,0.495411060780479,0.));
#8002=DIRECTION('center_axis',(0.,0.,1.));
#8003=DIRECTION('ref_axis',(0.868658667634394,0.495411060780479,0.));
#8004=DIRECTION('center_axis',(0.,0.,-1.));
#8005=DIRECTION('ref_axis',(0.98762701056489,0.156821197555238,0.));
#8006=DIRECTION('',(0.,0.,-1.));
#8007=DIRECTION('center_axis',(0.,0.,-1.));
#8008=DIRECTION('ref_axis',(0.98762701056489,0.156821197555238,0.));
#8009=DIRECTION('',(0.,0.,1.));
#8010=DIRECTION('center_axis',(-1.,0.,0.));
#8011=DIRECTION('ref_axis',(0.,0.,1.));
#8012=DIRECTION('',(0.,0.,1.));
#8013=DIRECTION('',(0.,-1.,0.));
#8014=DIRECTION('center_axis',(0.,0.,1.));
#8015=DIRECTION('ref_axis',(0.98762701056489,-0.156821197555238,0.));
#8016=DIRECTION('',(0.,0.,-1.));
#8017=DIRECTION('center_axis',(0.,0.,-1.));
#8018=DIRECTION('ref_axis',(0.98762701056489,-0.156821197555238,0.));
#8019=DIRECTION('center_axis',(0.,0.,-1.));
#8020=DIRECTION('ref_axis',(0.750701153007167,-0.660641944531007,0.));
#8021=DIRECTION('',(0.,0.,-1.));
#8022=DIRECTION('center_axis',(0.,0.,-1.));
#8023=DIRECTION('ref_axis',(0.868658667634394,-0.495411060780479,0.));
#8024=DIRECTION('center_axis',(0.,0.,1.));
#8025=DIRECTION('ref_axis',(0.707106781186548,-0.707106781186548,0.));
#8026=DIRECTION('center_axis',(0.,0.,-1.));
#8027=DIRECTION('ref_axis',(0.707106781186548,-0.707106781186548,0.));
#8028=DIRECTION('',(0.,0.,-1.));
#8029=DIRECTION('center_axis',(0.,0.,-1.));
#8030=DIRECTION('ref_axis',(0.411921142616516,-0.911219497303204,0.));
#8031=DIRECTION('center_axis',(0.,0.,1.));
#8032=DIRECTION('ref_axis',(1.,0.,0.));
#8033=DIRECTION('center_axis',(0.,0.,-1.));
#8034=DIRECTION('ref_axis',(-0.868658667634393,-0.49541106078048,0.));
#8035=DIRECTION('center_axis',(0.309761701069372,-0.950814223994682,0.));
#8036=DIRECTION('ref_axis',(0.,0.,1.));
#8037=DIRECTION('center_axis',(0.,0.,1.));
#8038=DIRECTION('ref_axis',(-0.868658667634393,-0.49541106078048,0.));
#8039=DIRECTION('center_axis',(0.,0.,-1.));
#8040=DIRECTION('ref_axis',(-1.,0.,0.));
#8041=DIRECTION('center_axis',(0.,-1.,0.));
#8042=DIRECTION('ref_axis',(0.,0.,1.));
#8043=DIRECTION('center_axis',(0.,0.,1.));
#8044=DIRECTION('ref_axis',(-0.98762701056489,-0.156821197555238,0.));
#8045=DIRECTION('center_axis',(0.,0.,-1.));
#8046=DIRECTION('ref_axis',(-0.98762701056489,-0.156821197555238,0.));
#8047=DIRECTION('center_axis',(0.,-1.,0.));
#8048=DIRECTION('ref_axis',(-0.707106781186546,0.,0.707106781186549));
#8049=DIRECTION('center_axis',(0.,-1.,0.));
#8050=DIRECTION('ref_axis',(0.,0.,1.));
#8051=DIRECTION('',(0.,-1.,0.));
#8052=DIRECTION('',(0.,1.,0.));
#8053=DIRECTION('center_axis',(0.,0.,-1.));
#8054=DIRECTION('ref_axis',(-1.,0.,0.));
#8055=DIRECTION('center_axis',(-0.309761701069375,-0.950814223994681,0.));
#8056=DIRECTION('ref_axis',(0.,0.,1.));
#8057=DIRECTION('center_axis',(0.,0.,1.));
#8058=DIRECTION('ref_axis',(-0.98762701056489,0.156821197555239,0.));
#8059=DIRECTION('center_axis',(0.,0.,-1.));
#8060=DIRECTION('ref_axis',(-0.98762701056489,0.156821197555239,0.));
#8061=DIRECTION('center_axis',(0.,0.,1.));
#8062=DIRECTION('ref_axis',(1.,0.,0.));
#8063=DIRECTION('center_axis',(0.,0.,1.));
#8064=DIRECTION('ref_axis',(-0.868658667634393,0.49541106078048,0.));
#8065=DIRECTION('center_axis',(0.,0.,-1.));
#8066=DIRECTION('ref_axis',(-0.868658667634393,0.49541106078048,0.));
#8067=DIRECTION('center_axis',(0.,0.,1.));
#8068=DIRECTION('ref_axis',(1.,0.,0.));
#8069=DIRECTION('center_axis',(0.,0.,-1.));
#8070=DIRECTION('ref_axis',(0.707106781186548,0.707106781186548,0.));
#8071=DIRECTION('',(1.,0.,0.));
#8072=DIRECTION('center_axis',(0.,0.,-1.));
#8073=DIRECTION('ref_axis',(-0.707106781186548,0.707106781186547,0.));
#8074=DIRECTION('center_axis',(0.,0.,-1.));
#8075=DIRECTION('ref_axis',(-0.707106781186547,-0.707106781186548,0.));
#8076=DIRECTION('',(-1.,0.,0.));
#8077=DIRECTION('',(3.70074341541719E-16,-1.,0.));
#8078=DIRECTION('center_axis',(0.,0.,1.));
#8079=DIRECTION('ref_axis',(0.,1.,0.));
#8080=DIRECTION('',(0.,1.,0.));
#8081=DIRECTION('center_axis',(0.,0.,1.));
#8082=DIRECTION('ref_axis',(0.,-1.,0.));
#8083=DIRECTION('',(8.3790416952842E-17,-1.,0.));
#8084=DIRECTION('center_axis',(0.,0.,-1.));
#8085=DIRECTION('ref_axis',(0.,1.,0.));
#8086=DIRECTION('',(-1.,-1.67580833905684E-16,0.));
#8087=DIRECTION('center_axis',(0.,0.,-1.));
#8088=DIRECTION('ref_axis',(1.,-3.17206578464331E-15,0.));
#8089=DIRECTION('',(-1.67580833905684E-16,1.,0.));
#8090=DIRECTION('center_axis',(0.,0.,-1.));
#8091=DIRECTION('ref_axis',(0.,-1.,0.));
#8092=DIRECTION('',(1.,1.67580833905684E-16,0.));
#8093=DIRECTION('center_axis',(0.,0.,-1.));
#8094=DIRECTION('ref_axis',(-1.,0.,0.));
#8095=DIRECTION('',(0.,-1.,0.));
#8096=DIRECTION('center_axis',(0.,0.,1.));
#8097=DIRECTION('ref_axis',(0.,1.,0.));
#8098=DIRECTION('',(0.,1.,0.));
#8099=DIRECTION('center_axis',(0.,0.,1.));
#8100=DIRECTION('ref_axis',(0.,-1.,0.));
#8101=DIRECTION('center_axis',(0.,0.,1.));
#8102=DIRECTION('ref_axis',(-0.707106781186547,-0.707106781186548,0.));
#8103=DIRECTION('',(0.,0.,-1.));
#8104=DIRECTION('center_axis',(0.,0.,-1.));
#8105=DIRECTION('ref_axis',(-0.411921142616515,-0.911219497303204,0.));
#8106=DIRECTION('',(0.,0.,1.));
#8107=DIRECTION('center_axis',(0.,0.,-1.));
#8108=DIRECTION('ref_axis',(-0.750701153007167,0.660641944531007,0.));
#8109=DIRECTION('',(0.,0.,1.));
#8110=DIRECTION('center_axis',(0.,0.,-1.));
#8111=DIRECTION('ref_axis',(-0.868658667634393,-0.49541106078048,0.));
#8112=DIRECTION('center_axis',(0.,0.,1.));
#8113=DIRECTION('ref_axis',(1.,0.,0.));
#8114=DIRECTION('center_axis',(0.309761701069369,0.950814223994683,0.));
#8115=DIRECTION('ref_axis',(0.950814223994683,-0.309761701069369,0.));
#8116=DIRECTION('center_axis',(0.,0.,1.));
#8117=DIRECTION('ref_axis',(0.98762701056489,-0.156821197555238,0.));
#8118=DIRECTION('center_axis',(0.,-1.,0.));
#8119=DIRECTION('ref_axis',(0.,0.,-1.));
#8120=DIRECTION('center_axis',(0.,0.,1.));
#8121=DIRECTION('ref_axis',(1.,0.,0.));
#8122=DIRECTION('center_axis',(0.660641944531005,0.750701153007169,0.));
#8123=DIRECTION('ref_axis',(0.750701153007168,-0.660641944531005,0.));
#8124=DIRECTION('center_axis',(0.,0.,1.));
#8125=DIRECTION('ref_axis',(0.868658667634394,-0.495411060780479,0.));
#8126=DIRECTION('center_axis',(0.,-1.,0.));
#8127=DIRECTION('ref_axis',(0.707106781186546,0.,-0.707106781186549));
#8128=DIRECTION('center_axis',(0.,-1.,0.));
#8129=DIRECTION('ref_axis',(0.,0.,-1.));
#8130=DIRECTION('',(0.,1.,0.));
#8131=DIRECTION('center_axis',(0.,0.,1.));
#8132=DIRECTION('ref_axis',(1.,0.,0.));
#8133=DIRECTION('center_axis',(1.,0.,0.));
#8134=DIRECTION('ref_axis',(0.,-1.,0.));
#8135=DIRECTION('center_axis',(0.,0.,1.));
#8136=DIRECTION('ref_axis',(0.411921142616516,-0.911219497303204,0.));
#8137=DIRECTION('center_axis',(0.,0.,1.));
#8138=DIRECTION('ref_axis',(1.,0.,0.));
#8139=DIRECTION('center_axis',(0.309761701069369,-0.950814223994683,0.));
#8140=DIRECTION('ref_axis',(0.,0.,-1.));
#8141=DIRECTION('center_axis',(0.,0.,1.));
#8142=DIRECTION('ref_axis',(0.98762701056489,0.156821197555238,0.));
#8143=DIRECTION('center_axis',(-1.,0.,0.));
#8144=DIRECTION('ref_axis',(0.,-0.707106781186546,-0.707106781186549));
#8145=DIRECTION('center_axis',(1.,0.,0.));
#8146=DIRECTION('ref_axis',(0.,-1.,0.));
#8147=DIRECTION('',(1.,0.,0.));
#8148=DIRECTION('',(-1.,0.,0.));
#8149=DIRECTION('center_axis',(0.,0.,1.));
#8150=DIRECTION('ref_axis',(1.,0.,0.));
#8151=DIRECTION('center_axis',(0.660641944531006,-0.750701153007168,0.));
#8152=DIRECTION('ref_axis',(0.,0.,-1.));
#8153=DIRECTION('center_axis',(0.,0.,-1.));
#8154=DIRECTION('ref_axis',(0.868658667634394,0.495411060780479,0.));
#8155=DIRECTION('center_axis',(0.,0.,1.));
#8156=DIRECTION('ref_axis',(0.868658667634394,0.495411060780479,0.));
#8157=DIRECTION('center_axis',(0.,0.,1.));
#8158=DIRECTION('ref_axis',(1.,0.,0.));
#8159=DIRECTION('center_axis',(0.660641944531006,-0.750701153007168,0.));
#8160=DIRECTION('ref_axis',(-0.750701153007168,-0.660641944531006,-2.77555756156293E-16));
#8161=DIRECTION('center_axis',(0.,0.,1.));
#8162=DIRECTION('ref_axis',(-0.411921142616515,-0.911219497303204,0.));
#8163=DIRECTION('center_axis',(0.,0.,1.));
#8164=DIRECTION('ref_axis',(1.,0.,0.));
#8165=DIRECTION('center_axis',(1.,0.,0.));
#8166=DIRECTION('ref_axis',(0.,0.,-1.));
#8167=DIRECTION('center_axis',(0.,0.,-1.));
#8168=DIRECTION('ref_axis',(0.411921142616516,0.911219497303204,0.));
#8169=DIRECTION('center_axis',(0.,0.,1.));
#8170=DIRECTION('ref_axis',(0.411921142616516,0.911219497303204,0.));
#8171=DIRECTION('center_axis',(0.,0.,1.));
#8172=DIRECTION('ref_axis',(1.,0.,0.));
#8173=DIRECTION('center_axis',(0.309761701069372,-0.950814223994682,0.));
#8174=DIRECTION('ref_axis',(-0.950814223994682,-0.309761701069372,0.));
#8175=DIRECTION('center_axis',(0.,0.,1.));
#8176=DIRECTION('ref_axis',(-0.868658667634393,-0.49541106078048,0.));
#8177=DIRECTION('center_axis',(1.,0.,0.));
#8178=DIRECTION('ref_axis',(0.,0.707106781186546,-0.707106781186549));
#8179=DIRECTION('center_axis',(1.,0.,0.));
#8180=DIRECTION('ref_axis',(0.,0.,-1.));
#8181=DIRECTION('',(1.,0.,0.));
#8182=DIRECTION('',(-1.,0.,0.));
#8183=DIRECTION('center_axis',(0.,0.,1.));
#8184=DIRECTION('ref_axis',(1.,0.,0.));
#8185=DIRECTION('center_axis',(0.,-1.,0.));
#8186=DIRECTION('ref_axis',(-1.,0.,0.));
#8187=DIRECTION('center_axis',(0.,0.,1.));
#8188=DIRECTION('ref_axis',(-0.98762701056489,-0.156821197555238,0.));
#8189=DIRECTION('center_axis',(0.,0.,-1.));
#8190=DIRECTION('ref_axis',(-0.98762701056489,-0.156821197555238,0.));
#8191=DIRECTION('center_axis',(0.,0.,1.));
#8192=DIRECTION('ref_axis',(1.,0.,0.));
#8193=DIRECTION('center_axis',(0.660641944531006,0.750701153007168,0.));
#8194=DIRECTION('ref_axis',(0.,0.,-1.));
#8195=DIRECTION('center_axis',(0.,0.,-1.));
#8196=DIRECTION('ref_axis',(-0.411921142616517,0.911219497303204,0.));
#8197=DIRECTION('center_axis',(0.,0.,1.));
#8198=DIRECTION('ref_axis',(-0.411921142616517,0.911219497303204,0.));
#8199=DIRECTION('center_axis',(0.,1.,0.));
#8200=DIRECTION('ref_axis',(-0.707106781186546,0.,-0.707106781186549));
#8201=DIRECTION('center_axis',(0.,-1.,0.));
#8202=DIRECTION('ref_axis',(-1.,0.,0.));
#8203=DIRECTION('',(0.,-1.,0.));
#8204=DIRECTION('',(0.,1.,0.));
#8205=DIRECTION('center_axis',(0.,0.,1.));
#8206=DIRECTION('ref_axis',(1.,0.,0.));
#8207=DIRECTION('center_axis',(0.309761701069379,0.95081422399468,0.));
#8208=DIRECTION('ref_axis',(0.,0.,-1.));
#8209=DIRECTION('center_axis',(0.,0.,-1.));
#8210=DIRECTION('ref_axis',(-0.868658667634393,0.49541106078048,0.));
#8211=DIRECTION('center_axis',(0.,0.,1.));
#8212=DIRECTION('ref_axis',(-0.868658667634393,0.49541106078048,0.));
#8213=DIRECTION('center_axis',(0.,0.,1.));
#8214=DIRECTION('ref_axis',(1.,0.,0.));
#8215=DIRECTION('center_axis',(0.,0.,-1.));
#8216=DIRECTION('ref_axis',(-0.98762701056489,0.156821197555239,0.));
#8217=DIRECTION('center_axis',(0.,0.,1.));
#8218=DIRECTION('ref_axis',(-0.98762701056489,0.156821197555239,0.));
#8219=DIRECTION('center_axis',(1.,0.,0.));
#8220=DIRECTION('ref_axis',(0.,0.,-1.));
#8221=DIRECTION('',(0.,0.,1.));
#8222=DIRECTION('',(0.,0.,-1.));
#8223=DIRECTION('center_axis',(0.,0.,-1.));
#8224=DIRECTION('ref_axis',(-0.98762701056489,-0.156821197555238,0.));
#8225=DIRECTION('center_axis',(0.,-1.,0.));
#8226=DIRECTION('ref_axis',(0.,0.,-1.));
#8227=DIRECTION('center_axis',(0.,0.,1.));
#8228=DIRECTION('ref_axis',(1.,0.,0.));
#8229=DIRECTION('center_axis',(0.,0.,1.));
#8230=DIRECTION('ref_axis',(-1.,0.,0.));
#8231=DIRECTION('center_axis',(0.,0.,1.));
#8232=DIRECTION('ref_axis',(-1.,0.,0.));
#8233=DIRECTION('center_axis',(0.,0.,1.));
#8234=DIRECTION('ref_axis',(-1.,0.,0.));
#8235=DIRECTION('center_axis',(0.,0.,1.));
#8236=DIRECTION('ref_axis',(-1.,0.,0.));
#8237=DIRECTION('',(0.,-1.,0.));
#8238=DIRECTION('center_axis',(0.,0.,1.));
#8239=DIRECTION('ref_axis',(1.,0.,0.));
#8240=DIRECTION('',(0.,1.,0.));
#8241=DIRECTION('center_axis',(0.,0.,1.));
#8242=DIRECTION('ref_axis',(-1.,0.,0.));
#8243=DIRECTION('',(3.70074341541719E-16,-1.,0.));
#8244=DIRECTION('center_axis',(0.,0.,1.));
#8245=DIRECTION('ref_axis',(1.,0.,0.));
#8246=DIRECTION('',(0.,1.,0.));
#8247=DIRECTION('center_axis',(0.,0.,1.));
#8248=DIRECTION('ref_axis',(-1.,6.34413156928662E-16,0.));
#8249=DIRECTION('center_axis',(-3.70074341541719E-16,1.,0.));
#8250=DIRECTION('ref_axis',(0.707106781186546,0.,0.707106781186549));
#8251=DIRECTION('center_axis',(2.22044604925032E-15,1.,0.));
#8252=DIRECTION('ref_axis',(0.,0.,1.));
#8253=DIRECTION('',(-3.70074341541719E-16,1.,0.));
#8254=DIRECTION('center_axis',(0.,-1.,0.));
#8255=DIRECTION('ref_axis',(1.,0.,0.));
#8256=DIRECTION('center_axis',(0.,0.,-1.));
#8257=DIRECTION('ref_axis',(-1.,0.,0.));
#8258=DIRECTION('center_axis',(0.,-1.,0.));
#8259=DIRECTION('ref_axis',(0.,0.,1.));
#8260=DIRECTION('center_axis',(0.,0.,-1.));
#8261=DIRECTION('ref_axis',(0.,-1.,0.));
#8262=DIRECTION('center_axis',(0.,0.,-1.));
#8263=DIRECTION('ref_axis',(-1.,0.,0.));
#8264=DIRECTION('center_axis',(0.,1.,0.));
#8265=DIRECTION('ref_axis',(-1.,0.,0.));
#8266=DIRECTION('center_axis',(0.,0.,-1.));
#8267=DIRECTION('ref_axis',(0.,1.,0.));
#8268=DIRECTION('center_axis',(0.,-1.,0.));
#8269=DIRECTION('ref_axis',(-0.707106781186546,0.,0.707106781186549));
#8270=DIRECTION('',(0.,-1.,0.));
#8271=DIRECTION('center_axis',(0.,0.,-1.));
#8272=DIRECTION('ref_axis',(-1.,6.34413156928662E-16,0.));
#8273=DIRECTION('',(0.,0.,-1.));
#8274=DIRECTION('',(0.,0.,-1.));
#8275=DIRECTION('center_axis',(-1.,-3.70074341541719E-16,0.));
#8276=DIRECTION('ref_axis',(0.,0.,1.));
#8277=DIRECTION('',(0.,0.,-1.));
#8278=DIRECTION('center_axis',(0.,1.,0.));
#8279=DIRECTION('ref_axis',(0.707106781186546,0.,0.707106781186549));
#8280=DIRECTION('center_axis',(0.,1.,0.));
#8281=DIRECTION('ref_axis',(0.,0.,1.));
#8282=DIRECTION('',(0.,1.,0.));
#8283=DIRECTION('center_axis',(0.,-1.,0.));
#8284=DIRECTION('ref_axis',(1.,0.,0.));
#8285=DIRECTION('center_axis',(0.,0.,-1.));
#8286=DIRECTION('ref_axis',(-1.,0.,0.));
#8287=DIRECTION('center_axis',(0.,-1.,0.));
#8288=DIRECTION('ref_axis',(0.,0.,1.));
#8289=DIRECTION('center_axis',(0.,0.,-1.));
#8290=DIRECTION('ref_axis',(0.,-1.,0.));
#8291=DIRECTION('center_axis',(0.,0.,-1.));
#8292=DIRECTION('ref_axis',(-1.,0.,0.));
#8293=DIRECTION('center_axis',(0.,1.,0.));
#8294=DIRECTION('ref_axis',(-1.,0.,0.));
#8295=DIRECTION('center_axis',(0.,0.,-1.));
#8296=DIRECTION('ref_axis',(0.,1.,0.));
#8297=DIRECTION('center_axis',(0.,-1.,0.));
#8298=DIRECTION('ref_axis',(-0.707106781186546,0.,0.707106781186549));
#8299=DIRECTION('',(0.,-1.,0.));
#8300=DIRECTION('center_axis',(0.,0.,-1.));
#8301=DIRECTION('ref_axis',(-1.,0.,0.));
#8302=DIRECTION('',(0.,0.,-1.));
#8303=DIRECTION('',(0.,0.,-1.));
#8304=DIRECTION('center_axis',(-1.,0.,0.));
#8305=DIRECTION('ref_axis',(0.,0.,1.));
#8306=DIRECTION('',(0.,0.,-1.));
#8307=DIRECTION('center_axis',(0.,0.,1.));
#8308=DIRECTION('ref_axis',(-0.98762701056489,0.156821197555239,0.));
#8309=DIRECTION('',(0.,0.,-1.));
#8310=DIRECTION('center_axis',(0.,0.,-1.));
#8311=DIRECTION('ref_axis',(-0.750701153007167,0.660641944531007,0.));
#8312=DIRECTION('',(0.,0.,-1.));
#8313=DIRECTION('center_axis',(0.,0.,-1.));
#8314=DIRECTION('ref_axis',(0.750701153007167,-0.660641944531007,0.));
#8315=DIRECTION('',(0.,0.,-1.));
#8316=DIRECTION('center_axis',(1.,0.,0.));
#8317=DIRECTION('ref_axis',(0.,0.,-1.));
#8318=DIRECTION('',(0.,0.,-1.));
#8319=DIRECTION('center_axis',(0.,0.,-1.));
#8320=DIRECTION('ref_axis',(1.,0.,0.));
#8321=DIRECTION('center_axis',(1.,0.,0.));
#8322=DIRECTION('ref_axis',(0.,0.,-1.));
#8323=DIRECTION('',(0.,0.,-1.));
#8324=DIRECTION('center_axis',(0.,0.,-1.));
#8325=DIRECTION('ref_axis',(1.,0.,0.));
#8326=DIRECTION('center_axis',(0.,0.,-1.));
#8327=DIRECTION('ref_axis',(-1.,0.,0.));
#8328=DIRECTION('',(-0.656059028990507,8.03440589904945E-17,0.754709580222772));
#8329=DIRECTION('center_axis',(0.,0.,-1.));
#8330=DIRECTION('ref_axis',(-1.,0.,0.));
#8331=DIRECTION('center_axis',(0.,0.,-1.));
#8332=DIRECTION('ref_axis',(-1.,0.,0.));
#8333=DIRECTION('center_axis',(0.,0.,-1.));
#8334=DIRECTION('ref_axis',(-1.,0.,0.));
#8335=DIRECTION('',(0.,0.,1.));
#8336=DIRECTION('center_axis',(2.75972720487779E-32,-3.08924687113185E-32,
-1.));
#8337=DIRECTION('ref_axis',(-1.,0.,0.));
#8338=DIRECTION('center_axis',(0.,0.,-1.));
#8339=DIRECTION('ref_axis',(-1.,0.,0.));
#8340=DIRECTION('',(-0.656059028990507,8.03440589904945E-17,0.754709580222772));
#8341=DIRECTION('center_axis',(0.,0.,-1.));
#8342=DIRECTION('ref_axis',(-1.,0.,0.));
#8343=DIRECTION('center_axis',(0.,0.,-1.));
#8344=DIRECTION('ref_axis',(-1.,0.,0.));
#8345=DIRECTION('center_axis',(0.,0.,-1.));
#8346=DIRECTION('ref_axis',(-1.,0.,0.));
#8347=DIRECTION('',(0.,0.,1.));
#8348=DIRECTION('center_axis',(2.75972720487779E-32,-3.08924687113185E-32,
-1.));
#8349=DIRECTION('ref_axis',(-1.,0.,0.));
#8350=DIRECTION('center_axis',(0.,0.,-1.));
#8351=DIRECTION('ref_axis',(-1.,-8.52547863284615E-64,-2.75972720487779E-32));
#8352=DIRECTION('center_axis',(2.75972720487779E-32,-3.08924687113185E-32,
-1.));
#8353=DIRECTION('ref_axis',(-1.,-8.52547863284615E-64,-2.75972720487779E-32));
#8354=DIRECTION('',(0.0174524064372835,2.13730336808379E-18,-0.999847695156391));
#8355=DIRECTION('center_axis',(2.75972720487779E-32,-3.08924687113185E-32,
-1.));
#8356=DIRECTION('ref_axis',(-1.,-8.52547863284615E-64,-2.75972720487779E-32));
#8357=DIRECTION('center_axis',(2.75972720487779E-32,-3.08924687113185E-32,
-1.));
#8358=DIRECTION('ref_axis',(-1.,0.,-2.75972720487779E-32));
#8359=DIRECTION('center_axis',(0.,0.,-1.));
#8360=DIRECTION('ref_axis',(-1.,-8.52547863284615E-64,-2.75972720487779E-32));
#8361=DIRECTION('center_axis',(2.75972720487779E-32,-3.08924687113185E-32,
-1.));
#8362=DIRECTION('ref_axis',(-1.,-8.52547863284615E-64,-2.75972720487779E-32));
#8363=DIRECTION('',(0.0174524064372835,2.13730336808379E-18,-0.999847695156391));
#8364=DIRECTION('center_axis',(2.75972720487779E-32,-3.08924687113185E-32,
-1.));
#8365=DIRECTION('ref_axis',(-1.,-8.52547863284615E-64,-2.75972720487779E-32));
#8366=DIRECTION('center_axis',(2.75972720487779E-32,-3.08924687113185E-32,
-1.));
#8367=DIRECTION('ref_axis',(-1.,0.,-2.75972720487779E-32));
#8368=DIRECTION('center_axis',(-2.75972720487779E-32,3.08924687113185E-32,
1.));
#8369=DIRECTION('ref_axis',(1.,0.,2.75972720487779E-32));
#8370=DIRECTION('',(-8.3790416952842E-17,1.,0.));
#8371=DIRECTION('center_axis',(0.,0.,1.));
#8372=DIRECTION('ref_axis',(1.,0.,0.));
#8373=DIRECTION('',(-1.,-8.3790416952842E-17,0.));
#8374=DIRECTION('center_axis',(0.,0.,1.));
#8375=DIRECTION('ref_axis',(0.,1.,0.));
#8376=DIRECTION('',(0.,-1.,0.));
#8377=DIRECTION('center_axis',(0.,0.,1.));
#8378=DIRECTION('ref_axis',(-1.,1.11022302462516E-14,0.));
#8379=DIRECTION('',(1.,1.67580833905684E-16,0.));
#8380=DIRECTION('center_axis',(0.,0.,1.));
#8381=DIRECTION('ref_axis',(0.,-1.,0.));
#8382=DIRECTION('center_axis',(8.3790416952842E-17,-1.,5.9918482465915E-32));
#8383=DIRECTION('ref_axis',(-0.694658370458991,0.,0.719339800338658));
#8384=DIRECTION('center_axis',(0.,-1.,0.));
#8385=DIRECTION('ref_axis',(0.,0.,1.));
#8386=DIRECTION('',(8.3790416952842E-17,-1.,5.98455032600177E-32));
#8387=DIRECTION('center_axis',(0.,1.,0.));
#8388=DIRECTION('ref_axis',(-0.999390827019096,0.,0.0348994967024992));
#8389=DIRECTION('',(-8.3790416952842E-17,1.,-5.9918482465915E-32));
#8390=DIRECTION('center_axis',(-1.01822257785215E-32,-5.9918482465915E-32,
-1.));
#8391=DIRECTION('ref_axis',(-1.,0.,0.));
#8392=DIRECTION('center_axis',(1.,0.,0.));
#8393=DIRECTION('ref_axis',(0.,0.,1.));
#8394=DIRECTION('center_axis',(0.,0.,-1.));
#8395=DIRECTION('ref_axis',(0.707106781186548,0.707106781186548,0.));
#8396=DIRECTION('center_axis',(1.01822257785215E-32,5.9918482465915E-32,
1.));
#8397=DIRECTION('ref_axis',(0.707106781186547,0.707106781186547,-4.95686861656208E-32));
#8398=DIRECTION('center_axis',(-1.01822257785215E-32,-5.9918482465915E-32,
-1.));
#8399=DIRECTION('ref_axis',(-1.,0.,0.));
#8400=DIRECTION('center_axis',(1.,0.,0.));
#8401=DIRECTION('ref_axis',(0.,0.999390827019096,0.0348994967024999));
#8402=DIRECTION('center_axis',(1.01822257785215E-32,5.9918482465915E-32,
1.));
#8403=DIRECTION('ref_axis',(0.707106781186548,-0.707106781186548,3.51688443744907E-32));
#8404=DIRECTION('center_axis',(0.,0.,-1.));
#8405=DIRECTION('ref_axis',(0.707106781186548,-0.707106781186548,0.));
#8406=DIRECTION('center_axis',(1.,8.3790416952842E-17,-1.01822257785215E-32));
#8407=DIRECTION('ref_axis',(0.,-0.694658370458991,0.719339800338658));
#8408=DIRECTION('center_axis',(1.,0.,0.));
#8409=DIRECTION('ref_axis',(0.,0.,1.));
#8410=DIRECTION('',(1.,8.3790416952842E-17,-1.01698240834017E-32));
#8411=DIRECTION('',(-1.,-8.3790416952842E-17,1.01822257785215E-32));
#8412=DIRECTION('center_axis',(-1.,-1.67580833905684E-16,1.01822257785215E-32));
#8413=DIRECTION('ref_axis',(0.,0.694658370458999,0.71933980033865));
#8414=DIRECTION('center_axis',(1.,0.,0.));
#8415=DIRECTION('ref_axis',(0.,0.999390827019096,0.0348994967024989));
#8416=DIRECTION('',(1.,1.67580833905684E-16,-1.01822257785215E-32));
#8417=DIRECTION('',(-1.,-1.67580833905684E-16,1.01698240834017E-32));
#8418=DIRECTION('center_axis',(-1.01822257785215E-32,-5.9918482465915E-32,
-1.));
#8419=DIRECTION('ref_axis',(-1.,0.,0.));
#8420=DIRECTION('center_axis',(0.,1.,0.));
#8421=DIRECTION('ref_axis',(0.,0.,1.));
#8422=DIRECTION('center_axis',(0.,0.,-1.));
#8423=DIRECTION('ref_axis',(-0.707106781186548,0.707106781186548,0.));
#8424=DIRECTION('center_axis',(1.01822257785215E-32,5.9918482465915E-32,
1.));
#8425=DIRECTION('ref_axis',(-0.707106781186548,0.707106781186548,-3.51688443744907E-32));
#8426=DIRECTION('center_axis',(-1.01822257785215E-32,-5.9918482465915E-32,
-1.));
#8427=DIRECTION('ref_axis',(-1.,0.,0.));
#8428=DIRECTION('center_axis',(-1.11089975474024E-14,-1.,0.));
#8429=DIRECTION('ref_axis',(0.999390827019096,-1.11022302462515E-14,0.0348994967025006));
#8430=DIRECTION('center_axis',(1.01822257785215E-32,5.9918482465915E-32,
1.));
#8431=DIRECTION('ref_axis',(-0.707106781186552,-0.707106781186543,4.95686861656205E-32));
#8432=DIRECTION('center_axis',(0.,0.,-1.));
#8433=DIRECTION('ref_axis',(-0.707106781186553,-0.707106781186542,0.));
#8434=DIRECTION('center_axis',(2.09239951448747E-33,1.,-5.9918482465915E-32));
#8435=DIRECTION('ref_axis',(0.694658370459007,0.,0.719339800338642));
#8436=DIRECTION('',(-2.09239951448747E-33,-1.,5.9918482465915E-32));
#8437=DIRECTION('',(2.09239951448747E-33,1.,-5.9918482465915E-32));
#8438=DIRECTION('center_axis',(0.,0.,1.));
#8439=DIRECTION('ref_axis',(1.,-1.11022302462516E-14,0.));
#8440=DIRECTION('',(0.,-0.0348994967024937,0.999390827019096));
#8441=DIRECTION('',(-0.0348994967024996,0.,0.999390827019096));
#8442=DIRECTION('center_axis',(1.67478748189551E-16,-0.999390827019096,
-0.0348994967024996));
#8443=DIRECTION('ref_axis',(1.,1.67580833905684E-16,0.));
#8444=DIRECTION('',(0.,-0.0348994967024996,0.999390827019096));
#8445=DIRECTION('center_axis',(0.,0.,1.));
#8446=DIRECTION('ref_axis',(0.,1.,0.));
#8447=DIRECTION('',(0.0348994967024996,0.,0.999390827019096));
#8448=DIRECTION('center_axis',(0.999390827019096,8.37393740947756E-17,-0.0348994967024996));
#8449=DIRECTION('ref_axis',(-8.3790416952842E-17,1.,0.));
#8450=DIRECTION('',(-0.0348994967025041,0.,-0.999390827019096));
#8451=DIRECTION('center_axis',(1.01822257785215E-32,5.9918482465915E-32,
1.));
#8452=DIRECTION('ref_axis',(1.,0.,-1.01822257785215E-32));
#8453=DIRECTION('',(-1.67580833905684E-16,1.,-5.9918482465915E-32));
#8454=DIRECTION('center_axis',(-1.01822257785215E-32,-5.9918482465915E-32,
-1.));
#8455=DIRECTION('ref_axis',(-0.707106781186549,-0.707106781186546,4.95686861656207E-32));
#8456=DIRECTION('',(-1.,-1.67580833905684E-16,1.01822257785215E-32));
#8457=DIRECTION('center_axis',(-1.01822257785215E-32,-5.9918482465915E-32,
-1.));
#8458=DIRECTION('ref_axis',(0.707106781186547,-0.707106781186547,3.51688443744907E-32));
#8459=DIRECTION('',(8.3790416952842E-17,-1.,5.9918482465915E-32));
#8460=DIRECTION('center_axis',(-1.01822257785215E-32,-5.9918482465915E-32,
-1.));
#8461=DIRECTION('ref_axis',(0.707106781186547,0.707106781186547,-4.95686861656208E-32));
#8462=DIRECTION('',(1.,1.67580833905684E-16,-1.01822257785215E-32));
#8463=DIRECTION('center_axis',(-1.01822257785215E-32,-5.9918482465915E-32,
-1.));
#8464=DIRECTION('ref_axis',(-0.707106781186547,0.707106781186547,-3.51688443744907E-32));
#8465=DIRECTION('center_axis',(-1.67580833905684E-16,1.,-5.9918482465915E-32));
#8466=DIRECTION('ref_axis',(-0.694658370458991,0.,0.719339800338658));
#8467=DIRECTION('center_axis',(0.,1.,0.));
#8468=DIRECTION('ref_axis',(-0.999390827019096,0.,0.0348994967024996));
#8469=DIRECTION('center_axis',(0.,-1.,0.));
#8470=DIRECTION('ref_axis',(0.,0.,1.));
#8471=DIRECTION('',(1.67580833905684E-16,-1.,5.98455032600177E-32));
#8472=DIRECTION('center_axis',(-1.01822257785215E-32,-5.9918482465915E-32,
-1.));
#8473=DIRECTION('ref_axis',(-1.,0.,0.));
#8474=DIRECTION('center_axis',(-1.,1.11089975474024E-14,0.));
#8475=DIRECTION('ref_axis',(-1.11022302462515E-14,-0.999390827019096,0.0348994967025006));
#8476=DIRECTION('center_axis',(0.,0.,1.));
#8477=DIRECTION('ref_axis',(-0.707106781186551,-0.707106781186544,0.));
#8478=DIRECTION('center_axis',(-1.01822257785215E-32,-5.9918482465915E-32,
-1.));
#8479=DIRECTION('ref_axis',(-1.,0.,0.));
#8480=DIRECTION('center_axis',(-1.,0.,0.));
#8481=DIRECTION('ref_axis',(0.,0.,1.));
#8482=DIRECTION('center_axis',(0.,0.,1.));
#8483=DIRECTION('ref_axis',(-0.707106781186548,0.707106781186548,0.));
#8484=DIRECTION('center_axis',(-1.,-1.67580833905684E-16,1.01822257785215E-32));
#8485=DIRECTION('ref_axis',(0.,-0.694658370458999,0.71933980033865));
#8486=DIRECTION('center_axis',(-1.,0.,0.));
#8487=DIRECTION('ref_axis',(0.,-0.999390827019096,0.0348994967024992));
#8488=DIRECTION('',(1.,1.67580833905684E-16,-1.01698240834017E-32));
#8489=DIRECTION('center_axis',(1.,1.67580833905684E-16,-1.01822257785215E-32));
#8490=DIRECTION('ref_axis',(0.,0.694658370458999,0.71933980033865));
#8491=DIRECTION('center_axis',(-1.,0.,0.));
#8492=DIRECTION('ref_axis',(0.,0.,1.));
#8493=DIRECTION('',(-1.,-1.67580833905684E-16,1.01698240834017E-32));
#8494=DIRECTION('center_axis',(-1.01822257785215E-32,-5.9918482465915E-32,
-1.));
#8495=DIRECTION('ref_axis',(-1.,0.,0.));
#8496=DIRECTION('center_axis',(0.,-1.,0.));
#8497=DIRECTION('ref_axis',(0.999390827019096,0.,0.034899496702501));
#8498=DIRECTION('center_axis',(0.,0.,1.));
#8499=DIRECTION('ref_axis',(0.707106781186548,-0.707106781186548,0.));
#8500=DIRECTION('center_axis',(-1.01822257785215E-32,-5.9918482465915E-32,
-1.));
#8501=DIRECTION('ref_axis',(-1.,0.,0.));
#8502=DIRECTION('center_axis',(0.,1.,0.));
#8503=DIRECTION('ref_axis',(0.,0.,1.));
#8504=DIRECTION('center_axis',(0.,0.,1.));
#8505=DIRECTION('ref_axis',(0.707106781186548,0.707106781186548,0.));
#8506=DIRECTION('center_axis',(8.3790416952842E-17,-1.,5.9918482465915E-32));
#8507=DIRECTION('ref_axis',(0.694658370458999,0.,0.71933980033865));
#8508=DIRECTION('',(-8.3790416952842E-17,1.,-5.98455032600177E-32));
#8509=DIRECTION('center_axis',(0.,0.,-1.));
#8510=DIRECTION('ref_axis',(0.,1.,0.));
#8511=DIRECTION('',(0.,0.0348994967024996,0.999390827019096));
#8512=DIRECTION('',(-0.0348994967025055,0.,0.999390827019096));
#8513=DIRECTION('center_axis',(1.67478748189551E-16,-0.999390827019096,
0.0348994967024996));
#8514=DIRECTION('ref_axis',(1.,1.67580833905684E-16,0.));
#8515=DIRECTION('',(0.,0.0348994967025055,0.999390827019096));
#8516=DIRECTION('center_axis',(0.,0.,-1.));
#8517=DIRECTION('ref_axis',(1.,-3.17206578464331E-15,0.));
#8518=DIRECTION('',(0.0348994967024996,0.,0.999390827019096));
#8519=DIRECTION('center_axis',(-0.999390827019096,-1.67478748189551E-16,
0.0348994967024996));
#8520=DIRECTION('ref_axis',(1.67580833905684E-16,-1.,0.));
#8521=DIRECTION('',(0.0348994967025144,0.,0.999390827019095));
#8522=DIRECTION('center_axis',(-0.999390827019096,0.,-0.0348994967024996));
#8523=DIRECTION('ref_axis',(0.,-1.,0.));
#8524=DIRECTION('',(-0.0348994967024908,0.,0.999390827019096));
#8525=DIRECTION('center_axis',(0.,0.,1.));
#8526=DIRECTION('ref_axis',(0.,-1.,0.));
#8527=DIRECTION('',(0.,0.0348994967024996,0.999390827019096));
#8528=DIRECTION('center_axis',(-8.37393740947756E-17,0.999390827019096,
-0.0348994967024996));
#8529=DIRECTION('ref_axis',(-1.,-8.3790416952842E-17,0.));
#8530=DIRECTION('',(0.,0.0348994967024967,0.999390827019096));
#8531=DIRECTION('center_axis',(0.,0.,1.));
#8532=DIRECTION('ref_axis',(-1.,0.,0.));
#8533=DIRECTION('center_axis',(0.999390827019096,8.37393740947756E-17,0.0348994967024996));
#8534=DIRECTION('ref_axis',(-8.3790416952842E-17,1.,0.));
#8535=DIRECTION('',(-0.0348994967024996,0.,0.999390827019096));
#8536=DIRECTION('center_axis',(0.,0.,-1.));
#8537=DIRECTION('ref_axis',(0.,-1.,0.));
#8538=DIRECTION('',(0.,-0.0348994967024996,0.999390827019096));
#8539=DIRECTION('center_axis',(-1.67478748189551E-16,0.999390827019096,
0.0348994967024996));
#8540=DIRECTION('ref_axis',(-1.,-1.67580833905684E-16,0.));
#8541=DIRECTION('',(0.,-0.0348994967025055,0.999390827019096));
#8542=DIRECTION('center_axis',(0.,0.,-1.));
#8543=DIRECTION('ref_axis',(-1.,0.,0.));
#8544=DIRECTION('center_axis',(0.,0.,1.));
#8545=DIRECTION('ref_axis',(0.707106781186548,0.707106781186548,0.));
#8546=DIRECTION('',(0.,0.,1.));
#8547=DIRECTION('center_axis',(0.,1.,0.));
#8548=DIRECTION('ref_axis',(0.,0.,1.));
#8549=DIRECTION('',(0.,0.,-1.));
#8550=DIRECTION('center_axis',(0.,0.,1.));
#8551=DIRECTION('ref_axis',(-0.707106781186548,0.707106781186547,0.));
#8552=DIRECTION('axis',(0.,0.,1.));
#8553=DIRECTION('refdir',(1.,0.,0.));
#8554=DIRECTION('center_axis',(0.918047815637137,-0.17364817766693,-0.356419021092922));
#8555=DIRECTION('ref_axis',(0.361917359000019,1.17961196366423E-16,0.932210182981527));
#8556=DIRECTION('',(0.361917359000019,-3.33081456601796E-16,0.932210182981526));
#8557=DIRECTION('',(0.173556398022336,0.98428724478241,-0.0325084060538774));
#8558=DIRECTION('',(0.361917359000019,-3.73262355099131E-16,0.932210182981526));
#8559=DIRECTION('',(0.133790507053865,0.981936963579913,-0.133790507053866));
#8560=DIRECTION('center_axis',(0.984807753012208,-0.17364817766693,1.18861241704847E-16));
#8561=DIRECTION('ref_axis',(-1.21652012201666E-16,-5.42823479954226E-18,
1.));
#8562=DIRECTION('',(-1.83697019872103E-16,-3.57302958798935E-16,1.));
#8563=DIRECTION('',(-1.83697019872103E-16,-3.57302958798935E-16,1.));
#8564=DIRECTION('center_axis',(-3.64246399155235E-16,1.,-6.69109780239612E-32));
#8565=DIRECTION('ref_axis',(-0.19718309859155,-7.18232336362436E-17,0.980366679171541));
#8566=DIRECTION('center_axis',(0.,-1.,-3.57302958798935E-16));
#8567=DIRECTION('ref_axis',(-0.19718309859155,-7.18232336362436E-17,0.980366679171541));
#8568=DIRECTION('center_axis',(-1.11022302462516E-16,-1.,-3.57302958798935E-16));
#8569=DIRECTION('ref_axis',(-0.19718309859155,-7.18232336362436E-17,0.980366679171541));
#8570=DIRECTION('center_axis',(-0.984807753012208,-0.173648177666931,-2.42951257045722E-16));
#8571=DIRECTION('ref_axis',(2.4574202754254E-16,5.42823479954229E-18,-1.));
#8572=DIRECTION('',(1.83697019872103E-16,3.57302958798935E-16,-1.));
#8573=DIRECTION('',(0.173556398022337,-0.98428724478241,0.0325084060538774));
#8574=DIRECTION('',(1.83697019872103E-16,3.57302958798935E-16,-1.));
#8575=DIRECTION('center_axis',(-0.918047815637136,-0.173648177666931,-0.356419021092922));
#8576=DIRECTION('ref_axis',(0.36191735900002,1.2490009027033E-16,-0.932210182981526));
#8577=DIRECTION('',(0.36191735900002,3.33081456601796E-16,-0.932210182981526));
#8578=DIRECTION('',(-0.133790507053866,0.981936963579913,-0.133790507053865));
#8579=DIRECTION('',(0.36191735900002,2.92900558104461E-16,-0.932210182981526));
#8580=DIRECTION('center_axis',(0.356419021092922,-0.17364817766693,0.918047815637137));
#8581=DIRECTION('ref_axis',(-0.932210182981526,1.2490009027033E-16,0.361917359000019));
#8582=DIRECTION('',(-0.932210182981526,-1.29314143211403E-16,0.361917359000019));
#8583=DIRECTION('',(-0.0325084060538774,-0.98428724478241,-0.173556398022336));
#8584=DIRECTION('',(-0.932210182981526,-2.5818022317791E-17,0.361917359000019));
#8585=DIRECTION('',(-0.133790507053866,-0.981936963579913,-0.133790507053865));
#8586=DIRECTION('center_axis',(-1.2060416625019E-16,-0.17364817766693,0.984807753012208));
#8587=DIRECTION('ref_axis',(-1.,0.,-1.22464679914735E-16));
#8588=DIRECTION('',(-1.,4.37569924818994E-32,-1.22464679914735E-16));
#8589=DIRECTION('',(-1.,1.11022302462516E-16,-1.02888452530218E-16));
#8590=DIRECTION('center_axis',(4.46073186826408E-32,1.,-3.64246399155235E-16));
#8591=DIRECTION('ref_axis',(-0.980366679171541,-7.18232336362436E-17,-0.19718309859155));
#8592=DIRECTION('center_axis',(0.,-1.,-3.57302958798935E-16));
#8593=DIRECTION('ref_axis',(-0.980366679171541,-7.18232336362436E-17,-0.19718309859155));
#8594=DIRECTION('center_axis',(-1.11022302462516E-16,-1.,-3.57302958798935E-16));
#8595=DIRECTION('ref_axis',(-0.980366679171541,-7.18232336362436E-17,-0.19718309859155));
#8596=DIRECTION('center_axis',(1.2060416625019E-16,-0.173648177666931,-0.984807753012208));
#8597=DIRECTION('ref_axis',(1.,0.,1.22464679914735E-16));
#8598=DIRECTION('',(1.,-4.37569924818994E-32,1.22464679914735E-16));
#8599=DIRECTION('',(0.0325084060538774,0.98428724478241,-0.173556398022337));
#8600=DIRECTION('',(1.,-1.11022302462516E-16,1.42040907299253E-16));
#8601=DIRECTION('center_axis',(0.356419021092922,-0.173648177666931,-0.918047815637136));
#8602=DIRECTION('ref_axis',(0.932210182981526,1.11022302462516E-16,0.36191735900002));
#8603=DIRECTION('',(0.932210182981526,-1.29314143211403E-16,0.36191735900002));
#8604=DIRECTION('',(0.932210182981526,-2.32810264105016E-16,0.36191735900002));
#8605=DIRECTION('center_axis',(-0.918047815637137,-0.17364817766693,0.356419021092922));
#8606=DIRECTION('ref_axis',(-0.361917359000019,1.31838984174237E-16,-0.932210182981526));
#8607=DIRECTION('',(-0.361917359000019,3.33081456601796E-16,-0.932210182981526));
#8608=DIRECTION('',(-0.173556398022336,0.98428724478241,0.0325084060538774));
#8609=DIRECTION('',(-0.361917359000019,3.73262355099131E-16,-0.932210182981526));
#8610=DIRECTION('',(-0.133790507053865,0.981936963579913,0.133790507053866));
#8611=DIRECTION('center_axis',(-0.984807753012208,-0.17364817766693,-1.22347090795532E-16));
#8612=DIRECTION('ref_axis',(1.23277347627805E-16,5.42823479954225E-18,-1.));
#8613=DIRECTION('',(6.12323399573678E-17,3.57302958798935E-16,-1.));
#8614=DIRECTION('',(6.12323399573678E-17,3.57302958798935E-16,-1.));
#8615=DIRECTION('center_axis',(3.64246399155235E-16,1.,2.23036593413204E-32));
#8616=DIRECTION('ref_axis',(0.19718309859155,-7.18232336362436E-17,-0.980366679171541));
#8617=DIRECTION('center_axis',(0.,-1.,-3.57302958798935E-16));
#8618=DIRECTION('ref_axis',(0.19718309859155,-7.18232336362436E-17,-0.980366679171541));
#8619=DIRECTION('center_axis',(-1.11022302462516E-16,-1.,-3.57302958798935E-16));
#8620=DIRECTION('ref_axis',(0.19718309859155,-7.18232336362436E-17,-0.980366679171541));
#8621=DIRECTION('center_axis',(0.984807753012208,-0.173648177666931,-1.7429245453424E-18));
#8622=DIRECTION('ref_axis',(8.12667713069625E-19,-5.4282347995423E-18,1.));
#8623=DIRECTION('',(-6.12323399573678E-17,-3.57302958798935E-16,1.));
#8624=DIRECTION('',(-0.173556398022337,-0.98428724478241,-0.0325084060538773));
#8625=DIRECTION('',(-6.12323399573678E-17,-3.57302958798935E-16,1.));
#8626=DIRECTION('center_axis',(0.918047815637136,-0.173648177666931,0.356419021092922));
#8627=DIRECTION('ref_axis',(-0.36191735900002,1.17961196366423E-16,0.932210182981526));
#8628=DIRECTION('',(-0.36191735900002,-3.33081456601796E-16,0.932210182981526));
#8629=DIRECTION('',(-0.36191735900002,-2.92900558104461E-16,0.932210182981526));
#8630=DIRECTION('center_axis',(0.,1.,3.57302958798935E-16));
#8631=DIRECTION('ref_axis',(0.,-3.57302958798935E-16,1.));
#8632=DIRECTION('center_axis',(0.,-1.,-3.57302958798935E-16));
#8633=DIRECTION('ref_axis',(1.,0.,0.));
#8634=DIRECTION('center_axis',(0.,-1.,-3.57302958798935E-16));
#8635=DIRECTION('ref_axis',(1.,0.,0.));
#8636=DIRECTION('',(-0.932210182981526,1.29314143211403E-16,-0.36191735900002));
#8637=DIRECTION('',(-1.,0.,0.));
#8638=DIRECTION('center_axis',(0.,-1.,-3.57302958798935E-16));
#8639=DIRECTION('ref_axis',(0.980366679171541,-7.18232336362436E-17,0.197183098591549));
#8640=DIRECTION('',(1.,0.,0.));
#8641=DIRECTION('',(0.932210182981526,1.29314143211403E-16,-0.361917359000019));
#8642=DIRECTION('center_axis',(-0.356419021092922,-0.17364817766693,-0.918047815637137));
#8643=DIRECTION('ref_axis',(0.932210182981526,1.17961196366423E-16,-0.361917359000019));
#8644=DIRECTION('',(-0.0325084060538774,0.98428724478241,-0.173556398022336));
#8645=DIRECTION('',(0.932210182981526,2.58180223177911E-17,-0.361917359000019));
#8646=DIRECTION('center_axis',(0.,-0.17364817766693,-0.984807753012208));
#8647=DIRECTION('ref_axis',(1.,0.,0.));
#8648=DIRECTION('',(1.,-1.11022302462516E-16,1.95762273845173E-17));
#8649=DIRECTION('center_axis',(0.,1.,3.64246399155235E-16));
#8650=DIRECTION('ref_axis',(0.980366679171541,-7.18232336362436E-17,0.197183098591549));
#8651=DIRECTION('center_axis',(-1.11022302462516E-16,-1.,-3.57302958798935E-16));
#8652=DIRECTION('ref_axis',(0.980366679171541,-7.18232336362436E-17,0.19718309859155));
#8653=DIRECTION('center_axis',(0.,-0.173648177666931,0.984807753012208));
#8654=DIRECTION('ref_axis',(-1.,0.,0.));
#8655=DIRECTION('',(-0.0325084060538773,0.98428724478241,0.173556398022337));
#8656=DIRECTION('',(-1.,1.11022302462516E-16,1.95762273845174E-17));
#8657=DIRECTION('center_axis',(-0.356419021092922,-0.173648177666931,0.918047815637136));
#8658=DIRECTION('ref_axis',(-0.932210182981526,1.2490009027033E-16,-0.36191735900002));
#8659=DIRECTION('',(-0.932210182981526,2.32810264105015E-16,-0.36191735900002));
#8660=DIRECTION('center_axis',(1.11022302462516E-16,1.,3.57302958798935E-16));
#8661=DIRECTION('ref_axis',(0.,-3.57302958798935E-16,1.));
#8662=DIRECTION('center_axis',(0.,-1.,-3.57302958798935E-16));
#8663=DIRECTION('ref_axis',(0.,0.,-1.));
#8664=DIRECTION('center_axis',(0.,-1.,-3.57302958798935E-16));
#8665=DIRECTION('ref_axis',(1.,0.,0.));
#8666=DIRECTION('center_axis',(0.,-1.,-3.57302958798935E-16));
#8667=DIRECTION('ref_axis',(1.,0.,0.));
#8668=DIRECTION('',(0.,1.,3.57302958798935E-16));
#8669=DIRECTION('center_axis',(0.,-1.,-3.57302958798935E-16));
#8670=DIRECTION('ref_axis',(1.,0.,0.));
#8671=DIRECTION('center_axis',(0.,-1.,-3.57302958798935E-16));
#8672=DIRECTION('ref_axis',(1.,0.,0.));
#8673=DIRECTION('center_axis',(0.,1.,3.57302958798935E-16));
#8674=DIRECTION('ref_axis',(0.,0.,-1.));
#8675=DIRECTION('center_axis',(0.,-1.,-3.57302958798935E-16));
#8676=DIRECTION('ref_axis',(1.,0.,0.));
#8677=DIRECTION('center_axis',(0.,-1.,-3.57302958798935E-16));
#8678=DIRECTION('ref_axis',(1.,0.,0.));
#8679=DIRECTION('',(-6.3007558005922E-17,0.857492925712544,0.514495755427527));
#8680=DIRECTION('center_axis',(0.,-1.,-3.57302958798935E-16));
#8681=DIRECTION('ref_axis',(0.,3.57302958798935E-16,-1.));
#8682=DIRECTION('center_axis',(0.,-1.,-3.57302958798935E-16));
#8683=DIRECTION('ref_axis',(0.,3.57302958798935E-16,-1.));
#8684=DIRECTION('center_axis',(0.,-1.,-3.57302958798935E-16));
#8685=DIRECTION('ref_axis',(1.,0.,0.));
#8686=DIRECTION('center_axis',(0.,-1.,-3.57302958798935E-16));
#8687=DIRECTION('ref_axis',(1.,0.,0.));
#8688=DIRECTION('',(0.,1.,3.57302958798935E-16));
#8689=DIRECTION('center_axis',(0.,1.,3.57302958798935E-16));
#8690=DIRECTION('ref_axis',(0.,3.57302958798935E-16,-1.));
#8691=DIRECTION('',(-8.03440589904943E-17,0.754709580222773,0.656059028990506));
#8692=DIRECTION('',(0.,0.,1.));
#8693=DIRECTION('',(1.,0.,0.));
#8694=DIRECTION('',(0.,0.,-1.));
#8695=DIRECTION('',(-1.,0.,0.));
#8696=DIRECTION('',(0.,-1.,3.57302958798935E-16));
#8697=DIRECTION('',(1.,0.,0.));
#8698=DIRECTION('',(0.,-1.,3.57302958798935E-16));
#8699=DIRECTION('',(1.,0.,0.));
#8700=CARTESIAN_POINT('',(0.,0.,0.));
#8701=CARTESIAN_POINT('',(0.,0.,0.));
#8702=CARTESIAN_POINT('Origin',(25.7948299220496,25.0877231408631,-3.));
#8703=CARTESIAN_POINT('',(27.7557741374066,27.0486673562201,-3.));
#8704=CARTESIAN_POINT('',(27.4483029872349,26.5033312244636,-12.6359390341407));
#8705=CARTESIAN_POINT('Ctrl Pts',(27.7557741374066,27.0486673562201,-3.));
#8706=CARTESIAN_POINT('Ctrl Pts',(27.6837245615875,26.9074386863473,-5.80245342672109));
#8707=CARTESIAN_POINT('Ctrl Pts',(27.5723257725745,26.6974744827278,-9.79535023606132));
#8708=CARTESIAN_POINT('Ctrl Pts',(27.4483029872348,26.5033312244636,-12.6359390341449));
#8709=CARTESIAN_POINT('',(25.7948299220496,25.0877231408631,-3.));
#8710=CARTESIAN_POINT('',(28.5621376719793,27.8550308907929,-3.));
#8711=CARTESIAN_POINT('',(26.0628129217555,25.059483865926,-15.));
#8712=CARTESIAN_POINT('Ctrl Pts',(26.0628129217555,25.059483865926,-15.));
#8713=CARTESIAN_POINT('Ctrl Pts',(25.9266034717831,25.075821453535,-8.82030114655396));
#8714=CARTESIAN_POINT('Ctrl Pts',(25.7948299220496,25.0877231408631,-2.99999999999999));
#8715=CARTESIAN_POINT('',(26.8664399852449,25.8631109294154,-15.));
#8716=CARTESIAN_POINT('',(13.2223027936429,12.2189737378134,-15.));
#8717=CARTESIAN_POINT('',(27.3659640960358,26.3744392585604,-14.5218096936827));
#8718=CARTESIAN_POINT('Origin',(26.8664399852449,25.8754535241922,-14.5));
#8719=CARTESIAN_POINT('',(27.8496192262763,27.1315451613499,-3.44428598435956));
#8720=CARTESIAN_POINT('Origin',(27.04866735622,27.7557741374066,-3.));
#8721=CARTESIAN_POINT('',(25.8631109294152,26.8664399852449,-15.));
#8722=CARTESIAN_POINT('',(26.3744392585603,27.3659640960358,-14.5218096936827));
#8723=CARTESIAN_POINT('Origin',(25.875453524192,26.8664399852449,-14.5));
#8724=CARTESIAN_POINT('',(25.0594838659259,26.0628129217556,-15.));
#8725=CARTESIAN_POINT('',(13.1994458454918,14.2027749013215,-15.));
#8726=CARTESIAN_POINT('',(25.087723140863,25.7948299220496,-3.));
#8727=CARTESIAN_POINT('Ctrl Pts',(25.087723140863,25.7948299220496,-2.99999999999999));
#8728=CARTESIAN_POINT('Ctrl Pts',(25.0758214535349,25.9266034717832,-8.82030114655243));
#8729=CARTESIAN_POINT('Ctrl Pts',(25.0594838659259,26.0628129217556,-15.));
#8730=CARTESIAN_POINT('',(27.04866735622,27.7557741374066,-3.));
#8731=CARTESIAN_POINT('',(24.2071067811866,24.9142135623732,-3.));
#8732=CARTESIAN_POINT('',(26.5033312244635,27.4483029872348,-12.6359390341443));
#8733=CARTESIAN_POINT('Ctrl Pts',(26.5033312244635,27.4483029872348,-12.6359390341443));
#8734=CARTESIAN_POINT('Ctrl Pts',(26.6974744827281,27.5723257725747,-9.79535023605494));
#8735=CARTESIAN_POINT('Ctrl Pts',(26.9074386863478,27.6837245615878,-5.80245342670755));
#8736=CARTESIAN_POINT('Ctrl Pts',(27.04866735622,27.7557741374066,-3.));
#8737=CARTESIAN_POINT('',(27.2619950872427,27.9329533749933,-1.53562017996613));
#8738=CARTESIAN_POINT('Origin',(-25.7948299220495,-25.087723140863,-3.));
#8739=CARTESIAN_POINT('',(-27.3659640960358,-26.3744392585607,-14.5218096936827));
#8740=CARTESIAN_POINT('',(-26.8664399852449,-25.8631109294156,-15.));
#8741=CARTESIAN_POINT('Origin',(-26.8664399852449,-25.8754535241924,-14.5));
#8742=CARTESIAN_POINT('',(-27.4483029872346,-26.5033312244635,-12.6359390341478));
#8743=CARTESIAN_POINT('',(-27.8496192262763,-27.1315451613503,-3.44428598435996));
#8744=CARTESIAN_POINT('',(-27.7557741374064,-27.0486673562204,-3.));
#8745=CARTESIAN_POINT('Ctrl Pts',(-27.7557741374064,-27.0486673562203,-3.));
#8746=CARTESIAN_POINT('Ctrl Pts',(-27.6837245615874,-26.9074386863476,-5.8024534267194));
#8747=CARTESIAN_POINT('Ctrl Pts',(-27.5723257725744,-26.697474482728,-9.79535023606297));
#8748=CARTESIAN_POINT('Ctrl Pts',(-27.4483029872344,-26.5033312244634,-12.6359390341525));
#8749=CARTESIAN_POINT('',(-25.7948299220495,-25.087723140863,-3.));
#8750=CARTESIAN_POINT('',(-28.5621376719791,-27.8550308907932,-3.));
#8751=CARTESIAN_POINT('',(-26.0628129217555,-25.0594838659259,-15.));
#8752=CARTESIAN_POINT('Ctrl Pts',(-26.0628129217555,-25.0594838659259,-15.));
#8753=CARTESIAN_POINT('Ctrl Pts',(-25.9266034717787,-25.0758214535354,-8.82030114635598));
#8754=CARTESIAN_POINT('Ctrl Pts',(-25.7948299220496,-25.087723140863,-3.));
#8755=CARTESIAN_POINT('',(-13.2223027936445,-12.2189737378118,-15.));
#8756=CARTESIAN_POINT('Origin',(-27.0486673562206,-27.7557741374063,-3.));
#8757=CARTESIAN_POINT('',(-25.8631109294159,-26.8664399852449,-15.));
#8758=CARTESIAN_POINT('',(-26.3744392585611,-27.3659640960358,-14.5218096936827));
#8759=CARTESIAN_POINT('Origin',(-25.8754535241927,-26.8664399852449,-14.5));
#8760=CARTESIAN_POINT('',(-25.0594838659262,-26.0628129217553,-15.));
#8761=CARTESIAN_POINT('',(-13.1994458454907,-14.2027749013228,-15.));
#8762=CARTESIAN_POINT('',(-25.0877231408632,-25.7948299220494,-3.));
#8763=CARTESIAN_POINT('Ctrl Pts',(-25.0877231408632,-25.7948299220494,-3.));
#8764=CARTESIAN_POINT('Ctrl Pts',(-25.0758214535352,-25.9266034717827,-8.82030114653965));
#8765=CARTESIAN_POINT('Ctrl Pts',(-25.0594838659262,-26.0628129217553,-15.));
#8766=CARTESIAN_POINT('',(-27.0486673562206,-27.7557741374063,-3.));
#8767=CARTESIAN_POINT('',(-24.2071067811867,-24.914213562373,-3.));
#8768=CARTESIAN_POINT('',(-26.5033312244635,-27.4483029872342,-12.6359390341563));
#8769=CARTESIAN_POINT('Ctrl Pts',(-26.5033312244635,-27.4483029872342,-12.635939034157));
#8770=CARTESIAN_POINT('Ctrl Pts',(-26.6974744827284,-27.5723257725744,-9.79535023606274));
#8771=CARTESIAN_POINT('Ctrl Pts',(-26.9074386863486,-27.6837245615876,-5.80245342670524));
#8772=CARTESIAN_POINT('Ctrl Pts',(-27.0486673562206,-27.7557741374063,-3.));
#8773=CARTESIAN_POINT('',(-27.2619950872437,-27.9329533749933,-1.53562017996619));
#8774=CARTESIAN_POINT('Origin',(26.5033312244635,28.,0.));
#8775=CARTESIAN_POINT('',(26.5033312244635,28.,0.));
#8776=CARTESIAN_POINT('',(26.5033312244635,28.,0.));
#8777=CARTESIAN_POINT('',(-26.5033312244635,28.,0.));
#8778=CARTESIAN_POINT('',(13.2516656122317,28.,0.));
#8779=CARTESIAN_POINT('',(-26.5033312244635,27.3659640960359,-14.5218096936827));
#8780=CARTESIAN_POINT('Ctrl Pts',(-26.5033312244635,28.,0.));
#8781=CARTESIAN_POINT('Ctrl Pts',(-26.5033312244635,27.7886546986786,-4.84060323122756));
#8782=CARTESIAN_POINT('Ctrl Pts',(-26.5033312244635,27.5773093973572,-9.68120646245511));
#8783=CARTESIAN_POINT('Ctrl Pts',(-26.5033312244635,27.3659640960359,-14.5218096936827));
#8784=CARTESIAN_POINT('',(13.2516656122317,27.3659640960358,-14.5218096936827));
#8785=CARTESIAN_POINT('Ctrl Pts',(26.5033312244635,28.,0.));
#8786=CARTESIAN_POINT('Ctrl Pts',(26.5033312244635,27.8161009957449,-4.21197967804828));
#8787=CARTESIAN_POINT('Ctrl Pts',(26.5033312244635,27.6322019914899,-8.42395935609657));
#8788=CARTESIAN_POINT('Ctrl Pts',(26.5033312244635,27.4483029872348,-12.6359390341449));
#8789=CARTESIAN_POINT('Ctrl Pts',(26.8402678244499,28.,0.));
#8790=CARTESIAN_POINT('Ctrl Pts',(26.7991546594473,27.8159439456721,-4.21197967804828));
#8791=CARTESIAN_POINT('Ctrl Pts',(26.7575831237611,27.6323590415627,-8.42395935609657));
#8792=CARTESIAN_POINT('Ctrl Pts',(26.7164699587586,27.4483029872348,-12.6359390341449));
#8793=CARTESIAN_POINT('Ctrl Pts',(27.6246161007488,27.7264802245248,0.));
#8794=CARTESIAN_POINT('Ctrl Pts',(27.4870508034342,27.5762527684762,-4.21197967804829));
#8795=CARTESIAN_POINT('Ctrl Pts',(27.3490205798631,27.4257559499126,-8.42395935609656));
#8796=CARTESIAN_POINT('Ctrl Pts',(27.2114552825485,27.275528493864,-12.6359390341449));
#8797=CARTESIAN_POINT('Ctrl Pts',(28.0000000000001,26.9525800244453,0.));
#8798=CARTESIAN_POINT('Ctrl Pts',(27.8154919686785,26.8974030768985,-4.21197967804828));
#8799=CARTESIAN_POINT('Ctrl Pts',(27.6328110185564,26.8426931510696,-8.42395935609657));
#8800=CARTESIAN_POINT('Ctrl Pts',(27.4483029872348,26.7875162035228,-12.6359390341449));
#8801=CARTESIAN_POINT('Ctrl Pts',(28.,26.5033312244635,0.));
#8802=CARTESIAN_POINT('Ctrl Pts',(27.8161009957449,26.5033312244635,-4.21197967804828));
#8803=CARTESIAN_POINT('Ctrl Pts',(27.6322019914898,26.5033312244636,-8.42395935609657));
#8804=CARTESIAN_POINT('Ctrl Pts',(27.4483029872348,26.5033312244636,-12.6359390341449));
#8805=CARTESIAN_POINT('Ctrl Pts',(27.0491234111126,27.7551576061351,-3.));
#8806=CARTESIAN_POINT('Ctrl Pts',(27.1591163310202,27.707578386961,-3.));
#8807=CARTESIAN_POINT('Ctrl Pts',(27.2626742133651,27.6458106140044,-3.));
#8808=CARTESIAN_POINT('Ctrl Pts',(27.3557540264947,27.5712301737259,-3.));
#8809=CARTESIAN_POINT('Ctrl Pts',(27.5282097699202,27.4330495646251,-3.));
#8810=CARTESIAN_POINT('Ctrl Pts',(27.6646967436845,27.2508860546501,-3.));
#8811=CARTESIAN_POINT('Ctrl Pts',(27.7534378524526,27.047582688593,-3.));
#8812=CARTESIAN_POINT('',(28.,26.5033312244635,0.));
#8813=CARTESIAN_POINT('Ctrl Pts',(28.,26.5033312244635,0.));
#8814=CARTESIAN_POINT('Ctrl Pts',(27.8161009957449,26.5033312244635,-4.21197967804828));
#8815=CARTESIAN_POINT('Ctrl Pts',(27.6322019914898,26.5033312244636,-8.42395935609657));
#8816=CARTESIAN_POINT('Ctrl Pts',(27.4483029872348,26.5033312244636,-12.6359390341449));
#8817=CARTESIAN_POINT('Ctrl Pts',(26.5033312244635,28.,0.));
#8818=CARTESIAN_POINT('Ctrl Pts',(26.8402678244499,28.,0.));
#8819=CARTESIAN_POINT('Ctrl Pts',(27.6246161007488,27.7264802245248,0.));
#8820=CARTESIAN_POINT('Ctrl Pts',(28.0000000000001,26.9525800244453,0.));
#8821=CARTESIAN_POINT('Ctrl Pts',(28.,26.5033312244635,0.));
#8822=CARTESIAN_POINT('Origin',(28.,-26.5033312244635,0.));
#8823=CARTESIAN_POINT('',(27.3659640960358,-26.5033312244635,-14.5218096936827));
#8824=CARTESIAN_POINT('',(27.3659640960358,-13.2516656122317,-14.5218096936827));
#8825=CARTESIAN_POINT('',(28.,-26.5033312244635,0.));
#8826=CARTESIAN_POINT('',(28.,-26.5033312244635,0.));
#8827=CARTESIAN_POINT('',(28.,-13.2516656122317,0.));
#8828=CARTESIAN_POINT('Origin',(26.8664399852449,-13.2516656122317,-14.5));
#8829=CARTESIAN_POINT('',(26.8664399852449,-26.5033312244635,-15.));
#8830=CARTESIAN_POINT('',(26.8664399852449,-13.2516656122317,-15.));
#8831=CARTESIAN_POINT('Origin',(26.8664399852449,-26.5033312244635,-14.5));
#8832=CARTESIAN_POINT('Origin',(-13.2516656122318,-26.8664399852449,-14.5));
#8833=CARTESIAN_POINT('',(26.5033312244636,-27.3659640960358,-14.5218096936827));
#8834=CARTESIAN_POINT('',(-13.2516656122318,-27.3659640960358,-14.5218096936827));
#8835=CARTESIAN_POINT('',(26.5033312244637,-26.8664399852449,-15.));
#8836=CARTESIAN_POINT('Origin',(26.5033312244637,-26.8664399852449,-14.5));
#8837=CARTESIAN_POINT('',(-13.2516656122318,-26.8664399852449,-15.));
#8838=CARTESIAN_POINT('Origin',(-26.5033312244635,-28.,0.));
#8839=CARTESIAN_POINT('',(-26.5033312244635,-28.,0.));
#8840=CARTESIAN_POINT('',(-26.5033312244635,-28.,0.));
#8841=CARTESIAN_POINT('',(26.5033312244635,-28.,0.));
#8842=CARTESIAN_POINT('',(-13.2516656122318,-28.,0.));
#8843=CARTESIAN_POINT('Ctrl Pts',(26.5033312244635,-28.,0.));
#8844=CARTESIAN_POINT('Ctrl Pts',(26.5033312244635,-27.7886546986786,-4.84060323122756));
#8845=CARTESIAN_POINT('Ctrl Pts',(26.5033312244636,-27.5773093973572,-9.68120646245511));
#8846=CARTESIAN_POINT('Ctrl Pts',(26.5033312244636,-27.3659640960358,-14.5218096936827));
#8847=CARTESIAN_POINT('Origin',(-26.8664399852449,13.2516656122318,-14.5));
#8848=CARTESIAN_POINT('',(-26.8664399852449,26.5033312244634,-15.));
#8849=CARTESIAN_POINT('',(-26.8664399852449,13.2516656122318,-15.));
#8850=CARTESIAN_POINT('',(-27.3659640960359,26.5033312244635,-14.5218096936827));
#8851=CARTESIAN_POINT('Origin',(-26.8664399852449,26.5033312244634,-14.5));
#8852=CARTESIAN_POINT('',(-27.3659640960358,13.2516656122318,-14.5218096936827));
#8853=CARTESIAN_POINT('Ctrl Pts',(-26.5033312244635,-28.,0.));
#8854=CARTESIAN_POINT('Ctrl Pts',(-26.5033312244635,-27.8161009957447,-4.21197967805232));
#8855=CARTESIAN_POINT('Ctrl Pts',(-26.5033312244635,-27.6322019914895,-8.42395935610465));
#8856=CARTESIAN_POINT('Ctrl Pts',(-26.5033312244635,-27.4483029872342,-12.635939034157));
#8857=CARTESIAN_POINT('Ctrl Pts',(-26.8402678244499,-28.,0.));
#8858=CARTESIAN_POINT('Ctrl Pts',(-26.7991546594473,-27.8159439456718,-4.21197967805232));
#8859=CARTESIAN_POINT('Ctrl Pts',(-26.7575831237612,-27.6323590415623,-8.42395935610465));
#8860=CARTESIAN_POINT('Ctrl Pts',(-26.7164699587586,-27.4483029872342,-12.635939034157));
#8861=CARTESIAN_POINT('Ctrl Pts',(-27.624616100749,-27.7264802245249,0.));
#8862=CARTESIAN_POINT('Ctrl Pts',(-27.4870508034342,-27.5762527684761,-4.21197967805233));
#8863=CARTESIAN_POINT('Ctrl Pts',(-27.349020579863,-27.4257559499122,-8.42395935610464));
#8864=CARTESIAN_POINT('Ctrl Pts',(-27.2114552825482,-27.2755284938633,-12.635939034157));
#8865=CARTESIAN_POINT('Ctrl Pts',(-27.9999999999999,-26.9525800244453,0.));
#8866=CARTESIAN_POINT('Ctrl Pts',(-27.8154919686781,-26.8974030768985,-4.21197967805232));
#8867=CARTESIAN_POINT('Ctrl Pts',(-27.632811018556,-26.8426931510699,-8.42395935610465));
#8868=CARTESIAN_POINT('Ctrl Pts',(-27.4483029872342,-26.7875162035231,-12.635939034157));
#8869=CARTESIAN_POINT('Ctrl Pts',(-28.,-26.5033312244635,0.));
#8870=CARTESIAN_POINT('Ctrl Pts',(-27.8161009957448,-26.5033312244635,-4.21197967805232));
#8871=CARTESIAN_POINT('Ctrl Pts',(-27.6322019914895,-26.5033312244634,-8.42395935610465));
#8872=CARTESIAN_POINT('Ctrl Pts',(-27.4483029872342,-26.5033312244634,-12.635939034157));
#8873=CARTESIAN_POINT('Ctrl Pts',(-27.0491234111133,-27.7551576061348,-3.));
#8874=CARTESIAN_POINT('Ctrl Pts',(-27.1591163310207,-27.7075783869608,-3.));
#8875=CARTESIAN_POINT('Ctrl Pts',(-27.2626742133653,-27.6458106140043,-3.));
#8876=CARTESIAN_POINT('Ctrl Pts',(-27.3557540264947,-27.5712301737259,-3.));
#8877=CARTESIAN_POINT('Ctrl Pts',(-27.5282097699201,-27.4330495646252,-3.));
#8878=CARTESIAN_POINT('Ctrl Pts',(-27.6646967436843,-27.2508860546503,-3.));
#8879=CARTESIAN_POINT('Ctrl Pts',(-27.7534378524525,-27.0475826885933,-3.));
#8880=CARTESIAN_POINT('',(-28.,-26.5033312244635,0.));
#8881=CARTESIAN_POINT('Ctrl Pts',(-28.,-26.5033312244635,0.));
#8882=CARTESIAN_POINT('Ctrl Pts',(-27.8161009957448,-26.5033312244635,-4.21197967805232));
#8883=CARTESIAN_POINT('Ctrl Pts',(-27.6322019914895,-26.5033312244634,-8.42395935610465));
#8884=CARTESIAN_POINT('Ctrl Pts',(-27.4483029872342,-26.5033312244634,-12.635939034157));
#8885=CARTESIAN_POINT('Ctrl Pts',(-26.5033312244635,-28.,0.));
#8886=CARTESIAN_POINT('Ctrl Pts',(-26.8402678244499,-28.,0.));
#8887=CARTESIAN_POINT('Ctrl Pts',(-27.624616100749,-27.7264802245249,0.));
#8888=CARTESIAN_POINT('Ctrl Pts',(-27.9999999999999,-26.9525800244453,0.));
#8889=CARTESIAN_POINT('Ctrl Pts',(-28.,-26.5033312244635,0.));
#8890=CARTESIAN_POINT('Origin',(1.14984717164623E-15,5.55111512312578E-15,
-14.75));
#8891=CARTESIAN_POINT('',(4.7786623864361,4.46570103988052,-14.75));
#8892=CARTESIAN_POINT('',(4.7786623864361,4.86356690934883,-14.75));
#8893=CARTESIAN_POINT('',(4.7786623864361,2.23285051994026,-14.75));
#8894=CARTESIAN_POINT('',(2.13308301301754,4.86356690934882,-14.75));
#8895=CARTESIAN_POINT('',(2.38933119321804,4.86356690934883,-14.75));
#8896=CARTESIAN_POINT('',(2.13308301301754,5.85594499756287,-14.75));
#8897=CARTESIAN_POINT('',(2.13308301301754,2.43178345467441,-14.75));
#8898=CARTESIAN_POINT('',(1.77866226722681,5.85594499756287,-14.75));
#8899=CARTESIAN_POINT('',(1.06654150650877,5.85594499756287,-14.75));
#8900=CARTESIAN_POINT('',(1.77866226722681,3.4778961225799,-14.75));
#8901=CARTESIAN_POINT('',(1.77866226722681,2.92797249878144,-14.75));
#8902=CARTESIAN_POINT('',(2.13308301301754,3.4778961225799,-14.75));
#8903=CARTESIAN_POINT('',(0.889331133613405,3.4778961225799,-14.75));
#8904=CARTESIAN_POINT('',(2.13308301301754,4.46570103988051,-14.75));
#8905=CARTESIAN_POINT('',(2.13308301301754,1.73894806128995,-14.75));
#8906=CARTESIAN_POINT('',(1.06654150650876,4.46570103988051,-14.75));
#8907=CARTESIAN_POINT('Origin',(2.13308301301754,5.85594499756287,71.5693030253109));
#8908=CARTESIAN_POINT('',(2.13308301301754,5.85594499756287,-15.));
#8909=CARTESIAN_POINT('',(2.13308301301754,5.85594499756287,71.5693030253109));
#8910=CARTESIAN_POINT('',(1.77866226722681,5.85594499756287,-15.));
#8911=CARTESIAN_POINT('',(1.06654150650877,5.85594499756287,-15.));
#8912=CARTESIAN_POINT('',(1.77866226722681,5.85594499756287,71.5693030253109));
#8913=CARTESIAN_POINT('Origin',(2.13308301301754,4.86356690934882,71.5693030253109));
#8914=CARTESIAN_POINT('',(2.13308301301754,4.86356690934882,-15.));
#8915=CARTESIAN_POINT('',(2.13308301301754,4.86356690934882,71.5693030253109));
#8916=CARTESIAN_POINT('',(2.13308301301754,2.43178345467441,-15.));
#8917=CARTESIAN_POINT('Origin',(4.7786623864361,4.86356690934883,71.5693030253109));
#8918=CARTESIAN_POINT('',(4.7786623864361,4.86356690934883,-15.));
#8919=CARTESIAN_POINT('',(4.7786623864361,4.86356690934883,71.5693030253109));
#8920=CARTESIAN_POINT('',(2.38933119321804,4.86356690934883,-15.));
#8921=CARTESIAN_POINT('Origin',(4.7786623864361,4.46570103988052,71.5693030253109));
#8922=CARTESIAN_POINT('',(4.7786623864361,4.46570103988052,-15.));
#8923=CARTESIAN_POINT('',(4.7786623864361,4.46570103988052,71.5693030253109));
#8924=CARTESIAN_POINT('',(4.7786623864361,2.23285051994026,-15.));
#8925=CARTESIAN_POINT('Origin',(1.77866226722681,5.85594499756287,71.5693030253109));
#8926=CARTESIAN_POINT('',(1.77866226722681,3.4778961225799,-15.));
#8927=CARTESIAN_POINT('',(1.77866226722681,2.92797249878144,-15.));
#8928=CARTESIAN_POINT('',(1.77866226722681,3.4778961225799,71.5693030253109));
#8929=CARTESIAN_POINT('Origin',(1.77866226722681,3.4778961225799,71.5693030253109));
#8930=CARTESIAN_POINT('',(2.13308301301754,3.4778961225799,-15.));
#8931=CARTESIAN_POINT('',(0.889331133613405,3.4778961225799,-15.));
#8932=CARTESIAN_POINT('',(2.13308301301754,3.4778961225799,71.5693030253109));
#8933=CARTESIAN_POINT('Origin',(2.13308301301754,3.4778961225799,71.5693030253109));
#8934=CARTESIAN_POINT('',(2.13308301301754,4.46570103988051,-15.));
#8935=CARTESIAN_POINT('',(2.13308301301754,1.73894806128995,-15.));
#8936=CARTESIAN_POINT('',(2.13308301301754,4.46570103988051,71.5693030253109));
#8937=CARTESIAN_POINT('Origin',(2.13308301301754,4.46570103988051,71.5693030253109));
#8938=CARTESIAN_POINT('',(1.06654150650876,4.46570103988051,-15.));
#8939=CARTESIAN_POINT('Origin',(1.14984717164623E-15,5.55111512312578E-15,
-14.75));
#8940=CARTESIAN_POINT('',(0.0575549035259471,-10.7229426121566,-14.75));
#8941=CARTESIAN_POINT('',(0.0575549035259471,-10.3250767426883,-14.75));
#8942=CARTESIAN_POINT('',(0.0575549035259471,-5.36147130607831,-14.75));
#8943=CARTESIAN_POINT('',(-1.35555490872355,-10.3250767426883,-14.75));
#8944=CARTESIAN_POINT('',(0.0287774517629741,-10.3250767426883,-14.75));
#8945=CARTESIAN_POINT('',(-1.35555490872355,-8.77019863212253,-14.75));
#8946=CARTESIAN_POINT('',(-1.35555490872355,-5.16253837134416,-14.75));
#8947=CARTESIAN_POINT('',(0.0575549035259471,-8.77019863212253,-14.75));
#8948=CARTESIAN_POINT('',(-0.677777454361774,-8.77019863212253,-14.75));
#8949=CARTESIAN_POINT('',(0.0575549035259471,-8.37233276265423,-14.75));
#8950=CARTESIAN_POINT('',(0.0575549035259471,-4.38509931606126,-14.75));
#8951=CARTESIAN_POINT('',(-2.94244521568334,-8.37233276265423,-14.75));
#8952=CARTESIAN_POINT('',(0.0287774517629741,-8.37233276265423,-14.75));
#8953=CARTESIAN_POINT('',(-2.94244521568334,-8.77019863212253,-14.75));
#8954=CARTESIAN_POINT('',(-2.94244521568334,-4.18616638132711,-14.75));
#8955=CARTESIAN_POINT('',(-1.70997565451428,-8.77019863212253,-14.75));
#8956=CARTESIAN_POINT('',(-1.47122260784167,-8.77019863212253,-14.75));
#8957=CARTESIAN_POINT('',(-1.70997565451428,-10.3250767426883,-14.75));
#8958=CARTESIAN_POINT('',(-1.70997565451428,-4.38509931606126,-14.75));
#8959=CARTESIAN_POINT('',(-2.94244521568334,-10.3250767426883,-14.75));
#8960=CARTESIAN_POINT('',(-0.85498782725714,-10.3250767426883,-14.75));
#8961=CARTESIAN_POINT('',(-2.94244521568334,-10.7229426121566,-14.75));
#8962=CARTESIAN_POINT('',(-2.94244521568334,-5.16253837134416,-14.75));
#8963=CARTESIAN_POINT('',(-1.47122260784167,-10.7229426121566,-14.75));
#8964=CARTESIAN_POINT('Origin',(0.0575549035259471,-8.37233276265423,71.5693030253109));
#8965=CARTESIAN_POINT('',(0.0575549035259471,-8.37233276265423,-15.));
#8966=CARTESIAN_POINT('',(0.0575549035259471,-8.37233276265423,71.5693030253109));
#8967=CARTESIAN_POINT('',(-2.94244521568334,-8.37233276265423,-15.));
#8968=CARTESIAN_POINT('',(0.0287774517629741,-8.37233276265423,-15.));
#8969=CARTESIAN_POINT('',(-2.94244521568334,-8.37233276265423,71.5693030253109));
#8970=CARTESIAN_POINT('Origin',(0.0575549035259471,-8.77019863212253,71.5693030253109));
#8971=CARTESIAN_POINT('',(0.0575549035259471,-8.77019863212253,-15.));
#8972=CARTESIAN_POINT('',(0.0575549035259471,-8.77019863212253,71.5693030253109));
#8973=CARTESIAN_POINT('',(0.0575549035259471,-4.38509931606126,-15.));
#8974=CARTESIAN_POINT('Origin',(-1.35555490872355,-8.77019863212253,71.5693030253109));
#8975=CARTESIAN_POINT('',(-1.35555490872355,-8.77019863212253,-15.));
#8976=CARTESIAN_POINT('',(-1.35555490872355,-8.77019863212253,71.5693030253109));
#8977=CARTESIAN_POINT('',(-0.677777454361774,-8.77019863212253,-15.));
#8978=CARTESIAN_POINT('Origin',(-1.35555490872355,-10.3250767426883,71.5693030253109));
#8979=CARTESIAN_POINT('',(-1.35555490872355,-10.3250767426883,-15.));
#8980=CARTESIAN_POINT('',(-1.35555490872355,-10.3250767426883,71.5693030253109));
#8981=CARTESIAN_POINT('',(-1.35555490872355,-5.16253837134416,-15.));
#8982=CARTESIAN_POINT('Origin',(0.0575549035259471,-10.3250767426883,71.5693030253109));
#8983=CARTESIAN_POINT('',(0.0575549035259471,-10.3250767426883,-15.));
#8984=CARTESIAN_POINT('',(0.0575549035259471,-10.3250767426883,71.5693030253109));
#8985=CARTESIAN_POINT('',(0.0287774517629741,-10.3250767426883,-15.));
#8986=CARTESIAN_POINT('Origin',(0.0575549035259471,-10.7229426121566,71.5693030253109));
#8987=CARTESIAN_POINT('',(0.0575549035259471,-10.7229426121566,-15.));
#8988=CARTESIAN_POINT('',(0.0575549035259471,-10.7229426121566,71.5693030253109));
#8989=CARTESIAN_POINT('',(0.0575549035259471,-5.36147130607831,-15.));
#8990=CARTESIAN_POINT('Origin',(-2.94244521568334,-8.37233276265423,71.5693030253109));
#8991=CARTESIAN_POINT('',(-2.94244521568334,-8.77019863212253,-15.));
#8992=CARTESIAN_POINT('',(-2.94244521568334,-4.18616638132711,-15.));
#8993=CARTESIAN_POINT('',(-2.94244521568334,-8.77019863212253,71.5693030253109));
#8994=CARTESIAN_POINT('Origin',(-2.94244521568334,-8.77019863212253,71.5693030253109));
#8995=CARTESIAN_POINT('',(-1.70997565451428,-8.77019863212253,-15.));
#8996=CARTESIAN_POINT('',(-1.47122260784167,-8.77019863212253,-15.));
#8997=CARTESIAN_POINT('',(-1.70997565451428,-8.77019863212253,71.5693030253109));
#8998=CARTESIAN_POINT('Origin',(-1.70997565451428,-8.77019863212253,71.5693030253109));
#8999=CARTESIAN_POINT('',(-1.70997565451428,-10.3250767426883,-15.));
#9000=CARTESIAN_POINT('',(-1.70997565451428,-4.38509931606126,-15.));
#9001=CARTESIAN_POINT('',(-1.70997565451428,-10.3250767426883,71.5693030253109));
#9002=CARTESIAN_POINT('Origin',(-1.70997565451428,-10.3250767426883,71.5693030253109));
#9003=CARTESIAN_POINT('',(-2.94244521568334,-10.3250767426883,-15.));
#9004=CARTESIAN_POINT('',(-0.85498782725714,-10.3250767426883,-15.));
#9005=CARTESIAN_POINT('',(-2.94244521568334,-10.3250767426883,71.5693030253109));
#9006=CARTESIAN_POINT('Origin',(-2.94244521568334,-10.3250767426883,71.5693030253109));
#9007=CARTESIAN_POINT('',(-2.94244521568334,-10.7229426121566,-15.));
#9008=CARTESIAN_POINT('',(-2.94244521568334,-5.16253837134416,-15.));
#9009=CARTESIAN_POINT('',(-2.94244521568334,-10.7229426121566,71.5693030253109));
#9010=CARTESIAN_POINT('Origin',(-2.94244521568334,-10.7229426121566,71.5693030253109));
#9011=CARTESIAN_POINT('',(-1.47122260784167,-10.7229426121566,-15.));
#9012=CARTESIAN_POINT('Origin',(1.14984717164623E-15,5.55111512312578E-15,
-14.75));
#9013=CARTESIAN_POINT('',(0.0575549035259471,-8.03849128597393,-14.75));
#9014=CARTESIAN_POINT('',(0.0575549035259471,-7.61775956193848,-14.75));
#9015=CARTESIAN_POINT('',(0.0575549035259471,-4.01924564298696,-14.75));
#9016=CARTESIAN_POINT('',(-0.85021952278967,-7.28849125617161,-14.75));
#9017=CARTESIAN_POINT('',(-1.1888025761531,-7.16568027459898,-14.75));
#9018=CARTESIAN_POINT('',(-0.850219522789675,-6.03086925497868,-14.75));
#9019=CARTESIAN_POINT('',(-0.850219522789683,-3.6442456280858,-14.75));
#9020=CARTESIAN_POINT('',(0.0575549035259426,-5.6833082655581,-14.75));
#9021=CARTESIAN_POINT('',(0.527459512724625,-5.50339516581452,-14.75));
#9022=CARTESIAN_POINT('',(0.0575549035259426,-5.23056434512864,-14.75));
#9023=CARTESIAN_POINT('',(0.0575549035259426,-2.84165413277905,-14.75));
#9024=CARTESIAN_POINT('',(-2.94244521568334,-6.45617414992756,-14.75));
#9025=CARTESIAN_POINT('',(0.948513073655623,-4.86657533660005,-14.75));
#9026=CARTESIAN_POINT('',(-2.94244521568334,-6.88605221578987,-14.75));
#9027=CARTESIAN_POINT('',(-2.94244521568334,-3.22808707496378,-14.75));
#9028=CARTESIAN_POINT('',(-2.81295687893495,-6.93579468661395,-14.75));
#9029=CARTESIAN_POINT('',(-2.00494517843044,-6.46989366266785,-14.75));
#9030=CARTESIAN_POINT('',(-1.1726280721864,-6.15434486964126,-14.75));
#9031=CARTESIAN_POINT('',(0.360015390081743,-5.5732877328473,-14.75));
#9032=CARTESIAN_POINT('',(-1.1726280721864,-7.17416198333589,-14.75));
#9033=CARTESIAN_POINT('',(-1.1726280721864,-3.58708099166794,-14.75));
#9034=CARTESIAN_POINT('',(-2.05296347302144,-6.8426070921123,-14.75));
#9035=CARTESIAN_POINT('',(-2.28247020899948,-6.75616949025044,-14.75));
#9036=CARTESIAN_POINT('',(-2.62689642265676,-6.68025952468557,-14.75));
#9037=CARTESIAN_POINT('Ctrl Pts',(-2.05296347302144,-6.8426070921123,-14.75));
#9038=CARTESIAN_POINT('Ctrl Pts',(-2.24351226108097,-6.77400952841087,-14.75));
#9039=CARTESIAN_POINT('Ctrl Pts',(-2.43482324429275,-6.71989367260196,-14.75));
#9040=CARTESIAN_POINT('Ctrl Pts',(-2.62689642265676,-6.68025952468557,-14.75));
#9041=CARTESIAN_POINT('Ctrl Pts',(-2.62689642265676,-6.68025952468557,-14.75));
#9042=CARTESIAN_POINT('Ctrl Pts',(-2.46531105038227,-6.63452781555129,-14.75));
#9043=CARTESIAN_POINT('Ctrl Pts',(-2.2579939689735,-6.56440586154538,-14.75));
#9044=CARTESIAN_POINT('Ctrl Pts',(-2.00494517843044,-6.46989366266785,-14.75));
#9045=CARTESIAN_POINT('Origin',(-2.05296347302144,-6.8426070921123,71.5693030253109));
#9046=CARTESIAN_POINT('',(-1.1726280721864,-7.17416198333589,-15.));
#9047=CARTESIAN_POINT('',(-1.1726280721864,-7.17416198333589,71.5693030253109));
#9048=CARTESIAN_POINT('',(-2.05296347302144,-6.8426070921123,-15.));
#9049=CARTESIAN_POINT('',(-2.28247020899948,-6.75616949025044,-15.));
#9050=CARTESIAN_POINT('',(-2.05296347302144,-6.8426070921123,71.5693030253109));
#9051=CARTESIAN_POINT('Origin',(-1.1726280721864,-7.17416198333589,71.5693030253109));
#9052=CARTESIAN_POINT('',(-1.1726280721864,-6.15434486964126,-15.));
#9053=CARTESIAN_POINT('',(-1.1726280721864,-6.15434486964126,71.5693030253109));
#9054=CARTESIAN_POINT('',(-1.1726280721864,-3.58708099166794,-15.));
#9055=CARTESIAN_POINT('Origin',(-1.1726280721864,-6.15434486964126,71.5693030253109));
#9056=CARTESIAN_POINT('',(-2.00494517843044,-6.46989366266785,-15.));
#9057=CARTESIAN_POINT('',(-2.00494517843044,-6.46989366266785,71.5693030253109));
#9058=CARTESIAN_POINT('',(0.360015390081743,-5.5732877328473,-15.));
#9059=CARTESIAN_POINT('Origin',(-0.850219522789675,-6.03086925497868,71.5693030253109));
#9060=CARTESIAN_POINT('',(-0.850219522789675,-6.03086925497868,-15.));
#9061=CARTESIAN_POINT('',(-0.850219522789675,-6.03086925497868,71.5693030253109));
#9062=CARTESIAN_POINT('',(0.0575549035259426,-5.6833082655581,-15.));
#9063=CARTESIAN_POINT('',(0.527459512724625,-5.50339516581452,-15.));
#9064=CARTESIAN_POINT('',(0.0575549035259426,-5.6833082655581,71.5693030253109));
#9065=CARTESIAN_POINT('Origin',(-0.85021952278967,-7.28849125617161,71.5693030253109));
#9066=CARTESIAN_POINT('',(-0.85021952278967,-7.28849125617161,-15.));
#9067=CARTESIAN_POINT('',(-0.85021952278967,-7.28849125617161,71.5693030253109));
#9068=CARTESIAN_POINT('',(-0.850219522789683,-3.6442456280858,-15.));
#9069=CARTESIAN_POINT('Origin',(0.0575549035259471,-7.61775956193848,71.5693030253109));
#9070=CARTESIAN_POINT('',(0.0575549035259471,-7.61775956193848,-15.));
#9071=CARTESIAN_POINT('',(0.0575549035259471,-7.61775956193848,71.5693030253109));
#9072=CARTESIAN_POINT('',(-1.1888025761531,-7.16568027459898,-15.));
#9073=CARTESIAN_POINT('Origin',(0.0575549035259471,-8.03849128597393,71.5693030253109));
#9074=CARTESIAN_POINT('',(0.0575549035259471,-8.03849128597393,-15.));
#9075=CARTESIAN_POINT('',(0.0575549035259471,-8.03849128597393,71.5693030253109));
#9076=CARTESIAN_POINT('',(0.0575549035259471,-4.01924564298696,-15.));
#9077=CARTESIAN_POINT('Ctrl Pts',(-2.62689642265676,-6.68025952468557,71.5693030253109));
#9078=CARTESIAN_POINT('Ctrl Pts',(-2.62689642265676,-6.68025952468557,-101.569303025311));
#9079=CARTESIAN_POINT('Ctrl Pts',(-2.38451836424503,-6.61166196098415,71.5693030253109));
#9080=CARTESIAN_POINT('Ctrl Pts',(-2.38451836424503,-6.61166196098415,-101.569303025311));
#9081=CARTESIAN_POINT('Ctrl Pts',(-2.00494517843044,-6.46989366266785,71.5693030253109));
#9082=CARTESIAN_POINT('Ctrl Pts',(-2.00494517843044,-6.46989366266785,-101.569303025311));
#9083=CARTESIAN_POINT('',(-2.62689642265676,-6.68025952468557,-15.));
#9084=CARTESIAN_POINT('',(-2.62689642265676,-6.68025952468557,71.5693030253109));
#9085=CARTESIAN_POINT('Ctrl Pts',(-2.00494517843044,-6.46989366266785,-15.));
#9086=CARTESIAN_POINT('Ctrl Pts',(-2.38451836424503,-6.61166196098415,-15.));
#9087=CARTESIAN_POINT('Ctrl Pts',(-2.62689642265676,-6.68025952468557,-15.));
#9088=CARTESIAN_POINT('Ctrl Pts',(-2.05296347302144,-6.8426070921123,71.5693030253109));
#9089=CARTESIAN_POINT('Ctrl Pts',(-2.05296347302144,-6.8426070921123,-101.569303025311));
#9090=CARTESIAN_POINT('Ctrl Pts',(-2.33878665511074,-6.73971074656015,71.5693030253109));
#9091=CARTESIAN_POINT('Ctrl Pts',(-2.33878665511074,-6.73971074656015,-101.569303025311));
#9092=CARTESIAN_POINT('Ctrl Pts',(-2.62689642265676,-6.68025952468557,71.5693030253109));
#9093=CARTESIAN_POINT('Ctrl Pts',(-2.62689642265676,-6.68025952468557,-101.569303025311));
#9094=CARTESIAN_POINT('Ctrl Pts',(-2.62689642265676,-6.68025952468557,-15.));
#9095=CARTESIAN_POINT('Ctrl Pts',(-2.33878665511074,-6.73971074656015,-15.));
#9096=CARTESIAN_POINT('Ctrl Pts',(-2.05296347302144,-6.8426070921123,-15.));
#9097=CARTESIAN_POINT('Origin',(0.0575549035259426,-5.6833082655581,71.5693030253109));
#9098=CARTESIAN_POINT('',(0.0575549035259426,-5.23056434512864,-15.));
#9099=CARTESIAN_POINT('',(0.0575549035259426,-2.84165413277905,-15.));
#9100=CARTESIAN_POINT('',(0.0575549035259426,-5.23056434512864,71.5693030253109));
#9101=CARTESIAN_POINT('Origin',(0.0575549035259426,-5.23056434512864,71.5693030253109));
#9102=CARTESIAN_POINT('',(-2.94244521568334,-6.45617414992756,-15.));
#9103=CARTESIAN_POINT('',(0.948513073655623,-4.86657533660005,-15.));
#9104=CARTESIAN_POINT('',(-2.94244521568334,-6.45617414992756,71.5693030253109));
#9105=CARTESIAN_POINT('Origin',(-2.94244521568334,-6.45617414992756,71.5693030253109));
#9106=CARTESIAN_POINT('',(-2.94244521568334,-6.88605221578987,-15.));
#9107=CARTESIAN_POINT('',(-2.94244521568334,-3.22808707496378,-15.));
#9108=CARTESIAN_POINT('',(-2.94244521568334,-6.88605221578987,71.5693030253109));
#9109=CARTESIAN_POINT('Origin',(-2.94244521568334,-6.88605221578987,71.5693030253109));
#9110=CARTESIAN_POINT('',(-2.81295687893495,-6.93579468661395,-15.));
#9111=CARTESIAN_POINT('Origin',(1.14984717164623E-15,5.55111512312578E-15,
-14.75));
#9112=CARTESIAN_POINT('',(0.0575549035259426,-4.92644847938563,-14.75));
#9113=CARTESIAN_POINT('',(0.0575549035259426,-4.54458870811432,-14.75));
#9114=CARTESIAN_POINT('',(0.0575549035259426,-2.46322423969281,-14.75));
#9115=CARTESIAN_POINT('',(-2.49656105162404,-4.54458870811432,-14.75));
#9116=CARTESIAN_POINT('',(0.0287774517629719,-4.54458870811432,-14.75));
#9117=CARTESIAN_POINT('',(0.0575549035259426,-3.67568623456285,-14.75));
#9118=CARTESIAN_POINT('',(-0.684921176233187,-3.9282743368981,-14.75));
#9119=CARTESIAN_POINT('',(0.0575549035259426,-3.31897890331541,-14.75));
#9120=CARTESIAN_POINT('',(0.0575549035259426,-1.83784311728142,-14.75));
#9121=CARTESIAN_POINT('',(-2.45311592794647,-2.44321667339379,-14.75));
#9122=CARTESIAN_POINT('',(-0.484166415758167,-3.13001782382013,-14.75));
#9123=CARTESIAN_POINT('',(0.0575549035259426,-2.44321667339379,-14.75));
#9124=CARTESIAN_POINT('',(-1.22655796397323,-2.44321667339379,-14.75));
#9125=CARTESIAN_POINT('',(0.0575549035259426,-2.06135690212248,-14.75));
#9126=CARTESIAN_POINT('',(0.0575549035259426,-1.22160833669689,-14.75));
#9127=CARTESIAN_POINT('',(-2.94244521568335,-2.06135690212248,-14.75));
#9128=CARTESIAN_POINT('',(0.0287774517629719,-2.06135690212248,-14.75));
#9129=CARTESIAN_POINT('',(-2.94244521568335,-2.59413131353694,-14.75));
#9130=CARTESIAN_POINT('',(-2.94244521568335,-1.03067845106124,-14.75));
#9131=CARTESIAN_POINT('',(-0.854792693703104,-3.31440573240198,-14.75));
#9132=CARTESIAN_POINT('',(-2.02762805301115,-2.90975826451366,-14.75));
#9133=CARTESIAN_POINT('',(-0.374609747793078,-3.47446671437198,-14.75));
#9134=CARTESIAN_POINT('Ctrl Pts',(-0.854792693703104,-3.31440573240198,
-14.75));
#9135=CARTESIAN_POINT('Ctrl Pts',(-0.642902441380902,-3.38757646701684,
-14.75));
#9136=CARTESIAN_POINT('Ctrl Pts',(-0.482841459410894,-3.44093012767351,
-14.75));
#9137=CARTESIAN_POINT('Ctrl Pts',(-0.374609747793078,-3.47446671437198,
-14.75));
#9138=CARTESIAN_POINT('',(-0.818207326395672,-3.61852159814499,-14.75));
#9139=CARTESIAN_POINT('Ctrl Pts',(-0.374609747793078,-3.47446671437198,
-14.75));
#9140=CARTESIAN_POINT('Ctrl Pts',(-0.472170727279558,-3.50495452046151,
-14.75));
#9141=CARTESIAN_POINT('Ctrl Pts',(-0.620036586813756,-3.55297281505251,
-14.75));
#9142=CARTESIAN_POINT('Ctrl Pts',(-0.818207326395672,-3.61852159814499,
-14.75));
#9143=CARTESIAN_POINT('',(-2.94244521568335,-4.32964967518317,-14.75));
#9144=CARTESIAN_POINT('',(0.0943137521604177,-3.31303822308477,-14.75));
#9145=CARTESIAN_POINT('',(-2.94244521568335,-4.92644847938563,-14.75));
#9146=CARTESIAN_POINT('',(-2.94244521568335,-2.16482483759158,-14.75));
#9147=CARTESIAN_POINT('',(-1.47122260784167,-4.92644847938563,-14.75));
#9148=CARTESIAN_POINT('Origin',(0.0575549035259426,-2.06135690212248,71.5693030253109));
#9149=CARTESIAN_POINT('',(0.0575549035259426,-2.06135690212248,-15.));
#9150=CARTESIAN_POINT('',(0.0575549035259426,-2.06135690212248,71.5693030253109));
#9151=CARTESIAN_POINT('',(-2.94244521568335,-2.06135690212248,-15.));
#9152=CARTESIAN_POINT('',(0.0287774517629719,-2.06135690212248,-15.));
#9153=CARTESIAN_POINT('',(-2.94244521568335,-2.06135690212248,71.5693030253109));
#9154=CARTESIAN_POINT('Origin',(0.0575549035259426,-2.44321667339379,71.5693030253109));
#9155=CARTESIAN_POINT('',(0.0575549035259426,-2.44321667339379,-15.));
#9156=CARTESIAN_POINT('',(0.0575549035259426,-2.44321667339379,71.5693030253109));
#9157=CARTESIAN_POINT('',(0.0575549035259426,-1.22160833669689,-15.));
#9158=CARTESIAN_POINT('Origin',(-2.45311592794647,-2.44321667339379,71.5693030253109));
#9159=CARTESIAN_POINT('',(-2.45311592794647,-2.44321667339379,-15.));
#9160=CARTESIAN_POINT('',(-2.45311592794647,-2.44321667339379,71.5693030253109));
#9161=CARTESIAN_POINT('',(-1.22655796397323,-2.44321667339379,-15.));
#9162=CARTESIAN_POINT('Origin',(0.0575549035259426,-3.31897890331541,71.5693030253109));
#9163=CARTESIAN_POINT('',(0.0575549035259426,-3.31897890331541,-15.));
#9164=CARTESIAN_POINT('',(0.0575549035259426,-3.31897890331541,71.5693030253109));
#9165=CARTESIAN_POINT('',(-0.484166415758167,-3.13001782382013,-15.));
#9166=CARTESIAN_POINT('Origin',(0.0575549035259426,-3.67568623456285,71.5693030253109));
#9167=CARTESIAN_POINT('',(0.0575549035259426,-3.67568623456285,-15.));
#9168=CARTESIAN_POINT('',(0.0575549035259426,-3.67568623456285,71.5693030253109));
#9169=CARTESIAN_POINT('',(0.0575549035259426,-1.83784311728142,-15.));
#9170=CARTESIAN_POINT('Origin',(-2.49656105162404,-4.54458870811432,71.5693030253109));
#9171=CARTESIAN_POINT('',(-2.49656105162404,-4.54458870811432,-15.));
#9172=CARTESIAN_POINT('',(-2.49656105162404,-4.54458870811432,71.5693030253109));
#9173=CARTESIAN_POINT('',(-0.684921176233187,-3.9282743368981,-15.));
#9174=CARTESIAN_POINT('Origin',(0.0575549035259426,-4.54458870811432,71.5693030253109));
#9175=CARTESIAN_POINT('',(0.0575549035259426,-4.54458870811432,-15.));
#9176=CARTESIAN_POINT('',(0.0575549035259426,-4.54458870811432,71.5693030253109));
#9177=CARTESIAN_POINT('',(0.0287774517629719,-4.54458870811432,-15.));
#9178=CARTESIAN_POINT('Origin',(0.0575549035259426,-4.92644847938563,71.5693030253109));
#9179=CARTESIAN_POINT('',(0.0575549035259426,-4.92644847938563,-15.));
#9180=CARTESIAN_POINT('',(0.0575549035259426,-4.92644847938563,71.5693030253109));
#9181=CARTESIAN_POINT('',(0.0575549035259426,-2.46322423969281,-15.));
#9182=CARTESIAN_POINT('Origin',(-2.94244521568335,-2.06135690212248,71.5693030253109));
#9183=CARTESIAN_POINT('',(-2.94244521568335,-2.59413131353694,-15.));
#9184=CARTESIAN_POINT('',(-2.94244521568335,-1.03067845106124,-15.));
#9185=CARTESIAN_POINT('',(-2.94244521568335,-2.59413131353694,71.5693030253109));
#9186=CARTESIAN_POINT('Origin',(-2.94244521568335,-2.59413131353694,71.5693030253109));
#9187=CARTESIAN_POINT('',(-0.854792693703104,-3.31440573240198,-15.));
#9188=CARTESIAN_POINT('',(-2.02762805301115,-2.90975826451366,-15.));
#9189=CARTESIAN_POINT('',(-0.854792693703104,-3.31440573240198,71.5693030253109));
#9190=CARTESIAN_POINT('Ctrl Pts',(-0.374609747793078,-3.47446671437198,
71.5693030253109));
#9191=CARTESIAN_POINT('Ctrl Pts',(-0.374609747793078,-3.47446671437198,
-101.569303025311));
#9192=CARTESIAN_POINT('Ctrl Pts',(-0.536957315219802,-3.42416183432427,
71.5693030253109));
#9193=CARTESIAN_POINT('Ctrl Pts',(-0.536957315219802,-3.42416183432427,
-101.569303025311));
#9194=CARTESIAN_POINT('Ctrl Pts',(-0.854792693703104,-3.31440573240198,
71.5693030253109));
#9195=CARTESIAN_POINT('Ctrl Pts',(-0.854792693703104,-3.31440573240198,
-101.569303025311));
#9196=CARTESIAN_POINT('',(-0.374609747793078,-3.47446671437198,-15.));
#9197=CARTESIAN_POINT('Ctrl Pts',(-0.374609747793078,-3.47446671437198,
-15.));
#9198=CARTESIAN_POINT('Ctrl Pts',(-0.536957315219802,-3.42416183432427,
-15.));
#9199=CARTESIAN_POINT('Ctrl Pts',(-0.854792693703104,-3.31440573240198,
-15.));
#9200=CARTESIAN_POINT('',(-0.374609747793078,-3.47446671437198,71.5693030253109));
#9201=CARTESIAN_POINT('Ctrl Pts',(-0.818207326395672,-3.61852159814499,
71.5693030253109));
#9202=CARTESIAN_POINT('Ctrl Pts',(-0.818207326395672,-3.61852159814499,
-101.569303025311));
#9203=CARTESIAN_POINT('Ctrl Pts',(-0.520951217022798,-3.52019842350627,
71.5693030253109));
#9204=CARTESIAN_POINT('Ctrl Pts',(-0.520951217022798,-3.52019842350627,
-101.569303025311));
#9205=CARTESIAN_POINT('Ctrl Pts',(-0.374609747793078,-3.47446671437198,
71.5693030253109));
#9206=CARTESIAN_POINT('Ctrl Pts',(-0.374609747793078,-3.47446671437198,
-101.569303025311));
#9207=CARTESIAN_POINT('',(-0.818207326395672,-3.61852159814499,-15.));
#9208=CARTESIAN_POINT('Ctrl Pts',(-0.818207326395672,-3.61852159814499,
-15.));
#9209=CARTESIAN_POINT('Ctrl Pts',(-0.520951217022798,-3.52019842350627,
-15.));
#9210=CARTESIAN_POINT('Ctrl Pts',(-0.374609747793078,-3.47446671437198,
-15.));
#9211=CARTESIAN_POINT('',(-0.818207326395672,-3.61852159814499,71.5693030253109));
#9212=CARTESIAN_POINT('Origin',(-0.818207326395672,-3.61852159814499,71.5693030253109));
#9213=CARTESIAN_POINT('',(-2.94244521568335,-4.32964967518317,-15.));
#9214=CARTESIAN_POINT('',(0.0943137521604177,-3.31303822308477,-15.));
#9215=CARTESIAN_POINT('',(-2.94244521568335,-4.32964967518317,71.5693030253109));
#9216=CARTESIAN_POINT('Origin',(-2.94244521568335,-4.32964967518317,71.5693030253109));
#9217=CARTESIAN_POINT('',(-2.94244521568335,-4.92644847938563,-15.));
#9218=CARTESIAN_POINT('',(-2.94244521568335,-2.16482483759158,-15.));
#9219=CARTESIAN_POINT('',(-2.94244521568335,-4.92644847938563,71.5693030253109));
#9220=CARTESIAN_POINT('Origin',(-2.94244521568335,-4.92644847938563,71.5693030253109));
#9221=CARTESIAN_POINT('',(-1.47122260784167,-4.92644847938563,-15.));
#9222=CARTESIAN_POINT('Origin',(1.14984717164623E-15,5.55111512312578E-15,
-14.75));
#9223=CARTESIAN_POINT('',(0.0575549035259426,-1.43483248698274,-14.75));
#9224=CARTESIAN_POINT('',(0.0575549035259426,-1.05297271571144,-14.75));
#9225=CARTESIAN_POINT('',(0.0575549035259426,-0.717416243491368,-14.75));
#9226=CARTESIAN_POINT('',(-2.49656105162404,-1.05297271571144,-14.75));
#9227=CARTESIAN_POINT('',(0.0287774517629719,-1.05297271571144,-14.75));
#9228=CARTESIAN_POINT('',(0.0575549035259426,-0.184070242159966,-14.75));
#9229=CARTESIAN_POINT('',(-1.21723316351824,-0.617749262282427,-14.75));
#9230=CARTESIAN_POINT('',(0.0575549035259426,0.17263708908748,-14.75));
#9231=CARTESIAN_POINT('',(0.0575549035259426,-0.0920351210799802,-14.75));
#9232=CARTESIAN_POINT('',(-2.45311592794647,1.04839931900909,-14.75));
#9233=CARTESIAN_POINT('',(0.0587422733162997,0.172222915472082,-14.75));
#9234=CARTESIAN_POINT('',(0.0575549035259426,1.04839931900909,-14.75));
#9235=CARTESIAN_POINT('',(-1.22655796397323,1.04839931900909,-14.75));
#9236=CARTESIAN_POINT('',(0.0575549035259426,1.4302590902804,-14.75));
#9237=CARTESIAN_POINT('',(0.0575549035259426,0.52419965950455,-14.75));
#9238=CARTESIAN_POINT('',(-2.94244521568335,1.4302590902804,-14.75));
#9239=CARTESIAN_POINT('',(0.0287774517629719,1.4302590902804,-14.75));
#9240=CARTESIAN_POINT('',(-2.94244521568335,0.897484678865945,-14.75));
#9241=CARTESIAN_POINT('',(-2.94244521568335,0.715129545140201,-14.75));
#9242=CARTESIAN_POINT('',(-0.854792693703104,0.177210260000908,-14.75));
#9243=CARTESIAN_POINT('',(-1.48936810422551,0.396149202295058,-14.75));
#9244=CARTESIAN_POINT('',(-0.374609747793078,0.0171492780309013,-14.75));
#9245=CARTESIAN_POINT('Ctrl Pts',(-0.854792693703104,0.177210260000908,
-14.75));
#9246=CARTESIAN_POINT('Ctrl Pts',(-0.642902441380902,0.104039525386049,
-14.75));
#9247=CARTESIAN_POINT('Ctrl Pts',(-0.482841459410894,0.0506858647293799,
-14.75));
#9248=CARTESIAN_POINT('Ctrl Pts',(-0.374609747793078,0.0171492780309013,
-14.75));
#9249=CARTESIAN_POINT('',(-0.818207326395672,-0.126905605742107,-14.75));
#9250=CARTESIAN_POINT('Ctrl Pts',(-0.374609747793078,0.0171492780309013,
-14.75));
#9251=CARTESIAN_POINT('Ctrl Pts',(-0.472170727279558,-0.0133385280586247,
-14.75));
#9252=CARTESIAN_POINT('Ctrl Pts',(-0.620036586813756,-0.0613568226496275,
-14.75));
#9253=CARTESIAN_POINT('Ctrl Pts',(-0.818207326395672,-0.126905605742107,
-14.75));
#9254=CARTESIAN_POINT('',(-2.94244521568335,-0.838033682780281,-14.75));
#9255=CARTESIAN_POINT('',(-0.431230185247526,0.00264217778542049,-14.75));
#9256=CARTESIAN_POINT('',(-2.94244521568335,-1.43483248698274,-14.75));
#9257=CARTESIAN_POINT('',(-2.94244521568335,-0.419016841390138,-14.75));
#9258=CARTESIAN_POINT('',(-1.47122260784167,-1.43483248698274,-14.75));
#9259=CARTESIAN_POINT('Origin',(0.0575549035259426,1.4302590902804,71.5693030253109));
#9260=CARTESIAN_POINT('',(0.0575549035259426,1.4302590902804,-15.));
#9261=CARTESIAN_POINT('',(0.0575549035259426,1.4302590902804,71.5693030253109));
#9262=CARTESIAN_POINT('',(-2.94244521568335,1.4302590902804,-15.));
#9263=CARTESIAN_POINT('',(0.0287774517629719,1.4302590902804,-15.));
#9264=CARTESIAN_POINT('',(-2.94244521568335,1.4302590902804,71.5693030253109));
#9265=CARTESIAN_POINT('Origin',(0.0575549035259426,1.04839931900909,71.5693030253109));
#9266=CARTESIAN_POINT('',(0.0575549035259426,1.04839931900909,-15.));
#9267=CARTESIAN_POINT('',(0.0575549035259426,1.04839931900909,71.5693030253109));
#9268=CARTESIAN_POINT('',(0.0575549035259426,0.52419965950455,-15.));
#9269=CARTESIAN_POINT('Origin',(-2.45311592794647,1.04839931900909,71.5693030253109));
#9270=CARTESIAN_POINT('',(-2.45311592794647,1.04839931900909,-15.));
#9271=CARTESIAN_POINT('',(-2.45311592794647,1.04839931900909,71.5693030253109));
#9272=CARTESIAN_POINT('',(-1.22655796397323,1.04839931900909,-15.));
#9273=CARTESIAN_POINT('Origin',(0.0575549035259426,0.17263708908748,71.5693030253109));
#9274=CARTESIAN_POINT('',(0.0575549035259426,0.17263708908748,-15.));
#9275=CARTESIAN_POINT('',(0.0575549035259426,0.17263708908748,71.5693030253109));
#9276=CARTESIAN_POINT('',(0.0587422733162997,0.172222915472082,-15.));
#9277=CARTESIAN_POINT('Origin',(0.0575549035259426,-0.184070242159966,71.5693030253109));
#9278=CARTESIAN_POINT('',(0.0575549035259426,-0.184070242159966,-15.));
#9279=CARTESIAN_POINT('',(0.0575549035259426,-0.184070242159966,71.5693030253109));
#9280=CARTESIAN_POINT('',(0.0575549035259426,-0.0920351210799802,-15.));
#9281=CARTESIAN_POINT('Origin',(-2.49656105162404,-1.05297271571144,71.5693030253109));
#9282=CARTESIAN_POINT('',(-2.49656105162404,-1.05297271571144,-15.));
#9283=CARTESIAN_POINT('',(-2.49656105162404,-1.05297271571144,71.5693030253109));
#9284=CARTESIAN_POINT('',(-1.21723316351824,-0.617749262282427,-15.));
#9285=CARTESIAN_POINT('Origin',(0.0575549035259426,-1.05297271571144,71.5693030253109));
#9286=CARTESIAN_POINT('',(0.0575549035259426,-1.05297271571144,-15.));
#9287=CARTESIAN_POINT('',(0.0575549035259426,-1.05297271571144,71.5693030253109));
#9288=CARTESIAN_POINT('',(0.0287774517629719,-1.05297271571144,-15.));
#9289=CARTESIAN_POINT('Origin',(0.0575549035259426,-1.43483248698274,71.5693030253109));
#9290=CARTESIAN_POINT('',(0.0575549035259426,-1.43483248698274,-15.));
#9291=CARTESIAN_POINT('',(0.0575549035259426,-1.43483248698274,71.5693030253109));
#9292=CARTESIAN_POINT('',(0.0575549035259426,-0.717416243491368,-15.));
#9293=CARTESIAN_POINT('Origin',(-2.94244521568335,1.4302590902804,71.5693030253109));
#9294=CARTESIAN_POINT('',(-2.94244521568335,0.897484678865945,-15.));
#9295=CARTESIAN_POINT('',(-2.94244521568335,0.715129545140201,-15.));
#9296=CARTESIAN_POINT('',(-2.94244521568335,0.897484678865945,71.5693030253109));
#9297=CARTESIAN_POINT('Origin',(-2.94244521568335,0.897484678865945,71.5693030253109));
#9298=CARTESIAN_POINT('',(-0.854792693703104,0.177210260000908,-15.));
#9299=CARTESIAN_POINT('',(-1.48936810422551,0.396149202295058,-15.));
#9300=CARTESIAN_POINT('',(-0.854792693703104,0.177210260000908,71.5693030253109));
#9301=CARTESIAN_POINT('Ctrl Pts',(-0.374609747793078,0.0171492780309013,
71.5693030253109));
#9302=CARTESIAN_POINT('Ctrl Pts',(-0.374609747793078,0.0171492780309013,
-101.569303025311));
#9303=CARTESIAN_POINT('Ctrl Pts',(-0.536957315219802,0.0674541580786192,
71.5693030253109));
#9304=CARTESIAN_POINT('Ctrl Pts',(-0.536957315219802,0.0674541580786192,
-101.569303025311));
#9305=CARTESIAN_POINT('Ctrl Pts',(-0.854792693703104,0.177210260000908,
71.5693030253109));
#9306=CARTESIAN_POINT('Ctrl Pts',(-0.854792693703104,0.177210260000908,
-101.569303025311));
#9307=CARTESIAN_POINT('',(-0.374609747793078,0.0171492780309013,-15.));
#9308=CARTESIAN_POINT('Ctrl Pts',(-0.374609747793078,0.0171492780309013,
-15.));
#9309=CARTESIAN_POINT('Ctrl Pts',(-0.536957315219802,0.0674541580786192,
-15.));
#9310=CARTESIAN_POINT('Ctrl Pts',(-0.854792693703104,0.177210260000908,
-15.));
#9311=CARTESIAN_POINT('',(-0.374609747793078,0.0171492780309013,71.5693030253109));
#9312=CARTESIAN_POINT('Ctrl Pts',(-0.818207326395672,-0.126905605742107,
71.5693030253109));
#9313=CARTESIAN_POINT('Ctrl Pts',(-0.818207326395672,-0.126905605742107,
-101.569303025311));
#9314=CARTESIAN_POINT('Ctrl Pts',(-0.520951217022798,-0.0285824311033878,
71.5693030253109));
#9315=CARTESIAN_POINT('Ctrl Pts',(-0.520951217022798,-0.0285824311033878,
-101.569303025311));
#9316=CARTESIAN_POINT('Ctrl Pts',(-0.374609747793078,0.0171492780309013,
71.5693030253109));
#9317=CARTESIAN_POINT('Ctrl Pts',(-0.374609747793078,0.0171492780309013,
-101.569303025311));
#9318=CARTESIAN_POINT('',(-0.818207326395672,-0.126905605742107,-15.));
#9319=CARTESIAN_POINT('Ctrl Pts',(-0.818207326395672,-0.126905605742107,
-15.));
#9320=CARTESIAN_POINT('Ctrl Pts',(-0.520951217022798,-0.0285824311033878,
-15.));
#9321=CARTESIAN_POINT('Ctrl Pts',(-0.374609747793078,0.0171492780309013,
-15.));
#9322=CARTESIAN_POINT('',(-0.818207326395672,-0.126905605742107,71.5693030253109));
#9323=CARTESIAN_POINT('Origin',(-0.818207326395672,-0.126905605742107,71.5693030253109));
#9324=CARTESIAN_POINT('',(-2.94244521568335,-0.838033682780281,-15.));
#9325=CARTESIAN_POINT('',(-0.431230185247526,0.00264217778542049,-15.));
#9326=CARTESIAN_POINT('',(-2.94244521568335,-0.838033682780281,71.5693030253109));
#9327=CARTESIAN_POINT('Origin',(-2.94244521568335,-0.838033682780281,71.5693030253109));
#9328=CARTESIAN_POINT('',(-2.94244521568335,-1.43483248698274,-15.));
#9329=CARTESIAN_POINT('',(-2.94244521568335,-0.419016841390138,-15.));
#9330=CARTESIAN_POINT('',(-2.94244521568335,-1.43483248698274,71.5693030253109));
#9331=CARTESIAN_POINT('Origin',(-2.94244521568335,-1.43483248698274,71.5693030253109));
#9332=CARTESIAN_POINT('',(-1.47122260784167,-1.43483248698274,-15.));
#9333=CARTESIAN_POINT('Origin',(1.14984717164623E-15,5.55111512312578E-15,
-14.75));
#9334=CARTESIAN_POINT('',(-1.40357320331456,1.94931398895457,-14.75));
#9335=CARTESIAN_POINT('',(0.107859783573661,3.38528965577121,-14.75));
#9336=CARTESIAN_POINT('Ctrl Pts',(-1.40357320331456,1.94931398895457,-14.75));
#9337=CARTESIAN_POINT('Ctrl Pts',(-1.13985368064016,1.94931398895457,-14.75));
#9338=CARTESIAN_POINT('Ctrl Pts',(-0.890234768282174,2.00647862537243,-14.75));
#9339=CARTESIAN_POINT('Ctrl Pts',(-0.654716466240592,2.12080789820815,-14.75));
#9340=CARTESIAN_POINT('Ctrl Pts',(-0.419198164199011,2.23513717104387,-14.75));
#9341=CARTESIAN_POINT('Ctrl Pts',(-0.233222547052906,2.4035822996885,-14.75));
#9342=CARTESIAN_POINT('Ctrl Pts',(-0.0967896148022795,2.62614328414203,
-14.75));
#9343=CARTESIAN_POINT('Ctrl Pts',(0.0396433174483472,2.84870426859557,-14.75));
#9344=CARTESIAN_POINT('Ctrl Pts',(0.107859783573661,3.10175305913863,-14.75));
#9345=CARTESIAN_POINT('Ctrl Pts',(0.107859783573661,3.38528965577121,-14.75));
#9346=CARTESIAN_POINT('',(-1.43787198516527,4.81897873713114,-14.75));
#9347=CARTESIAN_POINT('Ctrl Pts',(0.107859783573661,3.38528965577121,-14.75));
#9348=CARTESIAN_POINT('Ctrl Pts',(0.107859783573661,3.64443600753218,-14.75));
#9349=CARTESIAN_POINT('Ctrl Pts',(0.0461219762423719,3.8868140659439,-14.75));
#9350=CARTESIAN_POINT('Ctrl Pts',(-0.0773536384202056,4.11242383100639,
-14.75));
#9351=CARTESIAN_POINT('Ctrl Pts',(-0.200829253082783,4.33803359606888,-14.75));
#9352=CARTESIAN_POINT('Ctrl Pts',(-0.382612796891578,4.51219518835529,-14.75));
#9353=CARTESIAN_POINT('Ctrl Pts',(-0.62270426984659,4.63490860786563,-14.75));
#9354=CARTESIAN_POINT('Ctrl Pts',(-0.862795742801602,4.75762202737597,-14.75));
#9355=CARTESIAN_POINT('Ctrl Pts',(-1.1345183145745,4.81897873713114,-14.75));
#9356=CARTESIAN_POINT('Ctrl Pts',(-1.43787198516527,4.81897873713114,-14.75));
#9357=CARTESIAN_POINT('',(-2.99503668118778,3.38528965577121,-14.75));
#9358=CARTESIAN_POINT('Ctrl Pts',(-1.43787198516527,4.81897873713114,-14.75));
#9359=CARTESIAN_POINT('Ctrl Pts',(-1.7381768751471,4.81897873713114,-14.75));
#9360=CARTESIAN_POINT('Ctrl Pts',(-2.00646956873492,4.76067080798493,-14.75));
#9361=CARTESIAN_POINT('Ctrl Pts',(-2.24275006592874,4.64405494969249,-14.75));
#9362=CARTESIAN_POINT('Ctrl Pts',(-2.47903056312256,4.52743909140005,-14.75));
#9363=CARTESIAN_POINT('Ctrl Pts',(-2.66348178996419,4.35785067002707,-14.75));
#9364=CARTESIAN_POINT('Ctrl Pts',(-2.79610374645362,4.13528968557353,-14.75));
#9365=CARTESIAN_POINT('Ctrl Pts',(-2.92872570294306,3.91272870112,-14.75));
#9366=CARTESIAN_POINT('Ctrl Pts',(-2.99503668118778,3.66272869118589,-14.75));
#9367=CARTESIAN_POINT('Ctrl Pts',(-2.99503668118778,3.38528965577121,-14.75));
#9368=CARTESIAN_POINT('Ctrl Pts',(-2.99503668118778,3.38528965577121,-14.75));
#9369=CARTESIAN_POINT('Ctrl Pts',(-2.99503668118778,2.96303354143129,-14.75));
#9370=CARTESIAN_POINT('Ctrl Pts',(-2.85441167559984,2.61814023504353,-14.75));
#9371=CARTESIAN_POINT('Ctrl Pts',(-2.57316166442397,2.35060973660794,-14.75));
#9372=CARTESIAN_POINT('Ctrl Pts',(-2.2919116532481,2.08307923817236,-14.75));
#9373=CARTESIAN_POINT('Ctrl Pts',(-1.9020488328783,1.94931398895457,-14.75));
#9374=CARTESIAN_POINT('Ctrl Pts',(-1.40357320331456,1.94931398895457,-14.75));
#9375=CARTESIAN_POINT('',(-1.4424451560787,4.40967994037926,-14.75));
#9376=CARTESIAN_POINT('',(-0.232841449476786,3.38300307031449,-14.75));
#9377=CARTESIAN_POINT('Ctrl Pts',(-1.4424451560787,4.40967994037926,-14.75));
#9378=CARTESIAN_POINT('Ctrl Pts',(-1.05525001874173,4.40967994037926,-14.75));
#9379=CARTESIAN_POINT('Ctrl Pts',(-0.756850616640502,4.31326225362114,-14.75));
#9380=CARTESIAN_POINT('Ctrl Pts',(-0.547246949775015,4.12042688010489,-14.75));
#9381=CARTESIAN_POINT('Ctrl Pts',(-0.337643282909529,3.92759150658864,-14.75));
#9382=CARTESIAN_POINT('Ctrl Pts',(-0.232841449476786,3.68178356999184,-14.75));
#9383=CARTESIAN_POINT('Ctrl Pts',(-0.232841449476786,3.38300307031449,-14.75));
#9384=CARTESIAN_POINT('',(-1.39900003240113,2.35861278570645,-14.75));
#9385=CARTESIAN_POINT('Ctrl Pts',(-0.232841449476786,3.38300307031449,-14.75));
#9386=CARTESIAN_POINT('Ctrl Pts',(-0.232841449476786,3.08879574155058,-14.75));
#9387=CARTESIAN_POINT('Ctrl Pts',(-0.336881087757291,2.84451219525825,-14.75));
#9388=CARTESIAN_POINT('Ctrl Pts',(-0.544960364318301,2.65015243143753,-14.75));
#9389=CARTESIAN_POINT('Ctrl Pts',(-0.753039640879311,2.45579266761681,-14.75));
#9390=CARTESIAN_POINT('Ctrl Pts',(-1.03771953024025,2.35861278570645,-14.75));
#9391=CARTESIAN_POINT('Ctrl Pts',(-1.39900003240113,2.35861278570645,-14.75));
#9392=CARTESIAN_POINT('',(-2.65433544813733,3.38757624122792,-14.75));
#9393=CARTESIAN_POINT('Ctrl Pts',(-1.39900003240113,2.35861278570645,-14.75));
#9394=CARTESIAN_POINT('Ctrl Pts',(-1.8502195625261,2.35861278570645,-14.75));
#9395=CARTESIAN_POINT('Ctrl Pts',(-2.17224701434671,2.45998474095412,-14.75));
#9396=CARTESIAN_POINT('Ctrl Pts',(-2.36508238786296,2.66272865144946,-14.75));
#9397=CARTESIAN_POINT('Ctrl Pts',(-2.55791776137921,2.8654725619448,-14.75));
#9398=CARTESIAN_POINT('Ctrl Pts',(-2.65433544813733,3.10708842520429,-14.75));
#9399=CARTESIAN_POINT('Ctrl Pts',(-2.65433544813733,3.38757624122792,-14.75));
#9400=CARTESIAN_POINT('Ctrl Pts',(-2.65433544813733,3.38757624122792,-14.75));
#9401=CARTESIAN_POINT('Ctrl Pts',(-2.65433544813733,3.58574698080984,-14.75));
#9402=CARTESIAN_POINT('Ctrl Pts',(-2.60441166566573,3.76448174400968,-14.75));
#9403=CARTESIAN_POINT('Ctrl Pts',(-2.50456410072254,3.92378053082745,-14.75));
#9404=CARTESIAN_POINT('Ctrl Pts',(-2.40471653577935,4.08307931764523,-14.75));
#9405=CARTESIAN_POINT('Ctrl Pts',(-2.26371043261529,4.20388724927497,-14.75));
#9406=CARTESIAN_POINT('Ctrl Pts',(-2.08154579123038,4.28620432571669,-14.75));
#9407=CARTESIAN_POINT('Ctrl Pts',(-1.89938114984546,4.3685214021584,-14.75));
#9408=CARTESIAN_POINT('Ctrl Pts',(-1.6863476047949,4.40967994037926,-14.75));
#9409=CARTESIAN_POINT('Ctrl Pts',(-1.4424451560787,4.40967994037926,-14.75));
#9410=CARTESIAN_POINT('Ctrl Pts',(-0.232841449476786,3.38300307031449,71.5693030253109));
#9411=CARTESIAN_POINT('Ctrl Pts',(-0.232841449476786,3.38300307031449,-101.569303025311));
#9412=CARTESIAN_POINT('Ctrl Pts',(-0.232841449476786,2.94169207716862,71.5693030253109));
#9413=CARTESIAN_POINT('Ctrl Pts',(-0.232841449476786,2.94169207716862,-101.569303025311));
#9414=CARTESIAN_POINT('Ctrl Pts',(-0.857079279159816,2.35861278570645,71.5693030253109));
#9415=CARTESIAN_POINT('Ctrl Pts',(-0.857079279159816,2.35861278570645,-101.569303025311));
#9416=CARTESIAN_POINT('Ctrl Pts',(-1.39900003240113,2.35861278570645,71.5693030253109));
#9417=CARTESIAN_POINT('Ctrl Pts',(-1.39900003240113,2.35861278570645,-101.569303025311));
#9418=CARTESIAN_POINT('',(-0.232841449476786,3.38300307031449,-15.));
#9419=CARTESIAN_POINT('',(-0.232841449476786,3.38300307031449,71.5693030253109));
#9420=CARTESIAN_POINT('',(-1.39900003240113,2.35861278570645,-15.));
#9421=CARTESIAN_POINT('Ctrl Pts',(-1.39900003240113,2.35861278570645,-15.));
#9422=CARTESIAN_POINT('Ctrl Pts',(-0.857079279159816,2.35861278570645,-15.));
#9423=CARTESIAN_POINT('Ctrl Pts',(-0.232841449476786,2.94169207716862,-15.));
#9424=CARTESIAN_POINT('Ctrl Pts',(-0.232841449476786,3.38300307031449,-15.));
#9425=CARTESIAN_POINT('',(-1.39900003240113,2.35861278570645,71.5693030253109));
#9426=CARTESIAN_POINT('Ctrl Pts',(-1.4424451560787,4.40967994037926,71.5693030253109));
#9427=CARTESIAN_POINT('Ctrl Pts',(-1.4424451560787,4.40967994037926,-101.569303025311));
#9428=CARTESIAN_POINT('Ctrl Pts',(-0.861652450073245,4.40967994037926,71.5693030253109));
#9429=CARTESIAN_POINT('Ctrl Pts',(-0.861652450073245,4.40967994037926,-101.569303025311));
#9430=CARTESIAN_POINT('Ctrl Pts',(-0.232841449476786,3.83117381983052,71.5693030253109));
#9431=CARTESIAN_POINT('Ctrl Pts',(-0.232841449476786,3.83117381983052,-101.569303025311));
#9432=CARTESIAN_POINT('Ctrl Pts',(-0.232841449476786,3.38300307031449,71.5693030253109));
#9433=CARTESIAN_POINT('Ctrl Pts',(-0.232841449476786,3.38300307031449,-101.569303025311));
#9434=CARTESIAN_POINT('',(-1.4424451560787,4.40967994037926,-15.));
#9435=CARTESIAN_POINT('',(-1.4424451560787,4.40967994037926,71.5693030253109));
#9436=CARTESIAN_POINT('Ctrl Pts',(-0.232841449476786,3.38300307031449,-15.));
#9437=CARTESIAN_POINT('Ctrl Pts',(-0.232841449476786,3.83117381983052,-15.));
#9438=CARTESIAN_POINT('Ctrl Pts',(-0.861652450073245,4.40967994037926,-15.));
#9439=CARTESIAN_POINT('Ctrl Pts',(-1.4424451560787,4.40967994037926,-15.));
#9440=CARTESIAN_POINT('Ctrl Pts',(-1.43787198516527,4.81897873713114,71.5693030253109));
#9441=CARTESIAN_POINT('Ctrl Pts',(-1.43787198516527,4.81897873713114,-101.569303025311));
#9442=CARTESIAN_POINT('Ctrl Pts',(-0.982841479279108,4.81897873713114,71.5693030253109));
#9443=CARTESIAN_POINT('Ctrl Pts',(-0.982841479279108,4.81897873713114,-101.569303025311));
#9444=CARTESIAN_POINT('Ctrl Pts',(-0.262567060414072,4.45083847860012,71.5693030253109));
#9445=CARTESIAN_POINT('Ctrl Pts',(-0.262567060414072,4.45083847860012,-101.569303025311));
#9446=CARTESIAN_POINT('Ctrl Pts',(0.107859783573661,3.77400918341266,71.5693030253109));
#9447=CARTESIAN_POINT('Ctrl Pts',(0.107859783573661,3.77400918341266,-101.569303025311));
#9448=CARTESIAN_POINT('Ctrl Pts',(0.107859783573661,3.38528965577121,71.5693030253109));
#9449=CARTESIAN_POINT('Ctrl Pts',(0.107859783573661,3.38528965577121,-101.569303025311));
#9450=CARTESIAN_POINT('',(0.107859783573661,3.38528965577121,-15.));
#9451=CARTESIAN_POINT('',(0.107859783573661,3.38528965577121,71.5693030253109));
#9452=CARTESIAN_POINT('',(-1.43787198516527,4.81897873713114,-15.));
#9453=CARTESIAN_POINT('Ctrl Pts',(-1.43787198516527,4.81897873713114,-15.));
#9454=CARTESIAN_POINT('Ctrl Pts',(-0.982841479279108,4.81897873713114,-15.));
#9455=CARTESIAN_POINT('Ctrl Pts',(-0.262567060414072,4.45083847860012,-15.));
#9456=CARTESIAN_POINT('Ctrl Pts',(0.107859783573661,3.77400918341266,-15.));
#9457=CARTESIAN_POINT('Ctrl Pts',(0.107859783573661,3.38528965577121,-15.));
#9458=CARTESIAN_POINT('',(-1.43787198516527,4.81897873713114,71.5693030253109));
#9459=CARTESIAN_POINT('Ctrl Pts',(0.107859783573661,3.38528965577121,71.5693030253109));
#9460=CARTESIAN_POINT('Ctrl Pts',(0.107859783573661,3.38528965577121,-101.569303025311));
#9461=CARTESIAN_POINT('Ctrl Pts',(0.107859783573661,2.95998476082233,71.5693030253109));
#9462=CARTESIAN_POINT('Ctrl Pts',(0.107859783573661,2.95998476082233,-101.569303025311));
#9463=CARTESIAN_POINT('Ctrl Pts',(-0.30143901317822,2.29230180746173,71.5693030253109));
#9464=CARTESIAN_POINT('Ctrl Pts',(-0.30143901317822,2.29230180746173,-101.569303025311));
#9465=CARTESIAN_POINT('Ctrl Pts',(-1.00799391930297,1.94931398895457,71.5693030253109));
#9466=CARTESIAN_POINT('Ctrl Pts',(-1.00799391930297,1.94931398895457,-101.569303025311));
#9467=CARTESIAN_POINT('Ctrl Pts',(-1.40357320331456,1.94931398895457,71.5693030253109));
#9468=CARTESIAN_POINT('Ctrl Pts',(-1.40357320331456,1.94931398895457,-101.569303025311));
#9469=CARTESIAN_POINT('',(-1.40357320331456,1.94931398895457,-15.));
#9470=CARTESIAN_POINT('',(-1.40357320331456,1.94931398895457,71.5693030253109));
#9471=CARTESIAN_POINT('Ctrl Pts',(0.107859783573661,3.38528965577121,-15.));
#9472=CARTESIAN_POINT('Ctrl Pts',(0.107859783573661,2.95998476082233,-15.));
#9473=CARTESIAN_POINT('Ctrl Pts',(-0.30143901317822,2.29230180746173,-15.));
#9474=CARTESIAN_POINT('Ctrl Pts',(-1.00799391930297,1.94931398895457,-15.));
#9475=CARTESIAN_POINT('Ctrl Pts',(-1.40357320331456,1.94931398895457,-15.));
#9476=CARTESIAN_POINT('Ctrl Pts',(-2.65433544813733,3.38757624122792,71.5693030253109));
#9477=CARTESIAN_POINT('Ctrl Pts',(-2.65433544813733,3.38757624122792,-101.569303025311));
#9478=CARTESIAN_POINT('Ctrl Pts',(-2.65433544813733,3.6848323506008,71.5693030253109));
#9479=CARTESIAN_POINT('Ctrl Pts',(-2.65433544813733,3.6848323506008,-101.569303025311));
#9480=CARTESIAN_POINT('Ctrl Pts',(-2.35479275330775,4.16272871105411,71.5693030253109));
#9481=CARTESIAN_POINT('Ctrl Pts',(-2.35479275330775,4.16272871105411,-101.569303025311));
#9482=CARTESIAN_POINT('Ctrl Pts',(-1.80829882915301,4.40967994037926,71.5693030253109));
#9483=CARTESIAN_POINT('Ctrl Pts',(-1.80829882915301,4.40967994037926,-101.569303025311));
#9484=CARTESIAN_POINT('Ctrl Pts',(-1.4424451560787,4.40967994037926,71.5693030253109));
#9485=CARTESIAN_POINT('Ctrl Pts',(-1.4424451560787,4.40967994037926,-101.569303025311));
#9486=CARTESIAN_POINT('',(-2.65433544813733,3.38757624122792,-15.));
#9487=CARTESIAN_POINT('',(-2.65433544813733,3.38757624122792,71.5693030253109));
#9488=CARTESIAN_POINT('Ctrl Pts',(-1.4424451560787,4.40967994037926,-15.));
#9489=CARTESIAN_POINT('Ctrl Pts',(-1.80829882915301,4.40967994037926,-15.));
#9490=CARTESIAN_POINT('Ctrl Pts',(-2.35479275330775,4.16272871105411,-15.));
#9491=CARTESIAN_POINT('Ctrl Pts',(-2.65433544813733,3.6848323506008,-15.));
#9492=CARTESIAN_POINT('Ctrl Pts',(-2.65433544813733,3.38757624122792,-15.));
#9493=CARTESIAN_POINT('Ctrl Pts',(-1.39900003240113,2.35861278570645,71.5693030253109));
#9494=CARTESIAN_POINT('Ctrl Pts',(-1.39900003240113,2.35861278570645,-101.569303025311));
#9495=CARTESIAN_POINT('Ctrl Pts',(-2.07582932758859,2.35861278570645,71.5693030253109));
#9496=CARTESIAN_POINT('Ctrl Pts',(-2.07582932758859,2.35861278570645,-101.569303025311));
#9497=CARTESIAN_POINT('Ctrl Pts',(-2.65433544813733,2.96684451719247,71.5693030253109));
#9498=CARTESIAN_POINT('Ctrl Pts',(-2.65433544813733,2.96684451719247,-101.569303025311));
#9499=CARTESIAN_POINT('Ctrl Pts',(-2.65433544813733,3.38757624122792,71.5693030253109));
#9500=CARTESIAN_POINT('Ctrl Pts',(-2.65433544813733,3.38757624122792,-101.569303025311));
#9501=CARTESIAN_POINT('Ctrl Pts',(-2.65433544813733,3.38757624122792,-15.));
#9502=CARTESIAN_POINT('Ctrl Pts',(-2.65433544813733,2.96684451719247,-15.));
#9503=CARTESIAN_POINT('Ctrl Pts',(-2.07582932758859,2.35861278570645,-15.));
#9504=CARTESIAN_POINT('Ctrl Pts',(-1.39900003240113,2.35861278570645,-15.));
#9505=CARTESIAN_POINT('Ctrl Pts',(-2.99503668118778,3.38528965577121,71.5693030253109));
#9506=CARTESIAN_POINT('Ctrl Pts',(-2.99503668118778,3.38528965577121,-101.569303025311));
#9507=CARTESIAN_POINT('Ctrl Pts',(-2.99503668118778,3.80144820889323,71.5693030253109));
#9508=CARTESIAN_POINT('Ctrl Pts',(-2.99503668118778,3.80144820889323,-101.569303025311));
#9509=CARTESIAN_POINT('Ctrl Pts',(-2.59717081171947,4.46913116225383,71.5693030253109));
#9510=CARTESIAN_POINT('Ctrl Pts',(-2.59717081171947,4.46913116225383,-101.569303025311));
#9511=CARTESIAN_POINT('Ctrl Pts',(-1.88832932013801,4.81897873713114,71.5693030253109));
#9512=CARTESIAN_POINT('Ctrl Pts',(-1.88832932013801,4.81897873713114,-101.569303025311));
#9513=CARTESIAN_POINT('Ctrl Pts',(-1.43787198516527,4.81897873713114,71.5693030253109));
#9514=CARTESIAN_POINT('Ctrl Pts',(-1.43787198516527,4.81897873713114,-101.569303025311));
#9515=CARTESIAN_POINT('',(-2.99503668118778,3.38528965577121,-15.));
#9516=CARTESIAN_POINT('Ctrl Pts',(-2.99503668118778,3.38528965577121,-15.));
#9517=CARTESIAN_POINT('Ctrl Pts',(-2.99503668118778,3.80144820889323,-15.));
#9518=CARTESIAN_POINT('Ctrl Pts',(-2.59717081171947,4.46913116225383,-15.));
#9519=CARTESIAN_POINT('Ctrl Pts',(-1.88832932013801,4.81897873713114,-15.));
#9520=CARTESIAN_POINT('Ctrl Pts',(-1.43787198516527,4.81897873713114,-15.));
#9521=CARTESIAN_POINT('',(-2.99503668118778,3.38528965577121,71.5693030253109));
#9522=CARTESIAN_POINT('Ctrl Pts',(-1.40357320331456,1.94931398895457,71.5693030253109));
#9523=CARTESIAN_POINT('Ctrl Pts',(-1.40357320331456,1.94931398895457,-101.569303025311));
#9524=CARTESIAN_POINT('Ctrl Pts',(-2.15128664766016,1.94931398895457,71.5693030253109));
#9525=CARTESIAN_POINT('Ctrl Pts',(-2.15128664766016,1.94931398895457,-101.569303025311));
#9526=CARTESIAN_POINT('Ctrl Pts',(-2.99503668118778,2.75190548426132,71.5693030253109));
#9527=CARTESIAN_POINT('Ctrl Pts',(-2.99503668118778,2.75190548426132,-101.569303025311));
#9528=CARTESIAN_POINT('Ctrl Pts',(-2.99503668118778,3.38528965577121,71.5693030253109));
#9529=CARTESIAN_POINT('Ctrl Pts',(-2.99503668118778,3.38528965577121,-101.569303025311));
#9530=CARTESIAN_POINT('Ctrl Pts',(-1.40357320331456,1.94931398895457,-15.));
#9531=CARTESIAN_POINT('Ctrl Pts',(-2.15128664766016,1.94931398895457,-15.));
#9532=CARTESIAN_POINT('Ctrl Pts',(-2.99503668118778,2.75190548426132,-15.));
#9533=CARTESIAN_POINT('Ctrl Pts',(-2.99503668118778,3.38528965577121,-15.));
#9534=CARTESIAN_POINT('Origin',(1.14984717164623E-15,5.55111512312578E-15,
-14.75));
#9535=CARTESIAN_POINT('',(0.0575549035259426,5.32660070852174,-14.75));
#9536=CARTESIAN_POINT('',(0.0575549035259426,5.70617389433633,-14.75));
#9537=CARTESIAN_POINT('',(0.0575549035259426,2.66330035426087,-14.75));
#9538=CARTESIAN_POINT('',(-2.29762811688988,5.70617389433633,-14.75));
#9539=CARTESIAN_POINT('',(0.0287774517629719,5.70617389433633,-14.75));
#9540=CARTESIAN_POINT('',(0.0575549035259426,7.28391785946926,-14.75));
#9541=CARTESIAN_POINT('',(-2.82392093325174,5.35360880376383,-14.75));
#9542=CARTESIAN_POINT('',(0.0575549035259426,7.69093007076442,-14.75));
#9543=CARTESIAN_POINT('',(0.0575549035259426,3.64195892973463,-14.75));
#9544=CARTESIAN_POINT('',(-2.94244521568335,7.69093007076442,-14.75));
#9545=CARTESIAN_POINT('',(0.0287774517629719,7.69093007076442,-14.75));
#9546=CARTESIAN_POINT('',(-2.94244521568335,7.31135688494984,-14.75));
#9547=CARTESIAN_POINT('',(-2.94244521568335,3.84546503538221,-14.75));
#9548=CARTESIAN_POINT('',(-0.587262195267519,7.31135688494984,-14.75));
#9549=CARTESIAN_POINT('',(-1.47122260784167,7.31135688494984,-14.75));
#9550=CARTESIAN_POINT('',(-2.94244521568335,5.73361291981691,-14.75));
#9551=CARTESIAN_POINT('',(-2.07495083390595,6.31474993285225,-14.75));
#9552=CARTESIAN_POINT('',(-2.94244521568335,5.32660070852174,-14.75));
#9553=CARTESIAN_POINT('',(-2.94244521568335,2.86680645990846,-14.75));
#9554=CARTESIAN_POINT('',(-1.47122260784167,5.32660070852174,-14.75));
#9555=CARTESIAN_POINT('Origin',(0.0575549035259426,7.69093007076442,71.5693030253109));
#9556=CARTESIAN_POINT('',(0.0575549035259426,7.69093007076442,-15.));
#9557=CARTESIAN_POINT('',(0.0575549035259426,7.69093007076442,71.5693030253109));
#9558=CARTESIAN_POINT('',(-2.94244521568335,7.69093007076442,-15.));
#9559=CARTESIAN_POINT('',(0.0287774517629719,7.69093007076442,-15.));
#9560=CARTESIAN_POINT('',(-2.94244521568335,7.69093007076442,71.5693030253109));
#9561=CARTESIAN_POINT('Origin',(0.0575549035259426,7.28391785946926,71.5693030253109));
#9562=CARTESIAN_POINT('',(0.0575549035259426,7.28391785946926,-15.));
#9563=CARTESIAN_POINT('',(0.0575549035259426,7.28391785946926,71.5693030253109));
#9564=CARTESIAN_POINT('',(0.0575549035259426,3.64195892973463,-15.));
#9565=CARTESIAN_POINT('Origin',(-2.29762811688988,5.70617389433633,71.5693030253109));
#9566=CARTESIAN_POINT('',(-2.29762811688988,5.70617389433633,-15.));
#9567=CARTESIAN_POINT('',(-2.29762811688988,5.70617389433633,71.5693030253109));
#9568=CARTESIAN_POINT('',(-2.82392093325174,5.35360880376383,-15.));
#9569=CARTESIAN_POINT('Origin',(0.0575549035259426,5.70617389433633,71.5693030253109));
#9570=CARTESIAN_POINT('',(0.0575549035259426,5.70617389433633,-15.));
#9571=CARTESIAN_POINT('',(0.0575549035259426,5.70617389433633,71.5693030253109));
#9572=CARTESIAN_POINT('',(0.0287774517629719,5.70617389433633,-15.));
#9573=CARTESIAN_POINT('Origin',(0.0575549035259426,5.32660070852174,71.5693030253109));
#9574=CARTESIAN_POINT('',(0.0575549035259426,5.32660070852174,-15.));
#9575=CARTESIAN_POINT('',(0.0575549035259426,5.32660070852174,71.5693030253109));
#9576=CARTESIAN_POINT('',(0.0575549035259426,2.66330035426087,-15.));
#9577=CARTESIAN_POINT('Origin',(-2.94244521568335,7.69093007076442,71.5693030253109));
#9578=CARTESIAN_POINT('',(-2.94244521568335,7.31135688494984,-15.));
#9579=CARTESIAN_POINT('',(-2.94244521568335,3.84546503538221,-15.));
#9580=CARTESIAN_POINT('',(-2.94244521568335,7.31135688494984,71.5693030253109));
#9581=CARTESIAN_POINT('Origin',(-2.94244521568335,7.31135688494984,71.5693030253109));
#9582=CARTESIAN_POINT('',(-0.587262195267519,7.31135688494984,-15.));
#9583=CARTESIAN_POINT('',(-1.47122260784167,7.31135688494984,-15.));
#9584=CARTESIAN_POINT('',(-0.587262195267519,7.31135688494984,71.5693030253109));
#9585=CARTESIAN_POINT('Origin',(-0.587262195267519,7.31135688494984,71.5693030253109));
#9586=CARTESIAN_POINT('',(-2.94244521568335,5.73361291981691,-15.));
#9587=CARTESIAN_POINT('',(-2.07495083390595,6.31474993285225,-15.));
#9588=CARTESIAN_POINT('',(-2.94244521568335,5.73361291981691,71.5693030253109));
#9589=CARTESIAN_POINT('Origin',(-2.94244521568335,5.73361291981691,71.5693030253109));
#9590=CARTESIAN_POINT('',(-2.94244521568335,5.32660070852174,-15.));
#9591=CARTESIAN_POINT('',(-2.94244521568335,2.86680645990846,-15.));
#9592=CARTESIAN_POINT('',(-2.94244521568335,5.32660070852174,71.5693030253109));
#9593=CARTESIAN_POINT('Origin',(-2.94244521568335,5.32660070852174,71.5693030253109));
#9594=CARTESIAN_POINT('',(-1.47122260784167,5.32660070852174,-15.));
#9595=CARTESIAN_POINT('Origin',(1.14984717164623E-15,5.55111512312578E-15,
-14.75));
#9596=CARTESIAN_POINT('',(0.0575549035259426,8.35632643866831,-14.75));
#9597=CARTESIAN_POINT('',(0.0575549035259426,9.44016794515094,-14.75));
#9598=CARTESIAN_POINT('',(0.0575549035259426,4.17816321933416,-14.75));
#9599=CARTESIAN_POINT('',(-1.4584512542757,10.8372716592034,-14.75));
#9600=CARTESIAN_POINT('Ctrl Pts',(0.0575549035259426,9.44016794515094,-14.75));
#9601=CARTESIAN_POINT('Ctrl Pts',(0.0575549035259426,9.62157039138362,-14.75));
#9602=CARTESIAN_POINT('Ctrl Pts',(0.0404055126005846,9.78201247092974,-14.75));
#9603=CARTESIAN_POINT('Ctrl Pts',(0.00610673074986856,9.92149418378932,
-14.75));
#9604=CARTESIAN_POINT('Ctrl Pts',(-0.0281920511008475,10.0609758966489,
-14.75));
#9605=CARTESIAN_POINT('Ctrl Pts',(-0.0784969311485639,10.1802594379742,
-14.75));
#9606=CARTESIAN_POINT('Ctrl Pts',(-0.144807909393281,10.2793448077651,-14.75));
#9607=CARTESIAN_POINT('Ctrl Pts',(-0.211118887637998,10.3784301775561,-14.75));
#9608=CARTESIAN_POINT('Ctrl Pts',(-0.301820110754335,10.4695124982485,-14.75));
#9609=CARTESIAN_POINT('Ctrl Pts',(-0.416911578742294,10.5525917698425,-14.75));
#9610=CARTESIAN_POINT('Ctrl Pts',(-0.532003046730252,10.6356710414365,-14.75));
#9611=CARTESIAN_POINT('Ctrl Pts',(-0.677582320807736,10.7038875075618,-14.75));
#9612=CARTESIAN_POINT('Ctrl Pts',(-0.853649400974745,10.7572411682184,-14.75));
#9613=CARTESIAN_POINT('Ctrl Pts',(-1.02971648114175,10.8105948288751,-14.75));
#9614=CARTESIAN_POINT('Ctrl Pts',(-1.23131709890874,10.8372716592034,-14.75));
#9615=CARTESIAN_POINT('Ctrl Pts',(-1.4584512542757,10.8372716592034,-14.75));
#9616=CARTESIAN_POINT('',(-2.68406105907462,10.3639484696636,-14.75));
#9617=CARTESIAN_POINT('Ctrl Pts',(-1.4584512542757,10.8372716592034,-14.75));
#9618=CARTESIAN_POINT('Ctrl Pts',(-1.72674394786352,10.8372716592034,-14.75));
#9619=CARTESIAN_POINT('Ctrl Pts',(-1.96492993293794,10.7980186088632,-14.75));
#9620=CARTESIAN_POINT('Ctrl Pts',(-2.17300920949895,10.7195125081826,-14.75));
#9621=CARTESIAN_POINT('Ctrl Pts',(-2.38108848605996,10.6410064075021,-14.75));
#9622=CARTESIAN_POINT('Ctrl Pts',(-2.55143910258518,10.5224850613291,-14.75));
#9623=CARTESIAN_POINT('Ctrl Pts',(-2.68406105907462,10.3639484696636,-14.75));
#9624=CARTESIAN_POINT('',(-2.89900009200577,9.92492406197439,-14.75));
#9625=CARTESIAN_POINT('Ctrl Pts',(-2.68406105907462,10.3639484696636,-14.75));
#9626=CARTESIAN_POINT('Ctrl Pts',(-2.78771959977901,10.2435216356099,-14.75));
#9627=CARTESIAN_POINT('Ctrl Pts',(-2.85936594408939,10.0971801663802,-14.75));
#9628=CARTESIAN_POINT('Ctrl Pts',(-2.89900009200577,9.9249240619744,-14.75));
#9629=CARTESIAN_POINT('',(-2.94244521568335,9.38986306510323,-14.75));
#9630=CARTESIAN_POINT('Ctrl Pts',(-2.89900009200577,9.9249240619744,-14.75));
#9631=CARTESIAN_POINT('Ctrl Pts',(-2.92796350779082,9.80144844731182,-14.75));
#9632=CARTESIAN_POINT('Ctrl Pts',(-2.94244521568335,9.62309478168809,-14.75));
#9633=CARTESIAN_POINT('Ctrl Pts',(-2.94244521568335,9.38986306510323,-14.75));
#9634=CARTESIAN_POINT('',(-2.94244521568335,8.35632643866831,-14.75));
#9635=CARTESIAN_POINT('',(-2.94244521568335,4.69493153255162,-14.75));
#9636=CARTESIAN_POINT('',(-1.47122260784167,8.35632643866831,-14.75));
#9637=CARTESIAN_POINT('',(-0.507231704282512,10.128430167622,-14.75));
#9638=CARTESIAN_POINT('',(-0.296865842264791,9.39443623601665,-14.75));
#9639=CARTESIAN_POINT('Ctrl Pts',(-0.507231704282511,10.128430167622,-14.75));
#9640=CARTESIAN_POINT('Ctrl Pts',(-0.472120100936725,10.0941165552613,-14.75));
#9641=CARTESIAN_POINT('Ctrl Pts',(-0.442722442727115,10.0548286885909,-14.75));
#9642=CARTESIAN_POINT('Ctrl Pts',(-0.390366916756247,9.96474638655276,-14.75));
#9643=CARTESIAN_POINT('Ctrl Pts',(-0.368738785398695,9.91330058671907,-14.75));
#9644=CARTESIAN_POINT('Ctrl Pts',(-0.333104613808254,9.80342855764854,-14.75));
#9645=CARTESIAN_POINT('Ctrl Pts',(-0.296865842264791,9.67338588946579,-14.75));
#9646=CARTESIAN_POINT('Ctrl Pts',(-0.296865842264791,9.39443623601665,-14.75));
#9647=CARTESIAN_POINT('',(-0.296865842264791,8.75419230813662,-14.75));
#9648=CARTESIAN_POINT('',(-0.296865842264791,4.37709615406831,-14.75));
#9649=CARTESIAN_POINT('',(-2.58802446989261,8.75419230813662,-14.75));
#9650=CARTESIAN_POINT('',(-1.29401223494631,8.75419230813662,-14.75));
#9651=CARTESIAN_POINT('',(-2.58802446989261,9.38528989418979,-14.75));
#9652=CARTESIAN_POINT('',(-2.58802446989261,4.6926449470949,-14.75));
#9653=CARTESIAN_POINT('',(-2.52628666256133,9.89748503649382,-14.75));
#9654=CARTESIAN_POINT('Ctrl Pts',(-2.58802446989261,9.38528989418979,-14.75));
#9655=CARTESIAN_POINT('Ctrl Pts',(-2.58802446989261,9.62004600107914,-14.75));
#9656=CARTESIAN_POINT('Ctrl Pts',(-2.56744520078218,9.79077771518048,-14.75));
#9657=CARTESIAN_POINT('Ctrl Pts',(-2.52628666256133,9.89748503649382,-14.75));
#9658=CARTESIAN_POINT('',(-1.46531101064585,10.4279728624516,-14.75));
#9659=CARTESIAN_POINT('Ctrl Pts',(-2.52628666256133,9.89748503649382,-14.75));
#9660=CARTESIAN_POINT('Ctrl Pts',(-2.4698842212957,10.045350896028,-14.75));
#9661=CARTESIAN_POINT('Ctrl Pts',(-2.35746043634058,10.1707319985712,-14.75));
#9662=CARTESIAN_POINT('Ctrl Pts',(-2.18901530769595,10.2736283441233,-14.75));
#9663=CARTESIAN_POINT('Ctrl Pts',(-2.02057017905132,10.3765246896755,-14.75));
#9664=CARTESIAN_POINT('Ctrl Pts',(-1.77933541336796,10.4279728624516,-14.75));
#9665=CARTESIAN_POINT('Ctrl Pts',(-1.46531101064585,10.4279728624516,-14.75));
#9666=CARTESIAN_POINT('Ctrl Pts',(-1.46531101064585,10.4279728624516,-14.75));
#9667=CARTESIAN_POINT('Ctrl Pts',(-1.23817685527888,10.4279728624516,-14.75));
#9668=CARTESIAN_POINT('Ctrl Pts',(-1.04534148176263,10.4016771296993,-14.75));
#9669=CARTESIAN_POINT('Ctrl Pts',(-0.886804890097104,10.3490856641949,-14.75));
#9670=CARTESIAN_POINT('Ctrl Pts',(-0.728268298431573,10.2964941986905,-14.75));
#9671=CARTESIAN_POINT('Ctrl Pts',(-0.601743903160042,10.2229423664995,-14.75));
#9672=CARTESIAN_POINT('Ctrl Pts',(-0.507231704282511,10.128430167622,-14.75));
#9673=CARTESIAN_POINT('Origin',(-2.58802446989261,9.38528989418979,71.5693030253109));
#9674=CARTESIAN_POINT('',(-2.58802446989261,8.75419230813662,-15.));
#9675=CARTESIAN_POINT('',(-2.58802446989261,8.75419230813662,71.5693030253109));
#9676=CARTESIAN_POINT('',(-2.58802446989261,9.38528989418979,-15.));
#9677=CARTESIAN_POINT('',(-2.58802446989261,4.6926449470949,-15.));
#9678=CARTESIAN_POINT('',(-2.58802446989261,9.38528989418979,71.5693030253109));
#9679=CARTESIAN_POINT('Origin',(-2.58802446989261,8.75419230813662,71.5693030253109));
#9680=CARTESIAN_POINT('',(-0.296865842264791,8.75419230813662,-15.));
#9681=CARTESIAN_POINT('',(-0.296865842264791,8.75419230813662,71.5693030253109));
#9682=CARTESIAN_POINT('',(-1.29401223494631,8.75419230813662,-15.));
#9683=CARTESIAN_POINT('Origin',(-0.296865842264791,8.75419230813662,71.5693030253109));
#9684=CARTESIAN_POINT('',(-0.296865842264791,9.39443623601665,-15.));
#9685=CARTESIAN_POINT('',(-0.296865842264791,9.39443623601665,71.5693030253109));
#9686=CARTESIAN_POINT('',(-0.296865842264791,4.37709615406831,-15.));
#9687=CARTESIAN_POINT('Ctrl Pts',(-0.507231704282511,10.128430167622,71.5693030253109));
#9688=CARTESIAN_POINT('Ctrl Pts',(-0.507231704282511,10.128430167622,-101.569303025311));
#9689=CARTESIAN_POINT('Ctrl Pts',(-0.40662194418708,10.0301069929833,71.5693030253109));
#9690=CARTESIAN_POINT('Ctrl Pts',(-0.40662194418708,10.0301069929833,-101.569303025311));
#9691=CARTESIAN_POINT('Ctrl Pts',(-0.296865842264791,9.69169234538953,71.5693030253109));
#9692=CARTESIAN_POINT('Ctrl Pts',(-0.296865842264791,9.69169234538953,-101.569303025311));
#9693=CARTESIAN_POINT('Ctrl Pts',(-0.296865842264791,9.39443623601665,71.5693030253109));
#9694=CARTESIAN_POINT('Ctrl Pts',(-0.296865842264791,9.39443623601665,-101.569303025311));
#9695=CARTESIAN_POINT('',(-0.507231704282512,10.128430167622,-15.));
#9696=CARTESIAN_POINT('',(-0.507231704282512,10.128430167622,71.5693030253109));
#9697=CARTESIAN_POINT('Ctrl Pts',(-0.296865842264791,9.39443623601665,-15.));
#9698=CARTESIAN_POINT('Ctrl Pts',(-0.296865842264791,9.69169234538953,-15.));
#9699=CARTESIAN_POINT('Ctrl Pts',(-0.40662194418708,10.0301069929833,-15.));
#9700=CARTESIAN_POINT('Ctrl Pts',(-0.507231704282511,10.128430167622,-15.));
#9701=CARTESIAN_POINT('Ctrl Pts',(-2.89900009200577,9.9249240619744,71.5693030253109));
#9702=CARTESIAN_POINT('Ctrl Pts',(-2.89900009200577,9.9249240619744,-101.569303025311));
#9703=CARTESIAN_POINT('Ctrl Pts',(-2.8395488701312,10.1833082185831,71.5693030253109));
#9704=CARTESIAN_POINT('Ctrl Pts',(-2.8395488701312,10.1833082185831,-101.569303025311));
#9705=CARTESIAN_POINT('Ctrl Pts',(-2.68406105907462,10.3639484696636,71.5693030253109));
#9706=CARTESIAN_POINT('Ctrl Pts',(-2.68406105907462,10.3639484696636,-101.569303025311));
#9707=CARTESIAN_POINT('',(-2.68406105907462,10.3639484696636,-15.));
#9708=CARTESIAN_POINT('',(-2.68406105907462,10.3639484696636,71.5693030253109));
#9709=CARTESIAN_POINT('',(-2.89900009200577,9.92492406197439,-15.));
#9710=CARTESIAN_POINT('Ctrl Pts',(-2.89900009200577,9.9249240619744,-15.));
#9711=CARTESIAN_POINT('Ctrl Pts',(-2.8395488701312,10.1833082185831,-15.));
#9712=CARTESIAN_POINT('Ctrl Pts',(-2.68406105907462,10.3639484696636,-15.));
#9713=CARTESIAN_POINT('',(-2.89900009200577,9.92492406197439,71.5693030253109));
#9714=CARTESIAN_POINT('Ctrl Pts',(-2.68406105907462,10.3639484696636,71.5693030253109));
#9715=CARTESIAN_POINT('Ctrl Pts',(-2.68406105907462,10.3639484696636,-101.569303025311));
#9716=CARTESIAN_POINT('Ctrl Pts',(-2.48512812434047,10.6017533571619,71.5693030253109));
#9717=CARTESIAN_POINT('Ctrl Pts',(-2.48512812434047,10.6017533571619,-101.569303025311));
#9718=CARTESIAN_POINT('Ctrl Pts',(-1.86089029465744,10.8372716592034,71.5693030253109));
#9719=CARTESIAN_POINT('Ctrl Pts',(-1.86089029465744,10.8372716592034,-101.569303025311));
#9720=CARTESIAN_POINT('Ctrl Pts',(-1.4584512542757,10.8372716592034,71.5693030253109));
#9721=CARTESIAN_POINT('Ctrl Pts',(-1.4584512542757,10.8372716592034,-101.569303025311));
#9722=CARTESIAN_POINT('',(-1.4584512542757,10.8372716592034,-15.));
#9723=CARTESIAN_POINT('',(-1.4584512542757,10.8372716592034,71.5693030253109));
#9724=CARTESIAN_POINT('Ctrl Pts',(-2.68406105907462,10.3639484696636,-15.));
#9725=CARTESIAN_POINT('Ctrl Pts',(-2.48512812434047,10.6017533571619,-15.));
#9726=CARTESIAN_POINT('Ctrl Pts',(-1.86089029465744,10.8372716592034,-15.));
#9727=CARTESIAN_POINT('Ctrl Pts',(-1.4584512542757,10.8372716592034,-15.));
#9728=CARTESIAN_POINT('Ctrl Pts',(-1.4584512542757,10.8372716592034,71.5693030253109));
#9729=CARTESIAN_POINT('Ctrl Pts',(-1.4584512542757,10.8372716592034,-101.569303025311));
#9730=CARTESIAN_POINT('Ctrl Pts',(-1.11775002122526,10.8372716592034,71.5693030253109));
#9731=CARTESIAN_POINT('Ctrl Pts',(-1.11775002122526,10.8372716592034,-101.569303025311));
#9732=CARTESIAN_POINT('Ctrl Pts',(-0.589548780724232,10.6772106772334,71.5693030253109));
#9733=CARTESIAN_POINT('Ctrl Pts',(-0.589548780724232,10.6772106772334,-101.569303025311));
#9734=CARTESIAN_POINT('Ctrl Pts',(-0.244274376760356,10.4279728624516,71.5693030253109));
#9735=CARTESIAN_POINT('Ctrl Pts',(-0.244274376760356,10.4279728624516,-101.569303025311));
#9736=CARTESIAN_POINT('Ctrl Pts',(-0.0453414420262055,10.1307167530787,
71.5693030253109));
#9737=CARTESIAN_POINT('Ctrl Pts',(-0.0453414420262055,10.1307167530787,
-101.569303025311));
#9738=CARTESIAN_POINT('Ctrl Pts',(0.0575549035259426,9.71227161449995,71.5693030253109));
#9739=CARTESIAN_POINT('Ctrl Pts',(0.0575549035259426,9.71227161449995,-101.569303025311));
#9740=CARTESIAN_POINT('Ctrl Pts',(0.0575549035259426,9.44016794515094,71.5693030253109));
#9741=CARTESIAN_POINT('Ctrl Pts',(0.0575549035259426,9.44016794515094,-101.569303025311));
#9742=CARTESIAN_POINT('',(0.0575549035259426,9.44016794515094,-15.));
#9743=CARTESIAN_POINT('',(0.0575549035259426,9.44016794515094,71.5693030253109));
#9744=CARTESIAN_POINT('Ctrl Pts',(-1.4584512542757,10.8372716592034,-15.));
#9745=CARTESIAN_POINT('Ctrl Pts',(-1.11775002122526,10.8372716592034,-15.));
#9746=CARTESIAN_POINT('Ctrl Pts',(-0.589548780724232,10.6772106772334,-15.));
#9747=CARTESIAN_POINT('Ctrl Pts',(-0.244274376760356,10.4279728624516,-15.));
#9748=CARTESIAN_POINT('Ctrl Pts',(-0.0453414420262055,10.1307167530787,
-15.));
#9749=CARTESIAN_POINT('Ctrl Pts',(0.0575549035259426,9.71227161449995,-15.));
#9750=CARTESIAN_POINT('Ctrl Pts',(0.0575549035259426,9.44016794515094,-15.));
#9751=CARTESIAN_POINT('Origin',(0.0575549035259426,8.35632643866831,71.5693030253109));
#9752=CARTESIAN_POINT('',(0.0575549035259426,8.35632643866831,-15.));
#9753=CARTESIAN_POINT('',(0.0575549035259426,8.35632643866831,71.5693030253109));
#9754=CARTESIAN_POINT('',(0.0575549035259426,4.17816321933416,-15.));
#9755=CARTESIAN_POINT('Ctrl Pts',(-1.46531101064585,10.4279728624516,71.5693030253109));
#9756=CARTESIAN_POINT('Ctrl Pts',(-1.46531101064585,10.4279728624516,-101.569303025311));
#9757=CARTESIAN_POINT('Ctrl Pts',(-1.1246097775954,10.4279728624516,71.5693030253109));
#9758=CARTESIAN_POINT('Ctrl Pts',(-1.1246097775954,10.4279728624516,-101.569303025311));
#9759=CARTESIAN_POINT('Ctrl Pts',(-0.649000002598807,10.2701984659383,71.5693030253109));
#9760=CARTESIAN_POINT('Ctrl Pts',(-0.649000002598807,10.2701984659383,-101.569303025311));
#9761=CARTESIAN_POINT('Ctrl Pts',(-0.507231704282511,10.128430167622,71.5693030253109));
#9762=CARTESIAN_POINT('Ctrl Pts',(-0.507231704282511,10.128430167622,-101.569303025311));
#9763=CARTESIAN_POINT('',(-1.46531101064585,10.4279728624516,-15.));
#9764=CARTESIAN_POINT('',(-1.46531101064585,10.4279728624516,71.5693030253109));
#9765=CARTESIAN_POINT('Ctrl Pts',(-0.507231704282511,10.128430167622,-15.));
#9766=CARTESIAN_POINT('Ctrl Pts',(-0.649000002598807,10.2701984659383,-15.));
#9767=CARTESIAN_POINT('Ctrl Pts',(-1.1246097775954,10.4279728624516,-15.));
#9768=CARTESIAN_POINT('Ctrl Pts',(-1.46531101064585,10.4279728624516,-15.));
#9769=CARTESIAN_POINT('Ctrl Pts',(-2.52628666256133,9.89748503649382,71.5693030253109));
#9770=CARTESIAN_POINT('Ctrl Pts',(-2.52628666256133,9.89748503649382,-101.569303025311));
#9771=CARTESIAN_POINT('Ctrl Pts',(-2.44168300066289,10.1192838257951,71.5693030253109));
#9772=CARTESIAN_POINT('Ctrl Pts',(-2.44168300066289,10.1192838257951,-101.569303025311));
#9773=CARTESIAN_POINT('Ctrl Pts',(-1.93634761472901,10.4279728624516,71.5693030253109));
#9774=CARTESIAN_POINT('Ctrl Pts',(-1.93634761472901,10.4279728624516,-101.569303025311));
#9775=CARTESIAN_POINT('Ctrl Pts',(-1.46531101064585,10.4279728624516,71.5693030253109));
#9776=CARTESIAN_POINT('Ctrl Pts',(-1.46531101064585,10.4279728624516,-101.569303025311));
#9777=CARTESIAN_POINT('',(-2.52628666256133,9.89748503649382,-15.));
#9778=CARTESIAN_POINT('',(-2.52628666256133,9.89748503649382,71.5693030253109));
#9779=CARTESIAN_POINT('Ctrl Pts',(-1.46531101064585,10.4279728624516,-15.));
#9780=CARTESIAN_POINT('Ctrl Pts',(-1.93634761472901,10.4279728624516,-15.));
#9781=CARTESIAN_POINT('Ctrl Pts',(-2.44168300066289,10.1192838257951,-15.));
#9782=CARTESIAN_POINT('Ctrl Pts',(-2.52628666256133,9.89748503649382,-15.));
#9783=CARTESIAN_POINT('Ctrl Pts',(-2.58802446989261,9.38528989418979,71.5693030253109));
#9784=CARTESIAN_POINT('Ctrl Pts',(-2.58802446989261,9.38528989418979,-101.569303025311));
#9785=CARTESIAN_POINT('Ctrl Pts',(-2.58802446989261,9.73742405452382,71.5693030253109));
#9786=CARTESIAN_POINT('Ctrl Pts',(-2.58802446989261,9.73742405452382,-101.569303025311));
#9787=CARTESIAN_POINT('Ctrl Pts',(-2.52628666256133,9.89748503649382,71.5693030253109));
#9788=CARTESIAN_POINT('Ctrl Pts',(-2.52628666256133,9.89748503649382,-101.569303025311));
#9789=CARTESIAN_POINT('Ctrl Pts',(-2.52628666256133,9.89748503649382,-15.));
#9790=CARTESIAN_POINT('Ctrl Pts',(-2.58802446989261,9.73742405452382,-15.));
#9791=CARTESIAN_POINT('Ctrl Pts',(-2.58802446989261,9.38528989418979,-15.));
#9792=CARTESIAN_POINT('Ctrl Pts',(-2.94244521568335,9.38986306510323,71.5693030253109));
#9793=CARTESIAN_POINT('Ctrl Pts',(-2.94244521568335,9.38986306510323,-101.569303025311));
#9794=CARTESIAN_POINT('Ctrl Pts',(-2.94244521568335,9.73971063998053,71.5693030253109));
#9795=CARTESIAN_POINT('Ctrl Pts',(-2.94244521568335,9.73971063998053,-101.569303025311));
#9796=CARTESIAN_POINT('Ctrl Pts',(-2.89900009200577,9.9249240619744,71.5693030253109));
#9797=CARTESIAN_POINT('Ctrl Pts',(-2.89900009200577,9.9249240619744,-101.569303025311));
#9798=CARTESIAN_POINT('',(-2.94244521568335,9.38986306510323,-15.));
#9799=CARTESIAN_POINT('Ctrl Pts',(-2.94244521568335,9.38986306510323,-15.));
#9800=CARTESIAN_POINT('Ctrl Pts',(-2.94244521568335,9.73971063998053,-15.));
#9801=CARTESIAN_POINT('Ctrl Pts',(-2.89900009200577,9.9249240619744,-15.));
#9802=CARTESIAN_POINT('',(-2.94244521568335,9.38986306510323,71.5693030253109));
#9803=CARTESIAN_POINT('Origin',(-2.94244521568335,9.38986306510323,71.5693030253109));
#9804=CARTESIAN_POINT('',(-2.94244521568335,8.35632643866831,-15.));
#9805=CARTESIAN_POINT('',(-2.94244521568335,4.69493153255162,-15.));
#9806=CARTESIAN_POINT('',(-2.94244521568335,8.35632643866831,71.5693030253109));
#9807=CARTESIAN_POINT('Origin',(-2.94244521568335,8.35632643866831,71.5693030253109));
#9808=CARTESIAN_POINT('',(-1.47122260784167,8.35632643866831,-15.));
#9809=CARTESIAN_POINT('Origin',(1.14984717164623E-15,5.55111512312578E-15,
-14.75));
#9810=CARTESIAN_POINT('',(4.7786623864361,-4.38109809214748,-14.75));
#9811=CARTESIAN_POINT('',(1.76722933994324,-4.38109809214748,-14.75));
#9812=CARTESIAN_POINT('',(2.38933119321805,-4.38109809214748,-14.75));
#9813=CARTESIAN_POINT('',(1.76722933994324,-4.61890297964578,-14.75));
#9814=CARTESIAN_POINT('',(1.76722933994324,-2.19054904607374,-14.75));
#9815=CARTESIAN_POINT('',(2.51951595520228,-5.48551886774054,-14.75));
#9816=CARTESIAN_POINT('Ctrl Pts',(1.76722933994324,-4.61890297964578,-14.75));
#9817=CARTESIAN_POINT('Ctrl Pts',(1.89680251582372,-4.68292737243378,-14.75));
#9818=CARTESIAN_POINT('Ctrl Pts',(2.03056776504151,-4.79192127920384,-14.75));
#9819=CARTESIAN_POINT('Ctrl Pts',(2.16852508759662,-4.94588469995594,-14.75));
#9820=CARTESIAN_POINT('Ctrl Pts',(2.30648241015172,-5.09984812070804,-14.75));
#9821=CARTESIAN_POINT('Ctrl Pts',(2.42347936602027,-5.27972617663624,-14.75));
#9822=CARTESIAN_POINT('Ctrl Pts',(2.51951595520228,-5.48551886774054,-14.75));
#9823=CARTESIAN_POINT('',(2.87622328644972,-5.48551886774054,-14.75));
#9824=CARTESIAN_POINT('',(1.25975797760114,-5.48551886774054,-14.75));
#9825=CARTESIAN_POINT('',(2.43262570784713,-4.7492383506785,-14.75));
#9826=CARTESIAN_POINT('Ctrl Pts',(2.87622328644972,-5.48551886774054,-14.75));
#9827=CARTESIAN_POINT('Ctrl Pts',(2.83354035792439,-5.37118959490481,-14.75));
#9828=CARTESIAN_POINT('Ctrl Pts',(2.7698970627125,-5.24199751660045,-14.75));
#9829=CARTESIAN_POINT('Ctrl Pts',(2.68529340081407,-5.09794263282744,-14.75));
#9830=CARTESIAN_POINT('Ctrl Pts',(2.60068973891564,-4.95388774905444,-14.75));
#9831=CARTESIAN_POINT('Ctrl Pts',(2.51646717459332,-4.83765298833812,-14.75));
#9832=CARTESIAN_POINT('Ctrl Pts',(2.43262570784713,-4.7492383506785,-14.75));
#9833=CARTESIAN_POINT('',(4.7786623864361,-4.7492383506785,-14.75));
#9834=CARTESIAN_POINT('',(1.21631285392357,-4.7492383506785,-14.75));
#9835=CARTESIAN_POINT('',(4.7786623864361,-2.37461917533925,-14.75));
#9836=CARTESIAN_POINT('Origin',(2.51951595520228,-5.48551886774054,71.5693030253109));
#9837=CARTESIAN_POINT('',(2.51951595520228,-5.48551886774054,-15.));
#9838=CARTESIAN_POINT('',(2.51951595520228,-5.48551886774054,71.5693030253109));
#9839=CARTESIAN_POINT('',(2.87622328644972,-5.48551886774054,-15.));
#9840=CARTESIAN_POINT('',(1.25975797760114,-5.48551886774054,-15.));
#9841=CARTESIAN_POINT('',(2.87622328644972,-5.48551886774054,71.5693030253109));
#9842=CARTESIAN_POINT('Ctrl Pts',(2.51951595520228,-5.48551886774054,71.5693030253109));
#9843=CARTESIAN_POINT('Ctrl Pts',(2.51951595520228,-5.48551886774054,-101.569303025311));
#9844=CARTESIAN_POINT('Ctrl Pts',(2.37546107142927,-5.17682983108409,71.5693030253109));
#9845=CARTESIAN_POINT('Ctrl Pts',(2.37546107142927,-5.17682983108409,-101.569303025311));
#9846=CARTESIAN_POINT('Ctrl Pts',(1.96158910376396,-4.71493956882779,71.5693030253109));
#9847=CARTESIAN_POINT('Ctrl Pts',(1.96158910376396,-4.71493956882779,-101.569303025311));
#9848=CARTESIAN_POINT('Ctrl Pts',(1.76722933994324,-4.61890297964578,71.5693030253109));
#9849=CARTESIAN_POINT('Ctrl Pts',(1.76722933994324,-4.61890297964578,-101.569303025311));
#9850=CARTESIAN_POINT('',(1.76722933994324,-4.61890297964578,-15.));
#9851=CARTESIAN_POINT('',(1.76722933994324,-4.61890297964578,71.5693030253109));
#9852=CARTESIAN_POINT('Ctrl Pts',(2.51951595520228,-5.48551886774054,-15.));
#9853=CARTESIAN_POINT('Ctrl Pts',(2.37546107142927,-5.17682983108409,-15.));
#9854=CARTESIAN_POINT('Ctrl Pts',(1.96158910376396,-4.71493956882779,-15.));
#9855=CARTESIAN_POINT('Ctrl Pts',(1.76722933994324,-4.61890297964578,-15.));
#9856=CARTESIAN_POINT('Origin',(1.76722933994324,-4.38109809214748,71.5693030253109));
#9857=CARTESIAN_POINT('',(1.76722933994324,-4.38109809214748,-15.));
#9858=CARTESIAN_POINT('',(1.76722933994324,-4.38109809214748,71.5693030253109));
#9859=CARTESIAN_POINT('',(1.76722933994324,-2.19054904607374,-15.));
#9860=CARTESIAN_POINT('Origin',(4.7786623864361,-4.38109809214748,71.5693030253109));
#9861=CARTESIAN_POINT('',(4.7786623864361,-4.38109809214748,-15.));
#9862=CARTESIAN_POINT('',(4.7786623864361,-4.38109809214748,71.5693030253109));
#9863=CARTESIAN_POINT('',(2.38933119321805,-4.38109809214748,-15.));
#9864=CARTESIAN_POINT('Ctrl Pts',(2.43262570784713,-4.7492383506785,71.5693030253109));
#9865=CARTESIAN_POINT('Ctrl Pts',(2.43262570784713,-4.7492383506785,-101.569303025311));
#9866=CARTESIAN_POINT('Ctrl Pts',(2.55838790796642,-4.88186030716793,71.5693030253109));
#9867=CARTESIAN_POINT('Ctrl Pts',(2.55838790796642,-4.88186030716793,-101.569303025311));
#9868=CARTESIAN_POINT('Ctrl Pts',(2.81219889366172,-5.31402495848695,71.5693030253109));
#9869=CARTESIAN_POINT('Ctrl Pts',(2.81219889366172,-5.31402495848695,-101.569303025311));
#9870=CARTESIAN_POINT('Ctrl Pts',(2.87622328644972,-5.48551886774054,71.5693030253109));
#9871=CARTESIAN_POINT('Ctrl Pts',(2.87622328644972,-5.48551886774054,-101.569303025311));
#9872=CARTESIAN_POINT('',(2.43262570784713,-4.7492383506785,-15.));
#9873=CARTESIAN_POINT('Ctrl Pts',(2.43262570784713,-4.7492383506785,-15.));
#9874=CARTESIAN_POINT('Ctrl Pts',(2.55838790796642,-4.88186030716793,-15.));
#9875=CARTESIAN_POINT('Ctrl Pts',(2.81219889366172,-5.31402495848695,-15.));
#9876=CARTESIAN_POINT('Ctrl Pts',(2.87622328644972,-5.48551886774054,-15.));
#9877=CARTESIAN_POINT('',(2.43262570784713,-4.7492383506785,71.5693030253109));
#9878=CARTESIAN_POINT('Origin',(2.43262570784713,-4.7492383506785,71.5693030253109));
#9879=CARTESIAN_POINT('',(4.7786623864361,-4.7492383506785,-15.));
#9880=CARTESIAN_POINT('',(1.21631285392357,-4.7492383506785,-15.));
#9881=CARTESIAN_POINT('',(4.7786623864361,-4.7492383506785,71.5693030253109));
#9882=CARTESIAN_POINT('Origin',(4.7786623864361,-4.7492383506785,71.5693030253109));
#9883=CARTESIAN_POINT('',(4.7786623864361,-2.37461917533925,-15.));
#9884=CARTESIAN_POINT('Origin',(1.14984717164623E-15,5.55111512312578E-15,
-14.75));
#9885=CARTESIAN_POINT('',(3.99207698932635,-3.43673829852444,-14.75));
#9886=CARTESIAN_POINT('',(4.82896726648382,-2.47179923579096,-14.75));
#9887=CARTESIAN_POINT('Ctrl Pts',(3.99207698932635,-3.43673829852444,-14.75));
#9888=CARTESIAN_POINT('Ctrl Pts',(4.24512577986941,-3.41234805365281,-14.75));
#9889=CARTESIAN_POINT('Ctrl Pts',(4.44786969036475,-3.31364378143798,-14.75));
#9890=CARTESIAN_POINT('Ctrl Pts',(4.60030872081238,-3.14062548187992,-14.75));
#9891=CARTESIAN_POINT('Ctrl Pts',(4.75274775126,-2.96760718232186,-14.75));
#9892=CARTESIAN_POINT('Ctrl Pts',(4.82896726648382,-2.74466510029221,-14.75));
#9893=CARTESIAN_POINT('Ctrl Pts',(4.82896726648382,-2.47179923579096,-14.75));
#9894=CARTESIAN_POINT('',(4.46540017886623,-1.68521383868121,-14.75));
#9895=CARTESIAN_POINT('Ctrl Pts',(4.82896726648382,-2.47179923579096,-14.75));
#9896=CARTESIAN_POINT('Ctrl Pts',(4.82896726648382,-2.13948214941513,-14.75));
#9897=CARTESIAN_POINT('Ctrl Pts',(4.70777823727795,-1.87728701704522,-14.75));
#9898=CARTESIAN_POINT('Ctrl Pts',(4.46540017886623,-1.68521383868121,-14.75));
#9899=CARTESIAN_POINT('',(3.75884527274148,-1.44740895118291,-14.75));
#9900=CARTESIAN_POINT('Ctrl Pts',(4.46540017886623,-1.68521383868121,-14.75));
#9901=CARTESIAN_POINT('Ctrl Pts',(4.26722943928431,-1.52667724701568,-14.75));
#9902=CARTESIAN_POINT('Ctrl Pts',(4.03171113724273,-1.44740895118291,-14.75));
#9903=CARTESIAN_POINT('Ctrl Pts',(3.75884527274148,-1.44740895118291,-14.75));
#9904=CARTESIAN_POINT('',(2.78704645363786,-2.38033581752238,-14.75));
#9905=CARTESIAN_POINT('Ctrl Pts',(3.75884527274148,-1.44740895118291,-14.75));
#9906=CARTESIAN_POINT('Ctrl Pts',(3.47378428580442,-1.44740895118291,-14.75));
#9907=CARTESIAN_POINT('Ctrl Pts',(3.24055256921955,-1.53734797914701,-14.75));
#9908=CARTESIAN_POINT('Ctrl Pts',(3.05915012298687,-1.71722603507521,-14.75));
#9909=CARTESIAN_POINT('Ctrl Pts',(2.8777476767542,-1.89710409100341,-14.75));
#9910=CARTESIAN_POINT('Ctrl Pts',(2.78704645363786,-2.11814068515247,-14.75));
#9911=CARTESIAN_POINT('Ctrl Pts',(2.78704645363786,-2.38033581752239,-14.75));
#9912=CARTESIAN_POINT('',(2.97454646108844,-2.94740901078756,-14.75));
#9913=CARTESIAN_POINT('Ctrl Pts',(2.78704645363786,-2.38033581752239,-14.75));
#9914=CARTESIAN_POINT('Ctrl Pts',(2.78704645363786,-2.47965011647902,-14.75));
#9915=CARTESIAN_POINT('Ctrl Pts',(2.80274373859601,-2.57643858769201,-14.75));
#9916=CARTESIAN_POINT('Ctrl Pts',(2.8666450716166,-2.76970115585185,-14.75));
#9917=CARTESIAN_POINT('Ctrl Pts',(2.91506666134753,-2.86181612823357,-14.75));
#9918=CARTESIAN_POINT('Ctrl Pts',(2.97454646108844,-2.94740901078756,-14.75));
#9919=CARTESIAN_POINT('',(2.16966838032497,-2.78506144336083,-14.75));
#9920=CARTESIAN_POINT('',(1.25978493209428,-2.60153381601884,-14.75));
#9921=CARTESIAN_POINT('',(2.16966838032497,-1.5891772494992,-14.75));
#9922=CARTESIAN_POINT('',(2.16966838032497,-1.39253072168041,-14.75));
#9923=CARTESIAN_POINT('',(1.81753421999095,-1.5891772494992,-14.75));
#9924=CARTESIAN_POINT('',(1.08483419016249,-1.5891772494992,-14.75));
#9925=CARTESIAN_POINT('',(1.81753421999095,-3.08003096727699,-14.75));
#9926=CARTESIAN_POINT('',(1.81753421999095,-0.794588624749599,-14.75));
#9927=CARTESIAN_POINT('',(3.35869281781646,-3.37042732027972,-14.75));
#9928=CARTESIAN_POINT('',(0.659695053679386,-2.86186245967822,-14.75));
#9929=CARTESIAN_POINT('',(3.40442452695075,-3.02515291631584,-14.75));
#9930=CARTESIAN_POINT('',(3.54909869213477,-1.93286296917649,-14.75));
#9931=CARTESIAN_POINT('',(3.11174158849131,-2.47865899216111,-14.75));
#9932=CARTESIAN_POINT('Ctrl Pts',(3.40442452695075,-3.02515291631584,-14.75));
#9933=CARTESIAN_POINT('Ctrl Pts',(3.3175342795956,-2.9702748653547,-14.75));
#9934=CARTESIAN_POINT('Ctrl Pts',(3.24703122801357,-2.89519864285924,-14.75));
#9935=CARTESIAN_POINT('Ctrl Pts',(3.19291537220467,-2.79992424882948,-14.75));
#9936=CARTESIAN_POINT('Ctrl Pts',(3.13879951639576,-2.70464985479971,-14.75));
#9937=CARTESIAN_POINT('Ctrl Pts',(3.11174158849131,-2.59756143591025,-14.75));
#9938=CARTESIAN_POINT('Ctrl Pts',(3.11174158849131,-2.4786589921611,-14.75));
#9939=CARTESIAN_POINT('',(3.7931440545922,-1.83841506428107,-14.75));
#9940=CARTESIAN_POINT('Ctrl Pts',(3.11174158849131,-2.4786589921611,-14.75));
#9941=CARTESIAN_POINT('Ctrl Pts',(3.11174158849131,-2.28658581379709,-14.75));
#9942=CARTESIAN_POINT('Ctrl Pts',(3.17271720067036,-2.13186019789275,-14.75));
#9943=CARTESIAN_POINT('Ctrl Pts',(3.29466842502846,-2.01448214444808,-14.75));
#9944=CARTESIAN_POINT('Ctrl Pts',(3.41661964938656,-1.89710409100341,-14.75));
#9945=CARTESIAN_POINT('Ctrl Pts',(3.58277819257447,-1.83841506428107,-14.75));
#9946=CARTESIAN_POINT('Ctrl Pts',(3.7931440545922,-1.83841506428107,-14.75));
#9947=CARTESIAN_POINT('',(4.52713798619752,-2.47408582124768,-14.75));
#9948=CARTESIAN_POINT('Ctrl Pts',(3.7931440545922,-1.83841506428107,-14.75));
#9949=CARTESIAN_POINT('Ctrl Pts',(4.01418064874125,-1.83841506428107,-14.75));
#9950=CARTESIAN_POINT('Ctrl Pts',(4.19177211921274,-1.89939067646012,-14.75));
#9951=CARTESIAN_POINT('Ctrl Pts',(4.32591846600665,-2.02134190081822,-14.75));
#9952=CARTESIAN_POINT('Ctrl Pts',(4.46006481280056,-2.14329312517632,-14.75));
#9953=CARTESIAN_POINT('Ctrl Pts',(4.52713798619752,-2.29420776531948,-14.75));
#9954=CARTESIAN_POINT('Ctrl Pts',(4.52713798619752,-2.47408582124768,-14.75));
#9955=CARTESIAN_POINT('',(3.96006479293235,-3.0503053563397,-14.75));
#9956=CARTESIAN_POINT('Ctrl Pts',(4.52713798619752,-2.47408582124768,-14.75));
#9957=CARTESIAN_POINT('Ctrl Pts',(4.52713798619752,-2.62195168078187,-14.75));
#9958=CARTESIAN_POINT('Ctrl Pts',(4.47988188675875,-2.74771388090116,-14.75));
#9959=CARTESIAN_POINT('Ctrl Pts',(4.38536968788123,-2.85137242160555,-14.75));
#9960=CARTESIAN_POINT('Ctrl Pts',(4.2908574890037,-2.95503096230993,-14.75));
#9961=CARTESIAN_POINT('Ctrl Pts',(4.1490891906874,-3.02134194055465,-14.75));
#9962=CARTESIAN_POINT('Ctrl Pts',(3.96006479293235,-3.0503053563397,-14.75));
#9963=CARTESIAN_POINT('',(3.82108654115862,-1.37263931707107,-14.75));
#9964=CARTESIAN_POINT('Origin',(2.16966838032497,-1.5891772494992,71.5693030253109));
#9965=CARTESIAN_POINT('',(2.16966838032497,-1.5891772494992,-15.));
#9966=CARTESIAN_POINT('',(2.16966838032497,-1.5891772494992,71.5693030253109));
#9967=CARTESIAN_POINT('',(1.81753421999095,-1.5891772494992,-15.));
#9968=CARTESIAN_POINT('',(1.08483419016249,-1.5891772494992,-15.));
#9969=CARTESIAN_POINT('',(1.81753421999095,-1.5891772494992,71.5693030253109));
#9970=CARTESIAN_POINT('Origin',(2.16966838032497,-2.78506144336083,71.5693030253109));
#9971=CARTESIAN_POINT('',(2.16966838032497,-2.78506144336083,-15.));
#9972=CARTESIAN_POINT('',(2.16966838032497,-2.78506144336083,71.5693030253109));
#9973=CARTESIAN_POINT('',(2.16966838032497,-1.39253072168041,-15.));
#9974=CARTESIAN_POINT('Origin',(2.97454646108844,-2.94740901078756,71.5693030253109));
#9975=CARTESIAN_POINT('',(2.97454646108844,-2.94740901078756,-15.));
#9976=CARTESIAN_POINT('',(2.97454646108844,-2.94740901078756,71.5693030253109));
#9977=CARTESIAN_POINT('',(1.25978493209428,-2.60153381601884,-15.));
#9978=CARTESIAN_POINT('Ctrl Pts',(2.97454646108844,-2.94740901078756,71.5693030253109));
#9979=CARTESIAN_POINT('Ctrl Pts',(2.97454646108844,-2.94740901078756,-101.569303025311));
#9980=CARTESIAN_POINT('Ctrl Pts',(2.78704645363786,-2.67759192689526,71.5693030253109));
#9981=CARTESIAN_POINT('Ctrl Pts',(2.78704645363786,-2.67759192689526,-101.569303025311));
#9982=CARTESIAN_POINT('Ctrl Pts',(2.78704645363786,-2.38033581752239,71.5693030253109));
#9983=CARTESIAN_POINT('Ctrl Pts',(2.78704645363786,-2.38033581752239,-101.569303025311));
#9984=CARTESIAN_POINT('',(2.78704645363786,-2.38033581752238,-15.));
#9985=CARTESIAN_POINT('',(2.78704645363786,-2.38033581752238,71.5693030253109));
#9986=CARTESIAN_POINT('Ctrl Pts',(2.97454646108844,-2.94740901078756,-15.));
#9987=CARTESIAN_POINT('Ctrl Pts',(2.78704645363786,-2.67759192689526,-15.));
#9988=CARTESIAN_POINT('Ctrl Pts',(2.78704645363786,-2.38033581752239,-15.));
#9989=CARTESIAN_POINT('Ctrl Pts',(2.78704645363786,-2.38033581752239,71.5693030253109));
#9990=CARTESIAN_POINT('Ctrl Pts',(2.78704645363786,-2.38033581752239,-101.569303025311));
#9991=CARTESIAN_POINT('Ctrl Pts',(2.78704645363786,-1.98704311896751,71.5693030253109));
#9992=CARTESIAN_POINT('Ctrl Pts',(2.78704645363786,-1.98704311896751,-101.569303025311));
#9993=CARTESIAN_POINT('Ctrl Pts',(3.33125379233589,-1.44740895118291,71.5693030253109));
#9994=CARTESIAN_POINT('Ctrl Pts',(3.33125379233589,-1.44740895118291,-101.569303025311));
#9995=CARTESIAN_POINT('Ctrl Pts',(3.75884527274148,-1.44740895118291,71.5693030253109));
#9996=CARTESIAN_POINT('Ctrl Pts',(3.75884527274148,-1.44740895118291,-101.569303025311));
#9997=CARTESIAN_POINT('',(3.75884527274148,-1.44740895118291,-15.));
#9998=CARTESIAN_POINT('',(3.75884527274148,-1.44740895118291,71.5693030253109));
#9999=CARTESIAN_POINT('Ctrl Pts',(2.78704645363786,-2.38033581752239,-15.));
#10000=CARTESIAN_POINT('Ctrl Pts',(2.78704645363786,-1.98704311896751,-15.));
#10001=CARTESIAN_POINT('Ctrl Pts',(3.33125379233589,-1.44740895118291,-15.));
#10002=CARTESIAN_POINT('Ctrl Pts',(3.75884527274148,-1.44740895118291,-15.));
#10003=CARTESIAN_POINT('Ctrl Pts',(3.75884527274148,-1.44740895118291,71.5693030253109));
#10004=CARTESIAN_POINT('Ctrl Pts',(3.75884527274148,-1.44740895118291,-101.569303025311));
#10005=CARTESIAN_POINT('Ctrl Pts',(4.16814406949336,-1.44740895118291,71.5693030253109));
#10006=CARTESIAN_POINT('Ctrl Pts',(4.16814406949336,-1.44740895118291,-101.569303025311));
#10007=CARTESIAN_POINT('Ctrl Pts',(4.46540017886623,-1.68521383868121,71.5693030253109));
#10008=CARTESIAN_POINT('Ctrl Pts',(4.46540017886623,-1.68521383868121,-101.569303025311));
#10009=CARTESIAN_POINT('',(4.46540017886623,-1.68521383868121,-15.));
#10010=CARTESIAN_POINT('',(4.46540017886623,-1.68521383868121,71.5693030253109));
#10011=CARTESIAN_POINT('Ctrl Pts',(3.75884527274148,-1.44740895118291,-15.));
#10012=CARTESIAN_POINT('Ctrl Pts',(4.16814406949336,-1.44740895118291,-15.));
#10013=CARTESIAN_POINT('Ctrl Pts',(4.46540017886623,-1.68521383868121,-15.));
#10014=CARTESIAN_POINT('Ctrl Pts',(4.46540017886623,-1.68521383868121,71.5693030253109));
#10015=CARTESIAN_POINT('Ctrl Pts',(4.46540017886623,-1.68521383868121,-101.569303025311));
#10016=CARTESIAN_POINT('Ctrl Pts',(4.82896726648382,-1.97332360622722,71.5693030253109));
#10017=CARTESIAN_POINT('Ctrl Pts',(4.82896726648382,-1.97332360622722,-101.569303025311));
#10018=CARTESIAN_POINT('Ctrl Pts',(4.82896726648382,-2.47179923579096,71.5693030253109));
#10019=CARTESIAN_POINT('Ctrl Pts',(4.82896726648382,-2.47179923579096,-101.569303025311));
#10020=CARTESIAN_POINT('',(4.82896726648382,-2.47179923579096,-15.));
#10021=CARTESIAN_POINT('',(4.82896726648382,-2.47179923579096,71.5693030253109));
#10022=CARTESIAN_POINT('Ctrl Pts',(4.46540017886623,-1.68521383868121,-15.));
#10023=CARTESIAN_POINT('Ctrl Pts',(4.82896726648382,-1.97332360622722,-15.));
#10024=CARTESIAN_POINT('Ctrl Pts',(4.82896726648382,-2.47179923579096,-15.));
#10025=CARTESIAN_POINT('Ctrl Pts',(4.82896726648382,-2.47179923579096,71.5693030253109));
#10026=CARTESIAN_POINT('Ctrl Pts',(4.82896726648382,-2.47179923579096,-101.569303025311));
#10027=CARTESIAN_POINT('Ctrl Pts',(4.82896726648382,-2.88109803254283,71.5693030253109));
#10028=CARTESIAN_POINT('Ctrl Pts',(4.82896726648382,-2.88109803254283,-101.569303025311));
#10029=CARTESIAN_POINT('Ctrl Pts',(4.37165017514094,-3.400152931217,71.5693030253109));
#10030=CARTESIAN_POINT('Ctrl Pts',(4.37165017514094,-3.400152931217,-101.569303025311));
#10031=CARTESIAN_POINT('Ctrl Pts',(3.99207698932635,-3.43673829852444,71.5693030253109));
#10032=CARTESIAN_POINT('Ctrl Pts',(3.99207698932635,-3.43673829852444,-101.569303025311));
#10033=CARTESIAN_POINT('',(3.99207698932635,-3.43673829852444,-15.));
#10034=CARTESIAN_POINT('',(3.99207698932635,-3.43673829852444,71.5693030253109));
#10035=CARTESIAN_POINT('Ctrl Pts',(4.82896726648382,-2.47179923579096,-15.));
#10036=CARTESIAN_POINT('Ctrl Pts',(4.82896726648382,-2.88109803254283,-15.));
#10037=CARTESIAN_POINT('Ctrl Pts',(4.37165017514094,-3.400152931217,-15.));
#10038=CARTESIAN_POINT('Ctrl Pts',(3.99207698932635,-3.43673829852444,-15.));
#10039=CARTESIAN_POINT('Origin',(1.81753421999095,-1.5891772494992,71.5693030253109));
#10040=CARTESIAN_POINT('',(1.81753421999095,-3.08003096727699,-15.));
#10041=CARTESIAN_POINT('',(1.81753421999095,-0.794588624749599,-15.));
#10042=CARTESIAN_POINT('',(1.81753421999095,-3.08003096727699,71.5693030253109));
#10043=CARTESIAN_POINT('Origin',(1.81753421999095,-3.08003096727699,71.5693030253109));
#10044=CARTESIAN_POINT('',(3.35869281781646,-3.37042732027972,-15.));
#10045=CARTESIAN_POINT('',(0.659695053679386,-2.86186245967822,-15.));
#10046=CARTESIAN_POINT('',(3.35869281781646,-3.37042732027972,71.5693030253109));
#10047=CARTESIAN_POINT('Origin',(3.35869281781646,-3.37042732027972,71.5693030253109));
#10048=CARTESIAN_POINT('',(3.40442452695075,-3.02515291631584,-15.));
#10049=CARTESIAN_POINT('',(3.54909869213477,-1.93286296917649,-15.));
#10050=CARTESIAN_POINT('',(3.40442452695075,-3.02515291631584,71.5693030253109));
#10051=CARTESIAN_POINT('Ctrl Pts',(3.11174158849131,-2.4786589921611,71.5693030253109));
#10052=CARTESIAN_POINT('Ctrl Pts',(3.11174158849131,-2.4786589921611,-101.569303025311));
#10053=CARTESIAN_POINT('Ctrl Pts',(3.11174158849131,-2.65701265778483,71.5693030253109));
#10054=CARTESIAN_POINT('Ctrl Pts',(3.11174158849131,-2.65701265778483,-101.569303025311));
#10055=CARTESIAN_POINT('Ctrl Pts',(3.27408915591803,-2.94283583987413,71.5693030253109));
#10056=CARTESIAN_POINT('Ctrl Pts',(3.27408915591803,-2.94283583987413,-101.569303025311));
#10057=CARTESIAN_POINT('Ctrl Pts',(3.40442452695075,-3.02515291631584,71.5693030253109));
#10058=CARTESIAN_POINT('Ctrl Pts',(3.40442452695075,-3.02515291631584,-101.569303025311));
#10059=CARTESIAN_POINT('',(3.11174158849131,-2.47865899216111,-15.));
#10060=CARTESIAN_POINT('Ctrl Pts',(3.11174158849131,-2.4786589921611,-15.));
#10061=CARTESIAN_POINT('Ctrl Pts',(3.11174158849131,-2.65701265778483,-15.));
#10062=CARTESIAN_POINT('Ctrl Pts',(3.27408915591803,-2.94283583987413,-15.));
#10063=CARTESIAN_POINT('Ctrl Pts',(3.40442452695075,-3.02515291631584,-15.));
#10064=CARTESIAN_POINT('',(3.11174158849131,-2.47865899216111,71.5693030253109));
#10065=CARTESIAN_POINT('Ctrl Pts',(3.7931440545922,-1.83841506428107,71.5693030253109));
#10066=CARTESIAN_POINT('Ctrl Pts',(3.7931440545922,-1.83841506428107,-101.569303025311));
#10067=CARTESIAN_POINT('Ctrl Pts',(3.47759526156561,-1.83841506428107,71.5693030253109));
#10068=CARTESIAN_POINT('Ctrl Pts',(3.47759526156561,-1.83841506428107,-101.569303025311));
#10069=CARTESIAN_POINT('Ctrl Pts',(3.11174158849131,-2.19054922461509,71.5693030253109));
#10070=CARTESIAN_POINT('Ctrl Pts',(3.11174158849131,-2.19054922461509,-101.569303025311));
#10071=CARTESIAN_POINT('Ctrl Pts',(3.11174158849131,-2.4786589921611,71.5693030253109));
#10072=CARTESIAN_POINT('Ctrl Pts',(3.11174158849131,-2.4786589921611,-101.569303025311));
#10073=CARTESIAN_POINT('',(3.7931440545922,-1.83841506428107,-15.));
#10074=CARTESIAN_POINT('Ctrl Pts',(3.7931440545922,-1.83841506428107,-15.));
#10075=CARTESIAN_POINT('Ctrl Pts',(3.47759526156561,-1.83841506428107,-15.));
#10076=CARTESIAN_POINT('Ctrl Pts',(3.11174158849131,-2.19054922461509,-15.));
#10077=CARTESIAN_POINT('Ctrl Pts',(3.11174158849131,-2.4786589921611,-15.));
#10078=CARTESIAN_POINT('',(3.7931440545922,-1.83841506428107,71.5693030253109));
#10079=CARTESIAN_POINT('Ctrl Pts',(4.52713798619752,-2.47408582124768,71.5693030253109));
#10080=CARTESIAN_POINT('Ctrl Pts',(4.52713798619752,-2.47408582124768,-101.569303025311));
#10081=CARTESIAN_POINT('Ctrl Pts',(4.52713798619752,-2.20426873735537,71.5693030253109));
#10082=CARTESIAN_POINT('Ctrl Pts',(4.52713798619752,-2.20426873735537,-101.569303025311));
#10083=CARTESIAN_POINT('Ctrl Pts',(4.12469894581578,-1.83841506428107,71.5693030253109));
#10084=CARTESIAN_POINT('Ctrl Pts',(4.12469894581578,-1.83841506428107,-101.569303025311));
#10085=CARTESIAN_POINT('Ctrl Pts',(3.7931440545922,-1.83841506428107,71.5693030253109));
#10086=CARTESIAN_POINT('Ctrl Pts',(3.7931440545922,-1.83841506428107,-101.569303025311));
#10087=CARTESIAN_POINT('',(4.52713798619752,-2.47408582124768,-15.));
#10088=CARTESIAN_POINT('Ctrl Pts',(4.52713798619752,-2.47408582124768,-15.));
#10089=CARTESIAN_POINT('Ctrl Pts',(4.52713798619752,-2.20426873735537,-15.));
#10090=CARTESIAN_POINT('Ctrl Pts',(4.12469894581578,-1.83841506428107,-15.));
#10091=CARTESIAN_POINT('Ctrl Pts',(3.7931440545922,-1.83841506428107,-15.));
#10092=CARTESIAN_POINT('',(4.52713798619752,-2.47408582124768,71.5693030253109));
#10093=CARTESIAN_POINT('Ctrl Pts',(3.96006479293235,-3.0503053563397,71.5693030253109));
#10094=CARTESIAN_POINT('Ctrl Pts',(3.96006479293235,-3.0503053563397,-101.569303025311));
#10095=CARTESIAN_POINT('Ctrl Pts',(4.24360138956493,-3.00686023266213,71.5693030253109));
#10096=CARTESIAN_POINT('Ctrl Pts',(4.24360138956493,-3.00686023266213,-101.569303025311));
#10097=CARTESIAN_POINT('Ctrl Pts',(4.52713798619752,-2.69588461054897,71.5693030253109));
#10098=CARTESIAN_POINT('Ctrl Pts',(4.52713798619752,-2.69588461054897,-101.569303025311));
#10099=CARTESIAN_POINT('Ctrl Pts',(4.52713798619752,-2.47408582124768,71.5693030253109));
#10100=CARTESIAN_POINT('Ctrl Pts',(4.52713798619752,-2.47408582124768,-101.569303025311));
#10101=CARTESIAN_POINT('',(3.96006479293235,-3.0503053563397,-15.));
#10102=CARTESIAN_POINT('Ctrl Pts',(3.96006479293235,-3.0503053563397,-15.));
#10103=CARTESIAN_POINT('Ctrl Pts',(4.24360138956493,-3.00686023266213,-15.));
#10104=CARTESIAN_POINT('Ctrl Pts',(4.52713798619752,-2.69588461054897,-15.));
#10105=CARTESIAN_POINT('Ctrl Pts',(4.52713798619752,-2.47408582124768,-15.));
#10106=CARTESIAN_POINT('',(3.96006479293235,-3.0503053563397,71.5693030253109));
#10107=CARTESIAN_POINT('Origin',(3.96006479293235,-3.0503053563397,71.5693030253109));
#10108=CARTESIAN_POINT('',(3.82108654115862,-1.37263931707107,-15.));
#10109=CARTESIAN_POINT('Origin',(1.14984717164623E-15,5.55111512312578E-15,
-14.75));
#10110=CARTESIAN_POINT('',(3.99207698932635,-1.10670771813246,-14.75));
#10111=CARTESIAN_POINT('',(4.82896726648382,-0.141768655398988,-14.75));
#10112=CARTESIAN_POINT('Ctrl Pts',(3.99207698932635,-1.10670771813246,-14.75));
#10113=CARTESIAN_POINT('Ctrl Pts',(4.24512577986941,-1.08231747326084,-14.75));
#10114=CARTESIAN_POINT('Ctrl Pts',(4.44786969036475,-0.983613201046005,
-14.75));
#10115=CARTESIAN_POINT('Ctrl Pts',(4.60030872081238,-0.810594901487949,
-14.75));
#10116=CARTESIAN_POINT('Ctrl Pts',(4.75274775126,-0.637576601929892,-14.75));
#10117=CARTESIAN_POINT('Ctrl Pts',(4.82896726648382,-0.414634519900239,
-14.75));
#10118=CARTESIAN_POINT('Ctrl Pts',(4.82896726648382,-0.141768655398988,
-14.75));
#10119=CARTESIAN_POINT('',(4.46540017886623,0.644816741710765,-14.75));
#10120=CARTESIAN_POINT('Ctrl Pts',(4.82896726648382,-0.141768655398988,
-14.75));
#10121=CARTESIAN_POINT('Ctrl Pts',(4.82896726648382,0.190548430976836,-14.75));
#10122=CARTESIAN_POINT('Ctrl Pts',(4.70777823727795,0.452743563346754,-14.75));
#10123=CARTESIAN_POINT('Ctrl Pts',(4.46540017886623,0.644816741710765,-14.75));
#10124=CARTESIAN_POINT('',(3.75884527274148,0.882621629209059,-14.75));
#10125=CARTESIAN_POINT('Ctrl Pts',(4.46540017886623,0.644816741710765,-14.75));
#10126=CARTESIAN_POINT('Ctrl Pts',(4.26722943928431,0.803353333376295,-14.75));
#10127=CARTESIAN_POINT('Ctrl Pts',(4.03171113724273,0.882621629209059,-14.75));
#10128=CARTESIAN_POINT('Ctrl Pts',(3.75884527274148,0.882621629209059,-14.75));
#10129=CARTESIAN_POINT('',(2.78704645363786,-0.0503052371304147,-14.75));
#10130=CARTESIAN_POINT('Ctrl Pts',(3.75884527274148,0.882621629209059,-14.75));
#10131=CARTESIAN_POINT('Ctrl Pts',(3.47378428580442,0.882621629209059,-14.75));
#10132=CARTESIAN_POINT('Ctrl Pts',(3.24055256921955,0.79268260124496,-14.75));
#10133=CARTESIAN_POINT('Ctrl Pts',(3.05915012298687,0.612804545316761,-14.75));
#10134=CARTESIAN_POINT('Ctrl Pts',(2.8777476767542,0.432926489388562,-14.75));
#10135=CARTESIAN_POINT('Ctrl Pts',(2.78704645363786,0.211889895239503,-14.75));
#10136=CARTESIAN_POINT('Ctrl Pts',(2.78704645363786,-0.0503052371304147,
-14.75));
#10137=CARTESIAN_POINT('',(2.97454646108844,-0.617378430395585,-14.75));
#10138=CARTESIAN_POINT('Ctrl Pts',(2.78704645363786,-0.0503052371304147,
-14.75));
#10139=CARTESIAN_POINT('Ctrl Pts',(2.78704645363786,-0.149619536087047,
-14.75));
#10140=CARTESIAN_POINT('Ctrl Pts',(2.80274373859601,-0.246408007300041,
-14.75));
#10141=CARTESIAN_POINT('Ctrl Pts',(2.8666450716166,-0.439670575459874,-14.75));
#10142=CARTESIAN_POINT('Ctrl Pts',(2.91506666134753,-0.531785547841596,
-14.75));
#10143=CARTESIAN_POINT('Ctrl Pts',(2.97454646108844,-0.617378430395585,
-14.75));
#10144=CARTESIAN_POINT('',(2.16966838032497,-0.455030862968862,-14.75));
#10145=CARTESIAN_POINT('',(1.48558711234615,-0.317048561757223,-14.75));
#10146=CARTESIAN_POINT('',(2.16966838032497,0.740853330892768,-14.75));
#10147=CARTESIAN_POINT('',(2.16966838032497,-0.227515431484428,-14.75));
#10148=CARTESIAN_POINT('',(1.81753421999095,0.740853330892768,-14.75));
#10149=CARTESIAN_POINT('',(1.08483419016249,0.740853330892768,-14.75));
#10150=CARTESIAN_POINT('',(1.81753421999095,-0.750000386885019,-14.75));
#10151=CARTESIAN_POINT('',(1.81753421999095,0.370426665446388,-14.75));
#10152=CARTESIAN_POINT('',(3.35869281781646,-1.04039673988775,-14.75));
#10153=CARTESIAN_POINT('',(0.871688928766165,-0.571777312722485,-14.75));
#10154=CARTESIAN_POINT('',(3.40442452695075,-0.695122335923872,-14.75));
#10155=CARTESIAN_POINT('',(3.39745237618322,-0.747762074218698,-14.75));
#10156=CARTESIAN_POINT('',(3.1117415884913,-0.148628411769134,-14.75));
#10157=CARTESIAN_POINT('Ctrl Pts',(3.40442452695075,-0.695122335923872,
-14.75));
#10158=CARTESIAN_POINT('Ctrl Pts',(3.35078333854923,-0.661243690617652,
-14.75));
#10159=CARTESIAN_POINT('Ctrl Pts',(3.30369207196612,-0.619859578280879,
-14.75));
#10160=CARTESIAN_POINT('Ctrl Pts',(3.23267445350552,-0.535119527260159,
-14.75));
#10161=CARTESIAN_POINT('Ctrl Pts',(3.19119974981584,-0.477730601366212,
-14.75));
#10162=CARTESIAN_POINT('Ctrl Pts',(3.12649267502122,-0.321902121872155,
-14.75));
#10163=CARTESIAN_POINT('Ctrl Pts',(3.1117415884913,-0.23642052808119,-14.75));
#10164=CARTESIAN_POINT('Ctrl Pts',(3.1117415884913,-0.148628411769134,-14.75));
#10165=CARTESIAN_POINT('',(3.79314405459219,0.491615516110899,-14.75));
#10166=CARTESIAN_POINT('Ctrl Pts',(3.1117415884913,-0.148628411769134,-14.75));
#10167=CARTESIAN_POINT('Ctrl Pts',(3.1117415884913,0.0434447665948771,-14.75));
#10168=CARTESIAN_POINT('Ctrl Pts',(3.17271720067035,0.198170382499219,-14.75));
#10169=CARTESIAN_POINT('Ctrl Pts',(3.29466842502846,0.315548435943891,-14.75));
#10170=CARTESIAN_POINT('Ctrl Pts',(3.41661964938656,0.432926489388563,-14.75));
#10171=CARTESIAN_POINT('Ctrl Pts',(3.58277819257447,0.491615516110899,-14.75));
#10172=CARTESIAN_POINT('Ctrl Pts',(3.79314405459219,0.491615516110899,-14.75));
#10173=CARTESIAN_POINT('',(4.52713798619752,-0.144055240855705,-14.75));
#10174=CARTESIAN_POINT('Ctrl Pts',(3.79314405459219,0.491615516110899,-14.75));
#10175=CARTESIAN_POINT('Ctrl Pts',(4.01418064874125,0.491615516110899,-14.75));
#10176=CARTESIAN_POINT('Ctrl Pts',(4.19177211921274,0.430639903931849,-14.75));
#10177=CARTESIAN_POINT('Ctrl Pts',(4.32591846600665,0.308688679573748,-14.75));
#10178=CARTESIAN_POINT('Ctrl Pts',(4.46006481280056,0.186737455215646,-14.75));
#10179=CARTESIAN_POINT('Ctrl Pts',(4.52713798619752,0.0358228150724956,
-14.75));
#10180=CARTESIAN_POINT('Ctrl Pts',(4.52713798619752,-0.144055240855705,
-14.75));
#10181=CARTESIAN_POINT('',(3.96006479293235,-0.720274775947729,-14.75));
#10182=CARTESIAN_POINT('Ctrl Pts',(4.52713798619752,-0.144055240855705,
-14.75));
#10183=CARTESIAN_POINT('Ctrl Pts',(4.52713798619752,-0.291921100389902,
-14.75));
#10184=CARTESIAN_POINT('Ctrl Pts',(4.47988188675875,-0.417683300509193,
-14.75));
#10185=CARTESIAN_POINT('Ctrl Pts',(4.38536968788122,-0.521341841213578,
-14.75));
#10186=CARTESIAN_POINT('Ctrl Pts',(4.2908574890037,-0.625000381917964,-14.75));
#10187=CARTESIAN_POINT('Ctrl Pts',(4.1490891906874,-0.691311360162681,-14.75));
#10188=CARTESIAN_POINT('Ctrl Pts',(3.96006479293235,-0.720274775947729,
-14.75));
#10189=CARTESIAN_POINT('',(3.91693889629315,-0.199683595088795,-14.75));
#10190=CARTESIAN_POINT('Origin',(2.16966838032497,0.740853330892768,71.5693030253109));
#10191=CARTESIAN_POINT('',(2.16966838032497,0.740853330892768,-15.));
#10192=CARTESIAN_POINT('',(2.16966838032497,0.740853330892768,71.5693030253109));
#10193=CARTESIAN_POINT('',(1.81753421999095,0.740853330892768,-15.));
#10194=CARTESIAN_POINT('',(1.08483419016249,0.740853330892768,-15.));
#10195=CARTESIAN_POINT('',(1.81753421999095,0.740853330892768,71.5693030253109));
#10196=CARTESIAN_POINT('Origin',(2.16966838032497,-0.455030862968862,71.5693030253109));
#10197=CARTESIAN_POINT('',(2.16966838032497,-0.455030862968862,-15.));
#10198=CARTESIAN_POINT('',(2.16966838032497,-0.455030862968862,71.5693030253109));
#10199=CARTESIAN_POINT('',(2.16966838032497,-0.227515431484428,-15.));
#10200=CARTESIAN_POINT('Origin',(2.97454646108844,-0.617378430395585,71.5693030253109));
#10201=CARTESIAN_POINT('',(2.97454646108844,-0.617378430395585,-15.));
#10202=CARTESIAN_POINT('',(2.97454646108844,-0.617378430395585,71.5693030253109));
#10203=CARTESIAN_POINT('',(1.48558711234615,-0.317048561757223,-15.));
#10204=CARTESIAN_POINT('Ctrl Pts',(2.97454646108844,-0.617378430395585,
71.5693030253109));
#10205=CARTESIAN_POINT('Ctrl Pts',(2.97454646108844,-0.617378430395585,
-101.569303025311));
#10206=CARTESIAN_POINT('Ctrl Pts',(2.78704645363786,-0.347561346503285,
71.5693030253109));
#10207=CARTESIAN_POINT('Ctrl Pts',(2.78704645363786,-0.347561346503285,
-101.569303025311));
#10208=CARTESIAN_POINT('Ctrl Pts',(2.78704645363786,-0.0503052371304147,
71.5693030253109));
#10209=CARTESIAN_POINT('Ctrl Pts',(2.78704645363786,-0.0503052371304147,
-101.569303025311));
#10210=CARTESIAN_POINT('',(2.78704645363786,-0.0503052371304147,-15.));
#10211=CARTESIAN_POINT('',(2.78704645363786,-0.0503052371304147,71.5693030253109));
#10212=CARTESIAN_POINT('Ctrl Pts',(2.97454646108844,-0.617378430395585,
-15.));
#10213=CARTESIAN_POINT('Ctrl Pts',(2.78704645363786,-0.347561346503285,
-15.));
#10214=CARTESIAN_POINT('Ctrl Pts',(2.78704645363786,-0.0503052371304147,
-15.));
#10215=CARTESIAN_POINT('Ctrl Pts',(2.78704645363786,-0.0503052371304147,
71.5693030253109));
#10216=CARTESIAN_POINT('Ctrl Pts',(2.78704645363786,-0.0503052371304147,
-101.569303025311));
#10217=CARTESIAN_POINT('Ctrl Pts',(2.78704645363786,0.342987461424462,71.5693030253109));
#10218=CARTESIAN_POINT('Ctrl Pts',(2.78704645363786,0.342987461424462,-101.569303025311));
#10219=CARTESIAN_POINT('Ctrl Pts',(3.33125379233588,0.882621629209059,71.5693030253109));
#10220=CARTESIAN_POINT('Ctrl Pts',(3.33125379233588,0.882621629209059,-101.569303025311));
#10221=CARTESIAN_POINT('Ctrl Pts',(3.75884527274148,0.882621629209059,71.5693030253109));
#10222=CARTESIAN_POINT('Ctrl Pts',(3.75884527274148,0.882621629209059,-101.569303025311));
#10223=CARTESIAN_POINT('',(3.75884527274148,0.882621629209059,-15.));
#10224=CARTESIAN_POINT('',(3.75884527274148,0.882621629209059,71.5693030253109));
#10225=CARTESIAN_POINT('Ctrl Pts',(2.78704645363786,-0.0503052371304147,
-15.));
#10226=CARTESIAN_POINT('Ctrl Pts',(2.78704645363786,0.342987461424462,-15.));
#10227=CARTESIAN_POINT('Ctrl Pts',(3.33125379233588,0.882621629209059,-15.));
#10228=CARTESIAN_POINT('Ctrl Pts',(3.75884527274148,0.882621629209059,-15.));
#10229=CARTESIAN_POINT('Ctrl Pts',(3.75884527274148,0.882621629209059,71.5693030253109));
#10230=CARTESIAN_POINT('Ctrl Pts',(3.75884527274148,0.882621629209059,-101.569303025311));
#10231=CARTESIAN_POINT('Ctrl Pts',(4.16814406949336,0.882621629209059,71.5693030253109));
#10232=CARTESIAN_POINT('Ctrl Pts',(4.16814406949336,0.882621629209059,-101.569303025311));
#10233=CARTESIAN_POINT('Ctrl Pts',(4.46540017886623,0.644816741710765,71.5693030253109));
#10234=CARTESIAN_POINT('Ctrl Pts',(4.46540017886623,0.644816741710765,-101.569303025311));
#10235=CARTESIAN_POINT('',(4.46540017886623,0.644816741710765,-15.));
#10236=CARTESIAN_POINT('',(4.46540017886623,0.644816741710765,71.5693030253109));
#10237=CARTESIAN_POINT('Ctrl Pts',(3.75884527274148,0.882621629209059,-15.));
#10238=CARTESIAN_POINT('Ctrl Pts',(4.16814406949336,0.882621629209059,-15.));
#10239=CARTESIAN_POINT('Ctrl Pts',(4.46540017886623,0.644816741710765,-15.));
#10240=CARTESIAN_POINT('Ctrl Pts',(4.46540017886623,0.644816741710765,71.5693030253109));
#10241=CARTESIAN_POINT('Ctrl Pts',(4.46540017886623,0.644816741710765,-101.569303025311));
#10242=CARTESIAN_POINT('Ctrl Pts',(4.82896726648382,0.356706974164749,71.5693030253109));
#10243=CARTESIAN_POINT('Ctrl Pts',(4.82896726648382,0.356706974164749,-101.569303025311));
#10244=CARTESIAN_POINT('Ctrl Pts',(4.82896726648382,-0.141768655398988,
71.5693030253109));
#10245=CARTESIAN_POINT('Ctrl Pts',(4.82896726648382,-0.141768655398988,
-101.569303025311));
#10246=CARTESIAN_POINT('',(4.82896726648382,-0.141768655398988,-15.));
#10247=CARTESIAN_POINT('',(4.82896726648382,-0.141768655398988,71.5693030253109));
#10248=CARTESIAN_POINT('Ctrl Pts',(4.46540017886623,0.644816741710765,-15.));
#10249=CARTESIAN_POINT('Ctrl Pts',(4.82896726648382,0.356706974164749,-15.));
#10250=CARTESIAN_POINT('Ctrl Pts',(4.82896726648382,-0.141768655398988,
-15.));
#10251=CARTESIAN_POINT('Ctrl Pts',(4.82896726648382,-0.141768655398988,
71.5693030253109));
#10252=CARTESIAN_POINT('Ctrl Pts',(4.82896726648382,-0.141768655398988,
-101.569303025311));
#10253=CARTESIAN_POINT('Ctrl Pts',(4.82896726648382,-0.551067452150864,
71.5693030253109));
#10254=CARTESIAN_POINT('Ctrl Pts',(4.82896726648382,-0.551067452150864,
-101.569303025311));
#10255=CARTESIAN_POINT('Ctrl Pts',(4.37165017514094,-1.07012235082503,71.5693030253109));
#10256=CARTESIAN_POINT('Ctrl Pts',(4.37165017514094,-1.07012235082503,-101.569303025311));
#10257=CARTESIAN_POINT('Ctrl Pts',(3.99207698932635,-1.10670771813246,71.5693030253109));
#10258=CARTESIAN_POINT('Ctrl Pts',(3.99207698932635,-1.10670771813246,-101.569303025311));
#10259=CARTESIAN_POINT('',(3.99207698932635,-1.10670771813246,-15.));
#10260=CARTESIAN_POINT('',(3.99207698932635,-1.10670771813246,71.5693030253109));
#10261=CARTESIAN_POINT('Ctrl Pts',(4.82896726648382,-0.141768655398988,
-15.));
#10262=CARTESIAN_POINT('Ctrl Pts',(4.82896726648382,-0.551067452150864,
-15.));
#10263=CARTESIAN_POINT('Ctrl Pts',(4.37165017514094,-1.07012235082503,-15.));
#10264=CARTESIAN_POINT('Ctrl Pts',(3.99207698932635,-1.10670771813246,-15.));
#10265=CARTESIAN_POINT('Origin',(1.81753421999095,0.740853330892768,71.5693030253109));
#10266=CARTESIAN_POINT('',(1.81753421999095,-0.750000386885019,-15.));
#10267=CARTESIAN_POINT('',(1.81753421999095,0.370426665446388,-15.));
#10268=CARTESIAN_POINT('',(1.81753421999095,-0.750000386885019,71.5693030253109));
#10269=CARTESIAN_POINT('Origin',(1.81753421999095,-0.750000386885019,71.5693030253109));
#10270=CARTESIAN_POINT('',(3.35869281781646,-1.04039673988775,-15.));
#10271=CARTESIAN_POINT('',(0.871688928766165,-0.571777312722485,-15.));
#10272=CARTESIAN_POINT('',(3.35869281781646,-1.04039673988775,71.5693030253109));
#10273=CARTESIAN_POINT('Origin',(3.35869281781646,-1.04039673988775,71.5693030253109));
#10274=CARTESIAN_POINT('',(3.40442452695075,-0.695122335923872,-15.));
#10275=CARTESIAN_POINT('',(3.39745237618322,-0.747762074218698,-15.));
#10276=CARTESIAN_POINT('',(3.40442452695075,-0.695122335923872,71.5693030253109));
#10277=CARTESIAN_POINT('Ctrl Pts',(3.1117415884913,-0.148628411769134,71.5693030253109));
#10278=CARTESIAN_POINT('Ctrl Pts',(3.1117415884913,-0.148628411769134,-101.569303025311));
#10279=CARTESIAN_POINT('Ctrl Pts',(3.1117415884913,-0.326982077392857,71.5693030253109));
#10280=CARTESIAN_POINT('Ctrl Pts',(3.1117415884913,-0.326982077392857,-101.569303025311));
#10281=CARTESIAN_POINT('Ctrl Pts',(3.27408915591803,-0.612805259482156,
71.5693030253109));
#10282=CARTESIAN_POINT('Ctrl Pts',(3.27408915591803,-0.612805259482156,
-101.569303025311));
#10283=CARTESIAN_POINT('Ctrl Pts',(3.40442452695075,-0.695122335923872,
71.5693030253109));
#10284=CARTESIAN_POINT('Ctrl Pts',(3.40442452695075,-0.695122335923872,
-101.569303025311));
#10285=CARTESIAN_POINT('',(3.1117415884913,-0.148628411769134,-15.));
#10286=CARTESIAN_POINT('Ctrl Pts',(3.1117415884913,-0.148628411769134,-15.));
#10287=CARTESIAN_POINT('Ctrl Pts',(3.1117415884913,-0.326982077392857,-15.));
#10288=CARTESIAN_POINT('Ctrl Pts',(3.27408915591803,-0.612805259482156,
-15.));
#10289=CARTESIAN_POINT('Ctrl Pts',(3.40442452695075,-0.695122335923872,
-15.));
#10290=CARTESIAN_POINT('',(3.1117415884913,-0.148628411769134,71.5693030253109));
#10291=CARTESIAN_POINT('Ctrl Pts',(3.79314405459219,0.491615516110899,71.5693030253109));
#10292=CARTESIAN_POINT('Ctrl Pts',(3.79314405459219,0.491615516110899,-101.569303025311));
#10293=CARTESIAN_POINT('Ctrl Pts',(3.47759526156561,0.491615516110899,71.5693030253109));
#10294=CARTESIAN_POINT('Ctrl Pts',(3.47759526156561,0.491615516110899,-101.569303025311));
#10295=CARTESIAN_POINT('Ctrl Pts',(3.1117415884913,0.139481355776883,71.5693030253109));
#10296=CARTESIAN_POINT('Ctrl Pts',(3.1117415884913,0.139481355776883,-101.569303025311));
#10297=CARTESIAN_POINT('Ctrl Pts',(3.1117415884913,-0.148628411769134,71.5693030253109));
#10298=CARTESIAN_POINT('Ctrl Pts',(3.1117415884913,-0.148628411769134,-101.569303025311));
#10299=CARTESIAN_POINT('',(3.79314405459219,0.491615516110899,-15.));
#10300=CARTESIAN_POINT('Ctrl Pts',(3.79314405459219,0.491615516110899,-15.));
#10301=CARTESIAN_POINT('Ctrl Pts',(3.47759526156561,0.491615516110899,-15.));
#10302=CARTESIAN_POINT('Ctrl Pts',(3.1117415884913,0.139481355776883,-15.));
#10303=CARTESIAN_POINT('Ctrl Pts',(3.1117415884913,-0.148628411769134,-15.));
#10304=CARTESIAN_POINT('',(3.79314405459219,0.491615516110899,71.5693030253109));
#10305=CARTESIAN_POINT('Ctrl Pts',(4.52713798619752,-0.144055240855705,
71.5693030253109));
#10306=CARTESIAN_POINT('Ctrl Pts',(4.52713798619752,-0.144055240855705,
-101.569303025311));
#10307=CARTESIAN_POINT('Ctrl Pts',(4.52713798619752,0.125761843036596,71.5693030253109));
#10308=CARTESIAN_POINT('Ctrl Pts',(4.52713798619752,0.125761843036596,-101.569303025311));
#10309=CARTESIAN_POINT('Ctrl Pts',(4.12469894581578,0.491615516110899,71.5693030253109));
#10310=CARTESIAN_POINT('Ctrl Pts',(4.12469894581578,0.491615516110899,-101.569303025311));
#10311=CARTESIAN_POINT('Ctrl Pts',(3.79314405459219,0.491615516110899,71.5693030253109));
#10312=CARTESIAN_POINT('Ctrl Pts',(3.79314405459219,0.491615516110899,-101.569303025311));
#10313=CARTESIAN_POINT('',(4.52713798619752,-0.144055240855705,-15.));
#10314=CARTESIAN_POINT('Ctrl Pts',(4.52713798619752,-0.144055240855705,
-15.));
#10315=CARTESIAN_POINT('Ctrl Pts',(4.52713798619752,0.125761843036596,-15.));
#10316=CARTESIAN_POINT('Ctrl Pts',(4.12469894581578,0.491615516110899,-15.));
#10317=CARTESIAN_POINT('Ctrl Pts',(3.79314405459219,0.491615516110899,-15.));
#10318=CARTESIAN_POINT('',(4.52713798619752,-0.144055240855705,71.5693030253109));
#10319=CARTESIAN_POINT('Ctrl Pts',(3.96006479293235,-0.720274775947729,
71.5693030253109));
#10320=CARTESIAN_POINT('Ctrl Pts',(3.96006479293235,-0.720274775947729,
-101.569303025311));
#10321=CARTESIAN_POINT('Ctrl Pts',(4.24360138956493,-0.676829652270157,
71.5693030253109));
#10322=CARTESIAN_POINT('Ctrl Pts',(4.24360138956493,-0.676829652270157,
-101.569303025311));
#10323=CARTESIAN_POINT('Ctrl Pts',(4.52713798619752,-0.365854030157,71.5693030253109));
#10324=CARTESIAN_POINT('Ctrl Pts',(4.52713798619752,-0.365854030157,-101.569303025311));
#10325=CARTESIAN_POINT('Ctrl Pts',(4.52713798619752,-0.144055240855705,
71.5693030253109));
#10326=CARTESIAN_POINT('Ctrl Pts',(4.52713798619752,-0.144055240855705,
-101.569303025311));
#10327=CARTESIAN_POINT('',(3.96006479293235,-0.720274775947729,-15.));
#10328=CARTESIAN_POINT('Ctrl Pts',(3.96006479293235,-0.720274775947729,
-15.));
#10329=CARTESIAN_POINT('Ctrl Pts',(4.24360138956493,-0.676829652270157,
-15.));
#10330=CARTESIAN_POINT('Ctrl Pts',(4.52713798619752,-0.365854030157,-15.));
#10331=CARTESIAN_POINT('Ctrl Pts',(4.52713798619752,-0.144055240855705,
-15.));
#10332=CARTESIAN_POINT('',(3.96006479293235,-0.720274775947729,71.5693030253109));
#10333=CARTESIAN_POINT('Origin',(3.96006479293235,-0.720274775947729,71.5693030253109));
#10334=CARTESIAN_POINT('',(3.91693889629315,-0.199683595088795,-15.));
#10335=CARTESIAN_POINT('Origin',(1.14984717164623E-15,5.55111512312578E-15,
-14.75));
#10336=CARTESIAN_POINT('',(4.7786623864361,2.60899364902843,-14.75));
#10337=CARTESIAN_POINT('',(1.76722933994324,2.60899364902843,-14.75));
#10338=CARTESIAN_POINT('',(2.38933119321805,2.60899364902843,-14.75));
#10339=CARTESIAN_POINT('',(1.76722933994324,2.37118876153013,-14.75));
#10340=CARTESIAN_POINT('',(1.76722933994324,1.30449682451422,-14.75));
#10341=CARTESIAN_POINT('',(2.51951595520227,1.50457287343538,-14.75));
#10342=CARTESIAN_POINT('Ctrl Pts',(1.76722933994324,2.37118876153013,-14.75));
#10343=CARTESIAN_POINT('Ctrl Pts',(1.89680251582372,2.30716436874213,-14.75));
#10344=CARTESIAN_POINT('Ctrl Pts',(2.03056776504151,2.19817046197208,-14.75));
#10345=CARTESIAN_POINT('Ctrl Pts',(2.16852508759661,2.04420704121997,-14.75));
#10346=CARTESIAN_POINT('Ctrl Pts',(2.30648241015172,1.89024362046787,-14.75));
#10347=CARTESIAN_POINT('Ctrl Pts',(2.42347936602027,1.71036556453967,-14.75));
#10348=CARTESIAN_POINT('Ctrl Pts',(2.51951595520227,1.50457287343538,-14.75));
#10349=CARTESIAN_POINT('',(2.87622328644972,1.50457287343538,-14.75));
#10350=CARTESIAN_POINT('',(1.25975797760114,1.50457287343538,-14.75));
#10351=CARTESIAN_POINT('',(2.43262570784713,2.24085339049741,-14.75));
#10352=CARTESIAN_POINT('Ctrl Pts',(2.87622328644972,1.50457287343538,-14.75));
#10353=CARTESIAN_POINT('Ctrl Pts',(2.83354035792438,1.6189021462711,-14.75));
#10354=CARTESIAN_POINT('Ctrl Pts',(2.7698970627125,1.74809422457546,-14.75));
#10355=CARTESIAN_POINT('Ctrl Pts',(2.68529340081407,1.89214910834847,-14.75));
#10356=CARTESIAN_POINT('Ctrl Pts',(2.60068973891564,2.03620399212148,-14.75));
#10357=CARTESIAN_POINT('Ctrl Pts',(2.51646717459332,2.15243875283779,-14.75));
#10358=CARTESIAN_POINT('Ctrl Pts',(2.43262570784713,2.24085339049741,-14.75));
#10359=CARTESIAN_POINT('',(4.7786623864361,2.24085339049741,-14.75));
#10360=CARTESIAN_POINT('',(1.21631285392356,2.24085339049741,-14.75));
#10361=CARTESIAN_POINT('',(4.7786623864361,1.12042669524871,-14.75));
#10362=CARTESIAN_POINT('Origin',(2.51951595520227,1.50457287343538,71.5693030253109));
#10363=CARTESIAN_POINT('',(2.51951595520227,1.50457287343538,-15.));
#10364=CARTESIAN_POINT('',(2.51951595520227,1.50457287343538,71.5693030253109));
#10365=CARTESIAN_POINT('',(2.87622328644972,1.50457287343538,-15.));
#10366=CARTESIAN_POINT('',(1.25975797760114,1.50457287343538,-15.));
#10367=CARTESIAN_POINT('',(2.87622328644972,1.50457287343538,71.5693030253109));
#10368=CARTESIAN_POINT('Ctrl Pts',(2.51951595520227,1.50457287343538,71.5693030253109));
#10369=CARTESIAN_POINT('Ctrl Pts',(2.51951595520227,1.50457287343538,-101.569303025311));
#10370=CARTESIAN_POINT('Ctrl Pts',(2.37546107142927,1.81326191009182,71.5693030253109));
#10371=CARTESIAN_POINT('Ctrl Pts',(2.37546107142927,1.81326191009182,-101.569303025311));
#10372=CARTESIAN_POINT('Ctrl Pts',(1.96158910376396,2.27515217234813,71.5693030253109));
#10373=CARTESIAN_POINT('Ctrl Pts',(1.96158910376396,2.27515217234813,-101.569303025311));
#10374=CARTESIAN_POINT('Ctrl Pts',(1.76722933994324,2.37118876153013,71.5693030253109));
#10375=CARTESIAN_POINT('Ctrl Pts',(1.76722933994324,2.37118876153013,-101.569303025311));
#10376=CARTESIAN_POINT('',(1.76722933994324,2.37118876153013,-15.));
#10377=CARTESIAN_POINT('',(1.76722933994324,2.37118876153013,71.5693030253109));
#10378=CARTESIAN_POINT('Ctrl Pts',(2.51951595520227,1.50457287343538,-15.));
#10379=CARTESIAN_POINT('Ctrl Pts',(2.37546107142927,1.81326191009182,-15.));
#10380=CARTESIAN_POINT('Ctrl Pts',(1.96158910376396,2.27515217234813,-15.));
#10381=CARTESIAN_POINT('Ctrl Pts',(1.76722933994324,2.37118876153013,-15.));
#10382=CARTESIAN_POINT('Origin',(1.76722933994324,2.60899364902843,71.5693030253109));
#10383=CARTESIAN_POINT('',(1.76722933994324,2.60899364902843,-15.));
#10384=CARTESIAN_POINT('',(1.76722933994324,2.60899364902843,71.5693030253109));
#10385=CARTESIAN_POINT('',(1.76722933994324,1.30449682451422,-15.));
#10386=CARTESIAN_POINT('Origin',(4.7786623864361,2.60899364902843,71.5693030253109));
#10387=CARTESIAN_POINT('',(4.7786623864361,2.60899364902843,-15.));
#10388=CARTESIAN_POINT('',(4.7786623864361,2.60899364902843,71.5693030253109));
#10389=CARTESIAN_POINT('',(2.38933119321805,2.60899364902843,-15.));
#10390=CARTESIAN_POINT('Ctrl Pts',(2.43262570784713,2.24085339049741,71.5693030253109));
#10391=CARTESIAN_POINT('Ctrl Pts',(2.43262570784713,2.24085339049741,-101.569303025311));
#10392=CARTESIAN_POINT('Ctrl Pts',(2.55838790796642,2.10823143400798,71.5693030253109));
#10393=CARTESIAN_POINT('Ctrl Pts',(2.55838790796642,2.10823143400798,-101.569303025311));
#10394=CARTESIAN_POINT('Ctrl Pts',(2.81219889366172,1.67606678268896,71.5693030253109));
#10395=CARTESIAN_POINT('Ctrl Pts',(2.81219889366172,1.67606678268896,-101.569303025311));
#10396=CARTESIAN_POINT('Ctrl Pts',(2.87622328644972,1.50457287343538,71.5693030253109));
#10397=CARTESIAN_POINT('Ctrl Pts',(2.87622328644972,1.50457287343538,-101.569303025311));
#10398=CARTESIAN_POINT('',(2.43262570784713,2.24085339049741,-15.));
#10399=CARTESIAN_POINT('Ctrl Pts',(2.43262570784713,2.24085339049741,-15.));
#10400=CARTESIAN_POINT('Ctrl Pts',(2.55838790796642,2.10823143400798,-15.));
#10401=CARTESIAN_POINT('Ctrl Pts',(2.81219889366172,1.67606678268896,-15.));
#10402=CARTESIAN_POINT('Ctrl Pts',(2.87622328644972,1.50457287343538,-15.));
#10403=CARTESIAN_POINT('',(2.43262570784713,2.24085339049741,71.5693030253109));
#10404=CARTESIAN_POINT('Origin',(2.43262570784713,2.24085339049741,71.5693030253109));
#10405=CARTESIAN_POINT('',(4.7786623864361,2.24085339049741,-15.));
#10406=CARTESIAN_POINT('',(1.21631285392356,2.24085339049741,-15.));
#10407=CARTESIAN_POINT('',(4.7786623864361,2.24085339049741,71.5693030253109));
#10408=CARTESIAN_POINT('Origin',(4.7786623864361,2.24085339049741,71.5693030253109));
#10409=CARTESIAN_POINT('',(4.7786623864361,1.12042669524871,-15.));
#10410=CARTESIAN_POINT('Origin',(1.14984717164623E-15,5.55111512312578E-15,
-15.));
#10411=CARTESIAN_POINT('',(-26.5033312244635,26.8664399852449,-15.));
#10412=CARTESIAN_POINT('',(13.2516656122317,26.8664399852449,-15.));
#10413=CARTESIAN_POINT('Ctrl Pts',(-26.8664399852449,26.5033312244634,-15.));
#10414=CARTESIAN_POINT('Ctrl Pts',(-26.8664399852449,26.5844621945704,-15.));
#10415=CARTESIAN_POINT('Ctrl Pts',(-26.8195200336814,26.7201830781684,-15.));
#10416=CARTESIAN_POINT('Ctrl Pts',(-26.6664012189039,26.8419744141342,-15.));
#10417=CARTESIAN_POINT('Ctrl Pts',(-26.5574185378681,26.8664399852449,-15.));
#10418=CARTESIAN_POINT('Ctrl Pts',(-26.5033312244634,26.8664399852449,-15.));
#10419=CARTESIAN_POINT('',(-24.2492019058346,-20.5950565402587,-15.));
#10420=CARTESIAN_POINT('Origin',(-23.5,-23.5,-15.));
#10421=CARTESIAN_POINT('',(-24.2492028688142,-19.5000006595414,-15.));
#10422=CARTESIAN_POINT('',(-24.2492102854004,-11.0662020722981,-15.));
#10423=CARTESIAN_POINT('',(-22.7492028688148,-19.4999993404586,-15.));
#10424=CARTESIAN_POINT('Origin',(-23.4992028688145,-19.5,-15.));
#10425=CARTESIAN_POINT('',(-22.7492019054716,-20.595468674424,-15.));
#10426=CARTESIAN_POINT('',(-22.7492114428443,-9.75000967293136,-15.));
#10427=CARTESIAN_POINT('',(-20.5952626488681,-22.749999386041,-15.));
#10428=CARTESIAN_POINT('Origin',(-23.5,-23.5,-15.));
#10429=CARTESIAN_POINT('',(-19.5000006595418,-22.7499984228801,-15.));
#10430=CARTESIAN_POINT('',(-10.5575660198435,-22.7499905590052,-15.));
#10431=CARTESIAN_POINT('',(-19.4999993404589,-24.2499984228796,-15.));
#10432=CARTESIAN_POINT('Origin',(-19.5000000000003,-23.4999984228799,-15.));
#10433=CARTESIAN_POINT('',(-20.5952623318211,-24.2499993860413,-15.));
#10434=CARTESIAN_POINT('',(-9.74998900765123,-24.2499898488319,-15.));
#10435=CARTESIAN_POINT('Origin',(-23.5,-23.5,-15.));
#10436=CARTESIAN_POINT('Ctrl Pts',(26.8664399852449,-26.5033312244635,-15.));
#10437=CARTESIAN_POINT('Ctrl Pts',(26.8664399852449,-26.5574185378682,-15.));
#10438=CARTESIAN_POINT('Ctrl Pts',(26.8419744141341,-26.6664012189038,-15.));
#10439=CARTESIAN_POINT('Ctrl Pts',(26.7201830781685,-26.8195200336813,-15.));
#10440=CARTESIAN_POINT('Ctrl Pts',(26.5844621945707,-26.8664399852449,-15.));
#10441=CARTESIAN_POINT('Ctrl Pts',(26.5033312244637,-26.8664399852449,-15.));
#10442=CARTESIAN_POINT('',(26.5,23.5000000000001,-15.));
#10443=CARTESIAN_POINT('Origin',(23.5,23.5000000000001,-15.));
#10444=CARTESIAN_POINT('',(24.2478876503193,20.5947179031117,-15.));
#10445=CARTESIAN_POINT('Origin',(23.5,23.5000000000001,-15.));
#10446=CARTESIAN_POINT('',(24.2478876503193,19.5562500000001,-15.));
#10447=CARTESIAN_POINT('',(24.2478876503193,10.8019229678543,-15.));
#10448=CARTESIAN_POINT('',(22.7521123496809,19.5562500000001,-15.));
#10449=CARTESIAN_POINT('Origin',(23.5000000000001,19.5000000000001,-15.));
#10450=CARTESIAN_POINT('',(22.7521123496808,20.5947179031117,-15.));
#10451=CARTESIAN_POINT('',(22.7521123496809,9.77812500000006,-15.));
#10452=CARTESIAN_POINT('',(20.5952624903445,22.7500000000001,-15.));
#10453=CARTESIAN_POINT('Origin',(23.5,23.5000000000001,-15.));
#10454=CARTESIAN_POINT('',(19.5,22.7500000000001,-15.));
#10455=CARTESIAN_POINT('',(10.5066887178633,22.7500000000001,-15.));
#10456=CARTESIAN_POINT('',(19.55625,24.2478876503193,-15.));
#10457=CARTESIAN_POINT('Origin',(19.5,23.5000000000001,-15.));
#10458=CARTESIAN_POINT('',(20.5947179031117,24.2478876503193,-15.));
#10459=CARTESIAN_POINT('',(9.77812500000001,24.2478876503193,-15.));
#10460=CARTESIAN_POINT('Origin',(23.5,23.5000000000001,-15.));
#10461=CARTESIAN_POINT('',(-22.5,20.4301797402871,-15.));
#10462=CARTESIAN_POINT('Origin',(-22.5,22.5,-15.));
#10463=CARTESIAN_POINT('',(22.5,-24.5698202597129,-15.));
#10464=CARTESIAN_POINT('Origin',(22.5,-22.5,-15.));
#10465=CARTESIAN_POINT('Origin',(1.14984717164623E-15,5.55111512312578E-15,
-15.));
#10466=CARTESIAN_POINT('Origin',(1.14984717164623E-15,5.55111512312578E-15,
-15.));
#10467=CARTESIAN_POINT('Origin',(-15.,-26.3858887437909,-14.));
#10468=CARTESIAN_POINT('',(-25.886364633,-29.3830334085364,-14.130858162096));
#10469=CARTESIAN_POINT('',(-25.886364633,-26.3858887437909,-17.));
#10470=CARTESIAN_POINT('Origin',(-25.886364633,-26.3858887437909,-14.));
#10471=CARTESIAN_POINT('',(25.886364633,-26.3858887437909,-17.));
#10472=CARTESIAN_POINT('',(-15.,-26.3858887437909,-17.));
#10473=CARTESIAN_POINT('',(25.886364633,-29.3830334085364,-14.130858162096));
#10474=CARTESIAN_POINT('Origin',(25.886364633,-26.3858887437909,-14.));
#10475=CARTESIAN_POINT('',(-15.,-29.3830334085364,-14.130858162096));
#10476=CARTESIAN_POINT('Ctrl Pts',(-26.3858887437909,-25.8863646329999,
-17.));
#10477=CARTESIAN_POINT('Ctrl Pts',(-26.3858887437909,-25.998535025425,-17.));
#10478=CARTESIAN_POINT('Ctrl Pts',(-26.2946544087492,-26.2605452673728,
-17.));
#10479=CARTESIAN_POINT('Ctrl Pts',(-26.0359251562334,-26.3858887437909,
-17.));
#10480=CARTESIAN_POINT('Ctrl Pts',(-25.8863646329999,-26.3858887437909,
-17.));
#10481=CARTESIAN_POINT('Ctrl Pts',(-27.258553369788,-25.8863646329999,-17.));
#10482=CARTESIAN_POINT('Ctrl Pts',(-27.2528722375241,-26.1948260752295,
-16.9998055209181));
#10483=CARTESIAN_POINT('Ctrl Pts',(-26.9958272166308,-26.9045542270432,
-16.9997373023147));
#10484=CARTESIAN_POINT('Ctrl Pts',(-26.2976465559727,-27.2509785267694,
-16.9997406945574));
#10485=CARTESIAN_POINT('Ctrl Pts',(-25.886364633,-27.258553369788,-17.));
#10486=CARTESIAN_POINT('Ctrl Pts',(-28.7713326823591,-25.8863646329999,
-16.2906145872343));
#10487=CARTESIAN_POINT('Ctrl Pts',(-28.7564760849281,-26.5329354012117,
-16.3002394628222));
#10488=CARTESIAN_POINT('Ctrl Pts',(-28.2118370842221,-28.0195794380633,
-16.3146239091647));
#10489=CARTESIAN_POINT('Ctrl Pts',(-26.7484589906157,-28.7515238857844,
-16.3034477546848));
#10490=CARTESIAN_POINT('Ctrl Pts',(-25.886364633,-28.771332682359,-16.2906145872343));
#10491=CARTESIAN_POINT('Ctrl Pts',(-29.3544845862654,-25.8863646329999,
-14.7847336940759));
#10492=CARTESIAN_POINT('Ctrl Pts',(-29.3469547800238,-26.6642996540347,
-14.8096173794753));
#10493=CARTESIAN_POINT('Ctrl Pts',(-28.7044599418559,-28.4701971008906,
-14.8472128698478));
#10494=CARTESIAN_POINT('Ctrl Pts',(-26.9236113277131,-29.34444484461,-14.8179119412751));
#10495=CARTESIAN_POINT('Ctrl Pts',(-25.886364633,-29.3544845862654,-14.7847336940759));
#10496=CARTESIAN_POINT('Ctrl Pts',(-29.3830334085365,-25.8863646329999,
-14.130858162096));
#10497=CARTESIAN_POINT('Ctrl Pts',(-29.3817553136798,-26.6702792851186,
-14.1601313470411));
#10498=CARTESIAN_POINT('Ctrl Pts',(-28.7411691090257,-28.5024051193912,
-14.2046988536615));
#10499=CARTESIAN_POINT('Ctrl Pts',(-26.9315841691583,-29.3813292820609,
-14.1698890753561));
#10500=CARTESIAN_POINT('Ctrl Pts',(-25.886364633,-29.3830334085364,-14.130858162096));
#10501=CARTESIAN_POINT('',(-29.3830334085365,-25.8863646329999,-14.130858162096));
#10502=CARTESIAN_POINT('',(-26.3858887437909,-25.8863646329999,-17.));
#10503=CARTESIAN_POINT('Origin',(-26.3858887437909,-25.8863646329999,-14.));
#10504=CARTESIAN_POINT('Origin',(-25.8854124012092,-25.8854124012092,-17.));
#10505=CARTESIAN_POINT('Origin',(-25.8854124012092,-25.8854124012092,-14.));
#10506=CARTESIAN_POINT('Ctrl Pts',(25.8863646329999,-26.3858887437909,-17.));
#10507=CARTESIAN_POINT('Ctrl Pts',(25.998535025425,-26.3858887437909,-17.));
#10508=CARTESIAN_POINT('Ctrl Pts',(26.2605452673728,-26.2946544087492,-17.));
#10509=CARTESIAN_POINT('Ctrl Pts',(26.3858887437909,-26.0359251562333,-17.));
#10510=CARTESIAN_POINT('Ctrl Pts',(26.3858887437909,-25.8863646329999,-17.));
#10511=CARTESIAN_POINT('Ctrl Pts',(25.8863646329999,-27.258553369788,-17.));
#10512=CARTESIAN_POINT('Ctrl Pts',(26.1948260752295,-27.2528722375241,-16.9998055209181));
#10513=CARTESIAN_POINT('Ctrl Pts',(26.9045542270432,-26.9958272166308,-16.9997373023147));
#10514=CARTESIAN_POINT('Ctrl Pts',(27.2509785267694,-26.2976465559726,-16.9997406945574));
#10515=CARTESIAN_POINT('Ctrl Pts',(27.258553369788,-25.8863646329999,-17.));
#10516=CARTESIAN_POINT('Ctrl Pts',(25.8863646329999,-28.771332682359,-16.2906145872343));
#10517=CARTESIAN_POINT('Ctrl Pts',(26.5329354012117,-28.7564760849281,-16.3002394628222));
#10518=CARTESIAN_POINT('Ctrl Pts',(28.0195794380634,-28.2118370842221,-16.3146239091647));
#10519=CARTESIAN_POINT('Ctrl Pts',(28.7515238857844,-26.7484589906156,-16.3034477546848));
#10520=CARTESIAN_POINT('Ctrl Pts',(28.7713326823591,-25.8863646329999,-16.2906145872343));
#10521=CARTESIAN_POINT('Ctrl Pts',(25.8863646329999,-29.3544845862654,-14.7847336940759));
#10522=CARTESIAN_POINT('Ctrl Pts',(26.6642996540348,-29.3469547800238,-14.8096173794753));
#10523=CARTESIAN_POINT('Ctrl Pts',(28.4701971008907,-28.7044599418559,-14.8472128698478));
#10524=CARTESIAN_POINT('Ctrl Pts',(29.34444484461,-26.923611327713,-14.8179119412751));
#10525=CARTESIAN_POINT('Ctrl Pts',(29.3544845862654,-25.8863646329999,-14.7847336940759));
#10526=CARTESIAN_POINT('Ctrl Pts',(25.8863646329999,-29.3830334085364,-14.130858162096));
#10527=CARTESIAN_POINT('Ctrl Pts',(26.6702792851187,-29.3817553136798,-14.1601313470411));
#10528=CARTESIAN_POINT('Ctrl Pts',(28.5024051193913,-28.7411691090257,-14.2046988536615));
#10529=CARTESIAN_POINT('Ctrl Pts',(29.3813292820609,-26.9315841691582,-14.1698890753561));
#10530=CARTESIAN_POINT('Ctrl Pts',(29.3830334085365,-25.8863646329999,-14.130858162096));
#10531=CARTESIAN_POINT('',(26.3858887437909,-25.8863646329999,-17.));
#10532=CARTESIAN_POINT('',(29.3830334085365,-25.8863646329999,-14.130858162096));
#10533=CARTESIAN_POINT('Origin',(26.3858887437909,-25.8863646329999,-14.));
#10534=CARTESIAN_POINT('Origin',(25.8854124012092,-25.8854124012092,-14.));
#10535=CARTESIAN_POINT('Origin',(25.8854124012092,-25.8854124012092,-17.));
#10536=CARTESIAN_POINT('Origin',(-26.3858887437909,15.,-14.));
#10537=CARTESIAN_POINT('',(-29.3830334085365,25.886364633,-14.130858162096));
#10538=CARTESIAN_POINT('',(-26.3858887437909,25.886364633,-17.));
#10539=CARTESIAN_POINT('Origin',(-26.3858887437909,25.886364633,-14.));
#10540=CARTESIAN_POINT('',(-26.3858887437909,15.,-17.));
#10541=CARTESIAN_POINT('',(-29.3830334085365,15.,-14.130858162096));
#10542=CARTESIAN_POINT('Origin',(26.3858887437909,-15.,-14.));
#10543=CARTESIAN_POINT('',(26.3858887437909,25.886364633,-17.));
#10544=CARTESIAN_POINT('',(29.3830334085364,25.886364633,-14.130858162096));
#10545=CARTESIAN_POINT('Origin',(26.3858887437909,25.886364633,-14.));
#10546=CARTESIAN_POINT('',(29.3830334085365,-15.,-14.130858162096));
#10547=CARTESIAN_POINT('',(26.3858887437909,-15.,-17.));
#10548=CARTESIAN_POINT('Ctrl Pts',(-25.8863646329999,26.3858887437909,-17.));
#10549=CARTESIAN_POINT('Ctrl Pts',(-25.998535025425,26.3858887437909,-17.));
#10550=CARTESIAN_POINT('Ctrl Pts',(-26.2605452673728,26.2946544087492,-17.));
#10551=CARTESIAN_POINT('Ctrl Pts',(-26.3858887437909,26.0359251562334,-17.));
#10552=CARTESIAN_POINT('Ctrl Pts',(-26.3858887437909,25.886364633,-17.));
#10553=CARTESIAN_POINT('Ctrl Pts',(-25.8863646329999,27.258553369788,-17.));
#10554=CARTESIAN_POINT('Ctrl Pts',(-26.1948260752295,27.2528722375241,-16.9998055209181));
#10555=CARTESIAN_POINT('Ctrl Pts',(-26.9045542270432,26.9958272166308,-16.9997373023147));
#10556=CARTESIAN_POINT('Ctrl Pts',(-27.2509785267694,26.2976465559727,-16.9997406945574));
#10557=CARTESIAN_POINT('Ctrl Pts',(-27.258553369788,25.886364633,-17.));
#10558=CARTESIAN_POINT('Ctrl Pts',(-25.8863646329999,28.7713326823591,-16.2906145872343));
#10559=CARTESIAN_POINT('Ctrl Pts',(-26.5329354012117,28.7564760849281,-16.3002394628222));
#10560=CARTESIAN_POINT('Ctrl Pts',(-28.0195794380634,28.2118370842221,-16.3146239091647));
#10561=CARTESIAN_POINT('Ctrl Pts',(-28.7515238857844,26.7484589906157,-16.3034477546848));
#10562=CARTESIAN_POINT('Ctrl Pts',(-28.771332682359,25.886364633,-16.2906145872343));
#10563=CARTESIAN_POINT('Ctrl Pts',(-25.8863646329999,29.3544845862654,-14.7847336940759));
#10564=CARTESIAN_POINT('Ctrl Pts',(-26.6642996540347,29.3469547800238,-14.8096173794753));
#10565=CARTESIAN_POINT('Ctrl Pts',(-28.4701971008906,28.7044599418559,-14.8472128698478));
#10566=CARTESIAN_POINT('Ctrl Pts',(-29.34444484461,26.9236113277131,-14.8179119412751));
#10567=CARTESIAN_POINT('Ctrl Pts',(-29.3544845862654,25.886364633,-14.7847336940759));
#10568=CARTESIAN_POINT('Ctrl Pts',(-25.8863646329999,29.3830334085365,-14.130858162096));
#10569=CARTESIAN_POINT('Ctrl Pts',(-26.6702792851187,29.3817553136798,-14.1601313470411));
#10570=CARTESIAN_POINT('Ctrl Pts',(-28.5024051193912,28.7411691090257,-14.2046988536615));
#10571=CARTESIAN_POINT('Ctrl Pts',(-29.3813292820609,26.9315841691583,-14.1698890753561));
#10572=CARTESIAN_POINT('Ctrl Pts',(-29.3830334085364,25.886364633,-14.130858162096));
#10573=CARTESIAN_POINT('',(-25.8863646329999,29.3830334085365,-14.130858162096));
#10574=CARTESIAN_POINT('',(-25.8863646329999,26.3858887437909,-17.));
#10575=CARTESIAN_POINT('Origin',(-25.8863646329999,26.3858887437909,-14.));
#10576=CARTESIAN_POINT('Origin',(-25.8854124012092,25.8854124012092,-17.));
#10577=CARTESIAN_POINT('Origin',(-25.8854124012092,25.8854124012092,-14.));
#10578=CARTESIAN_POINT('Ctrl Pts',(26.3858887437909,25.886364633,-17.));
#10579=CARTESIAN_POINT('Ctrl Pts',(26.3858887437909,25.998535025425,-17.));
#10580=CARTESIAN_POINT('Ctrl Pts',(26.2946544087492,26.2605452673728,-17.));
#10581=CARTESIAN_POINT('Ctrl Pts',(26.0359251562334,26.3858887437909,-17.));
#10582=CARTESIAN_POINT('Ctrl Pts',(25.8863646329999,26.3858887437909,-17.));
#10583=CARTESIAN_POINT('Ctrl Pts',(27.258553369788,25.886364633,-17.));
#10584=CARTESIAN_POINT('Ctrl Pts',(27.2528722375241,26.1948260752295,-16.9998055209181));
#10585=CARTESIAN_POINT('Ctrl Pts',(26.9958272166308,26.9045542270432,-16.9997373023147));
#10586=CARTESIAN_POINT('Ctrl Pts',(26.2976465559726,27.2509785267694,-16.9997406945574));
#10587=CARTESIAN_POINT('Ctrl Pts',(25.8863646329999,27.258553369788,-17.));
#10588=CARTESIAN_POINT('Ctrl Pts',(28.7713326823591,25.886364633,-16.2906145872343));
#10589=CARTESIAN_POINT('Ctrl Pts',(28.7564760849281,26.5329354012118,-16.3002394628222));
#10590=CARTESIAN_POINT('Ctrl Pts',(28.2118370842221,28.0195794380634,-16.3146239091647));
#10591=CARTESIAN_POINT('Ctrl Pts',(26.7484589906157,28.7515238857844,-16.3034477546848));
#10592=CARTESIAN_POINT('Ctrl Pts',(25.8863646329999,28.7713326823591,-16.2906145872343));
#10593=CARTESIAN_POINT('Ctrl Pts',(29.3544845862654,25.886364633,-14.7847336940759));
#10594=CARTESIAN_POINT('Ctrl Pts',(29.3469547800238,26.6642996540348,-14.8096173794753));
#10595=CARTESIAN_POINT('Ctrl Pts',(28.7044599418558,28.4701971008907,-14.8472128698478));
#10596=CARTESIAN_POINT('Ctrl Pts',(26.923611327713,29.34444484461,-14.8179119412751));
#10597=CARTESIAN_POINT('Ctrl Pts',(25.8863646329999,29.3544845862654,-14.7847336940759));
#10598=CARTESIAN_POINT('Ctrl Pts',(29.3830334085365,25.886364633,-14.130858162096));
#10599=CARTESIAN_POINT('Ctrl Pts',(29.3817553136798,26.6702792851187,-14.1601313470411));
#10600=CARTESIAN_POINT('Ctrl Pts',(28.7411691090257,28.5024051193913,-14.2046988536615));
#10601=CARTESIAN_POINT('Ctrl Pts',(26.9315841691582,29.3813292820609,-14.1698890753561));
#10602=CARTESIAN_POINT('Ctrl Pts',(25.8863646329999,29.3830334085365,-14.130858162096));
#10603=CARTESIAN_POINT('',(25.8863646329999,26.3858887437909,-17.));
#10604=CARTESIAN_POINT('',(25.8863646329999,29.3830334085365,-14.130858162096));
#10605=CARTESIAN_POINT('Origin',(25.8863646329999,26.3858887437909,-14.));
#10606=CARTESIAN_POINT('Origin',(25.8854124012092,25.8854124012092,-14.));
#10607=CARTESIAN_POINT('Origin',(25.8854124012092,25.8854124012092,-17.));
#10608=CARTESIAN_POINT('Origin',(15.,26.3858887437909,-14.));
#10609=CARTESIAN_POINT('',(15.,29.3830334085365,-14.130858162096));
#10610=CARTESIAN_POINT('',(15.,26.3858887437909,-17.));
#10611=CARTESIAN_POINT('Origin',(-26.4530003980167,26.4530003980167,-1.00009759301794));
#10612=CARTESIAN_POINT('',(-30.,26.5033312244635,0.));
#10613=CARTESIAN_POINT('',(-29.9496691735532,26.4530003980167,-1.15276544879662));
#10614=CARTESIAN_POINT('',(-26.5033312244635,30.,0.));
#10615=CARTESIAN_POINT('Origin',(-26.4966656019284,26.4966656019284,0.));
#10616=CARTESIAN_POINT('',(-26.4530003980167,29.9496691735532,-1.15276544879662));
#10617=CARTESIAN_POINT('Origin',(-30.,30.,0.));
#10618=CARTESIAN_POINT('',(-30.,-26.5033312244635,0.));
#10619=CARTESIAN_POINT('',(-29.9496691735532,-26.4530003980167,-1.15276544879662));
#10620=CARTESIAN_POINT('',(-30.,-30.,0.));
#10621=CARTESIAN_POINT('Origin',(-26.4530003980167,-26.4530003980167,-1.00009759301794));
#10622=CARTESIAN_POINT('',(-26.5033312244635,-30.,0.));
#10623=CARTESIAN_POINT('',(-26.4530003980167,-29.9496691735532,-1.15276544879662));
#10624=CARTESIAN_POINT('Origin',(-26.4966656019284,-26.4966656019284,0.));
#10625=CARTESIAN_POINT('Origin',(-30.,-30.,0.));
#10626=CARTESIAN_POINT('',(26.5033312244635,-30.,0.));
#10627=CARTESIAN_POINT('',(26.4530003980167,-29.9496691735532,-1.15276544879662));
#10628=CARTESIAN_POINT('',(30.,-30.,0.));
#10629=CARTESIAN_POINT('Origin',(-2.22044604925031E-15,6.25762068425088E-15,
-17.));
#10630=CARTESIAN_POINT('Origin',(22.5,-22.5,-13.5));
#10631=CARTESIAN_POINT('',(22.5,-21.55,-11.));
#10632=CARTESIAN_POINT('',(22.5,-23.45,-11.));
#10633=CARTESIAN_POINT('Origin',(22.5,-22.5,-11.));
#10634=CARTESIAN_POINT('Origin',(22.5,-22.5,-11.));
#10635=CARTESIAN_POINT('',(22.5,-23.3627246753589,-16.));
#10636=CARTESIAN_POINT('',(22.5,-23.4063623376795,-13.5));
#10637=CARTESIAN_POINT('',(22.5,-21.6372753246411,-16.));
#10638=CARTESIAN_POINT('Origin',(22.5,-22.5,-16.));
#10639=CARTESIAN_POINT('Origin',(22.5,-22.5,-16.));
#10640=CARTESIAN_POINT('Origin',(22.5,-22.0686376623205,-16.));
#10641=CARTESIAN_POINT('Origin',(22.5,-22.5,-18.));
#10642=CARTESIAN_POINT('',(22.5,-24.5,-11.));
#10643=CARTESIAN_POINT('',(22.5,-24.6221854544975,-18.));
#10644=CARTESIAN_POINT('',(22.5,-20.5,-11.));
#10645=CARTESIAN_POINT('Origin',(22.5,-22.5,-11.));
#10646=CARTESIAN_POINT('Origin',(22.5,-22.5,-11.));
#10647=CARTESIAN_POINT('Origin',(22.5,-21.5,-11.));
#10648=CARTESIAN_POINT('Origin',(-22.5,22.5,-13.5));
#10649=CARTESIAN_POINT('',(-22.5,23.45,-11.));
#10650=CARTESIAN_POINT('',(-22.5,21.55,-11.));
#10651=CARTESIAN_POINT('Origin',(-22.5,22.5,-11.));
#10652=CARTESIAN_POINT('Origin',(-22.5,22.5,-11.));
#10653=CARTESIAN_POINT('',(-22.5,21.6372753246411,-16.));
#10654=CARTESIAN_POINT('',(-22.5,21.5936376623205,-13.5));
#10655=CARTESIAN_POINT('',(-22.5,23.3627246753589,-16.));
#10656=CARTESIAN_POINT('Origin',(-22.5,22.5,-16.));
#10657=CARTESIAN_POINT('Origin',(-22.5,22.5,-16.));
#10658=CARTESIAN_POINT('Origin',(-22.5,22.9313623376795,-16.));
#10659=CARTESIAN_POINT('Origin',(-22.5,22.5,-18.));
#10660=CARTESIAN_POINT('',(-22.5,20.5,-11.));
#10661=CARTESIAN_POINT('',(-22.5,20.3778145455025,-18.));
#10662=CARTESIAN_POINT('',(-22.5,24.5,-11.));
#10663=CARTESIAN_POINT('Origin',(-22.5,22.5,-11.));
#10664=CARTESIAN_POINT('Origin',(-22.5,22.5,-11.));
#10665=CARTESIAN_POINT('Origin',(-22.5,23.5,-11.));
#10666=CARTESIAN_POINT('Origin',(-26.3846222265829,-26.3846222265827,-3.));
#10667=CARTESIAN_POINT('Origin',(-23.5,-23.5,-3.));
#10668=CARTESIAN_POINT('Origin',(26.384622226583,26.384622226583,-3.));
#10669=CARTESIAN_POINT('Origin',(23.5,23.5000000000001,-3.));
#10670=CARTESIAN_POINT('Origin',(23.5,23.5000000000001,-15.));
#10671=CARTESIAN_POINT('',(26.2730841559332,23.5000000000001,-2.));
#10672=CARTESIAN_POINT('Origin',(23.5,23.5000000000001,-2.));
#10673=CARTESIAN_POINT('',(26.5,23.5000000000001,-15.));
#10674=CARTESIAN_POINT('',(20.6493548231698,24.1780673906064,-11.));
#10675=CARTESIAN_POINT('Ctrl Pts',(20.5947179031117,24.2478876503193,-15.));
#10676=CARTESIAN_POINT('Ctrl Pts',(20.6220363631598,24.2126461434277,-12.9810154223727));
#10677=CARTESIAN_POINT('Ctrl Pts',(20.6493548231698,24.1780673906064,-11.));
#10678=CARTESIAN_POINT('',(20.6498581033057,22.819820259713,-11.));
#10679=CARTESIAN_POINT('Origin',(23.5,23.5000000000001,-11.));
#10680=CARTESIAN_POINT('Ctrl Pts',(20.6498581033057,22.819820259713,-11.));
#10681=CARTESIAN_POINT('Ctrl Pts',(20.6225602968255,22.7852413166298,-12.9810263224669));
#10682=CARTESIAN_POINT('Ctrl Pts',(20.5952624903445,22.7500000000001,-15.));
#10683=CARTESIAN_POINT('',(22.8219326093937,20.6493548231698,-11.));
#10684=CARTESIAN_POINT('Ctrl Pts',(22.7521123496809,20.5947179031117,-15.));
#10685=CARTESIAN_POINT('Ctrl Pts',(22.7873538566889,20.622036363251,-12.9810154156971));
#10686=CARTESIAN_POINT('Ctrl Pts',(22.8219326093937,20.6493548231698,-11.));
#10687=CARTESIAN_POINT('',(24.1780673906064,20.6493548231699,-11.));
#10688=CARTESIAN_POINT('Origin',(23.5,23.5000000000001,-11.));
#10689=CARTESIAN_POINT('Ctrl Pts',(24.1780673906064,20.6493548231699,-11.));
#10690=CARTESIAN_POINT('Ctrl Pts',(24.2126461433119,20.6220363632505,-12.9810154157342));
#10691=CARTESIAN_POINT('Ctrl Pts',(24.2478876503193,20.5947179031117,-15.));
#10692=CARTESIAN_POINT('Origin',(21.0133774357267,22.7500000000001,-15.));
#10693=CARTESIAN_POINT('',(19.5,22.819820259713,-11.));
#10694=CARTESIAN_POINT('',(19.5,22.819820259713,-11.));
#10695=CARTESIAN_POINT('',(19.5,22.7500000000001,-15.));
#10696=CARTESIAN_POINT('Origin',(19.55625,24.2478876503193,-15.));
#10697=CARTESIAN_POINT('',(19.5535639140978,24.1780673906064,-11.));
#10698=CARTESIAN_POINT('Ctrl Pts',(19.55625,24.2478876503193,-15.));
#10699=CARTESIAN_POINT('Ctrl Pts',(19.5549069568588,24.2121236018189,-12.9510790336518));
#10700=CARTESIAN_POINT('Ctrl Pts',(19.5535639140978,24.1780673906064,-11.));
#10701=CARTESIAN_POINT('',(21.0415024357267,24.1780673906064,-11.));
#10702=CARTESIAN_POINT('Origin',(19.5,23.5000000000001,-15.));
#10703=CARTESIAN_POINT('Origin',(19.5,23.5000000000001,-11.));
#10704=CARTESIAN_POINT('Origin',(20.0230252983749,23.5017333126288,-11.));
#10705=CARTESIAN_POINT('Origin',(-21.1151520457608,-22.7499998432258,-15.));
#10706=CARTESIAN_POINT('',(-20.649858238368,-22.8198196937647,-11.));
#10707=CARTESIAN_POINT('Ctrl Pts',(-20.649858238368,-22.8198196937647,-11.));
#10708=CARTESIAN_POINT('Ctrl Pts',(-20.6225604432959,-22.7852407268107,
-12.9810263147561));
#10709=CARTESIAN_POINT('Ctrl Pts',(-20.5952626488681,-22.749999386041,-15.));
#10710=CARTESIAN_POINT('',(-19.5000005981426,-22.819818682593,-11.));
#10711=CARTESIAN_POINT('',(-19.5000005981426,-22.819818682593,-11.));
#10712=CARTESIAN_POINT('',(-19.5000006595418,-22.7499984228801,-15.));
#10713=CARTESIAN_POINT('Origin',(-20.0555498086872,-23.4999990532574,-11.));
#10714=CARTESIAN_POINT('',(-20.6498579682436,-24.1801791743392,-11.));
#10715=CARTESIAN_POINT('',(-20.5698202597129,-23.5,-11.));
#10716=CARTESIAN_POINT('Origin',(-23.5,-23.5,-11.));
#10717=CARTESIAN_POINT('',(-19.4999994018581,-24.1801781631667,-11.));
#10718=CARTESIAN_POINT('',(-21.1151520085537,-24.1801795835135,-11.));
#10719=CARTESIAN_POINT('Origin',(-19.5000000000003,-23.4999984228799,-11.));
#10720=CARTESIAN_POINT('Origin',(-23.5,-23.5,-11.));
#10721=CARTESIAN_POINT('Origin',(-19.4999993404589,-24.2499984228796,-15.));
#10722=CARTESIAN_POINT('Ctrl Pts',(-20.5952623318211,-24.2499993860413,
-15.));
#10723=CARTESIAN_POINT('Ctrl Pts',(-20.6225601503463,-24.2147580935632,
-12.9810263308441));
#10724=CARTESIAN_POINT('Ctrl Pts',(-20.6498579682436,-24.1801791743392,
-11.));
#10725=CARTESIAN_POINT('',(-19.4999993404589,-24.2499984228796,-15.));
#10726=CARTESIAN_POINT('Origin',(-19.5000000000003,-23.4999984228799,-15.));
#10727=CARTESIAN_POINT('Origin',(-24.2492005539274,-22.1323828201091,-15.));
#10728=CARTESIAN_POINT('',(-24.1793815980972,-20.6496677466379,-11.));
#10729=CARTESIAN_POINT('Ctrl Pts',(-24.1793815980972,-20.6496677466379,
-11.));
#10730=CARTESIAN_POINT('Ctrl Pts',(-24.2139604930826,-20.6223621431804,
-12.981022191286));
#10731=CARTESIAN_POINT('Ctrl Pts',(-24.2492019058346,-20.5950565402587,
-15.));
#10732=CARTESIAN_POINT('',(-24.1793826091014,-19.5000005981423,-11.));
#10733=CARTESIAN_POINT('',(-24.1793826091014,-19.5000005981423,-11.));
#10734=CARTESIAN_POINT('',(-24.2492028688142,-19.5000006595414,-15.));
#10735=CARTESIAN_POINT('Origin',(-22.7492028688148,-19.4999993404586,-15.));
#10736=CARTESIAN_POINT('',(-22.8190221171874,-20.6500486962916,-11.));
#10737=CARTESIAN_POINT('Ctrl Pts',(-22.7492019054716,-20.595468674424,-15.));
#10738=CARTESIAN_POINT('Ctrl Pts',(-22.7844431259521,-20.6227586855701,
-12.9810304559742));
#10739=CARTESIAN_POINT('Ctrl Pts',(-22.8190221171874,-20.6500486962916,
-11.));
#10740=CARTESIAN_POINT('',(-22.8190231285277,-19.4999994018577,-11.));
#10741=CARTESIAN_POINT('',(-22.7492028688148,-19.4999993404586,-15.));
#10742=CARTESIAN_POINT('',(-22.8190208128684,-22.133259994175,-11.));
#10743=CARTESIAN_POINT('Origin',(-23.4992028688145,-19.5,-15.));
#10744=CARTESIAN_POINT('Origin',(-23.4992028688145,-19.5,-11.));
#10745=CARTESIAN_POINT('Origin',(-23.4991187529469,-20.5730384987977,-11.));
#10746=CARTESIAN_POINT('Origin',(-23.5,-23.5,-11.));
#10747=CARTESIAN_POINT('Origin',(24.2478876503193,21.6038459357085,-15.));
#10748=CARTESIAN_POINT('',(24.1780673906064,19.5535639140962,-11.));
#10749=CARTESIAN_POINT('',(24.1780673906064,21.6038459357085,-11.));
#10750=CARTESIAN_POINT('Ctrl Pts',(24.2478876503193,19.5562500000001,-15.));
#10751=CARTESIAN_POINT('Ctrl Pts',(24.2121236101406,19.5549069571792,-12.9510795104));
#10752=CARTESIAN_POINT('Ctrl Pts',(24.1780673906064,19.5535639140962,-11.));
#10753=CARTESIAN_POINT('Origin',(23.5000000000001,19.5000000000001,-15.));
#10754=CARTESIAN_POINT('',(22.8219326093937,19.5535639140962,-11.));
#10755=CARTESIAN_POINT('Origin',(23.5000000000001,19.5000000000001,-11.));
#10756=CARTESIAN_POINT('Ctrl Pts',(22.7521123496809,19.5562500000001,-15.));
#10757=CARTESIAN_POINT('Ctrl Pts',(22.7878763898586,19.5549069571793,-12.9510795104591));
#10758=CARTESIAN_POINT('Ctrl Pts',(22.8219326093937,19.5535639140962,-11.));
#10759=CARTESIAN_POINT('Origin',(22.7521123496809,19.5562500000001,-15.));
#10760=CARTESIAN_POINT('',(22.8219326093937,19.5562500000001,-11.));
#10761=CARTESIAN_POINT('Origin',(23.5000000000001,20.3033097233158,-11.));
#10762=CARTESIAN_POINT('Origin',(1.14984717164623E-15,5.55111512312578E-15,
-15.));
#10763=CARTESIAN_POINT('Origin',(-23.5,-23.5,-2.14379605090262));
#10764=CARTESIAN_POINT('',(-22.,-23.5,-2.));
#10765=CARTESIAN_POINT('',(-25.,-23.5,-2.));
#10766=CARTESIAN_POINT('Origin',(-23.5,-23.5,-2.));
#10767=CARTESIAN_POINT('Origin',(-23.5,-23.5,-2.));
#10768=CARTESIAN_POINT('',(-24.75,-23.5,-2.28759210180525));
#10769=CARTESIAN_POINT('',(-24.875,-23.5,-2.14379605090262));
#10770=CARTESIAN_POINT('',(-22.25,-23.5,-2.28759210180525));
#10771=CARTESIAN_POINT('Origin',(-23.5,-23.5,-2.28759210180525));
#10772=CARTESIAN_POINT('Origin',(-23.5,-23.5,-2.28759210180525));
#10773=CARTESIAN_POINT('Origin',(-23.5,-23.5,-9.));
#10774=CARTESIAN_POINT('',(-24.75,-23.5,-16.));
#10775=CARTESIAN_POINT('',(-24.75,-23.5,-9.));
#10776=CARTESIAN_POINT('',(-22.25,-23.5,-16.));
#10777=CARTESIAN_POINT('Origin',(-23.5,-23.5,-16.));
#10778=CARTESIAN_POINT('Origin',(-23.5,-23.5,-16.));
#10779=CARTESIAN_POINT('Origin',(-23.5,-23.5,-16.));
#10780=CARTESIAN_POINT('Origin',(23.5,23.5000000000001,-2.14379605090262));
#10781=CARTESIAN_POINT('',(25.,23.5000000000001,-2.));
#10782=CARTESIAN_POINT('',(22.,23.5000000000001,-2.));
#10783=CARTESIAN_POINT('Origin',(23.5,23.5000000000001,-2.));
#10784=CARTESIAN_POINT('Origin',(23.5,23.5000000000001,-2.));
#10785=CARTESIAN_POINT('',(22.25,23.5000000000001,-2.28759210180525));
#10786=CARTESIAN_POINT('',(22.125,23.5000000000001,-2.14379605090262));
#10787=CARTESIAN_POINT('',(24.75,23.5000000000001,-2.28759210180525));
#10788=CARTESIAN_POINT('Origin',(23.5,23.5000000000001,-2.28759210180525));
#10789=CARTESIAN_POINT('Origin',(23.5,23.5000000000001,-2.28759210180525));
#10790=CARTESIAN_POINT('Origin',(23.5,23.5000000000001,-9.));
#10791=CARTESIAN_POINT('',(22.25,23.5000000000001,-16.));
#10792=CARTESIAN_POINT('',(22.25,23.5000000000001,-9.));
#10793=CARTESIAN_POINT('',(24.75,23.5000000000001,-16.));
#10794=CARTESIAN_POINT('Origin',(23.5,23.5000000000001,-16.));
#10795=CARTESIAN_POINT('Origin',(23.5,23.5000000000001,-16.));
#10796=CARTESIAN_POINT('Origin',(23.5,23.5000000000001,-16.));
#10797=CARTESIAN_POINT('Origin',(23.5,23.5000000000001,-2.));
#10798=CARTESIAN_POINT('Origin',(-23.5,-23.5,-15.));
#10799=CARTESIAN_POINT('',(-20.7269158440669,-23.5,-2.));
#10800=CARTESIAN_POINT('Origin',(-23.5,-23.5,-2.));
#10801=CARTESIAN_POINT('',(-20.5,-23.5,-15.));
#10802=CARTESIAN_POINT('Origin',(-23.5,-23.5,-2.));
#10803=CARTESIAN_POINT('Origin',(13.2516656122317,26.8664399852449,-14.5));
#10804=CARTESIAN_POINT('Origin',(-26.5033312244635,26.8664399852449,-14.5));
#10805=CARTESIAN_POINT('Ctrl Pts',(-26.5033312244634,26.8664399852449,-15.));
#10806=CARTESIAN_POINT('Ctrl Pts',(-26.5574185378681,26.8664399852449,-15.));
#10807=CARTESIAN_POINT('Ctrl Pts',(-26.6664012189039,26.8419744141342,-15.));
#10808=CARTESIAN_POINT('Ctrl Pts',(-26.8195200336814,26.7201830781684,-15.));
#10809=CARTESIAN_POINT('Ctrl Pts',(-26.8664399852449,26.5844621945704,-15.));
#10810=CARTESIAN_POINT('Ctrl Pts',(-26.8664399852449,26.5033312244634,-15.));
#10811=CARTESIAN_POINT('Ctrl Pts',(-26.5033312244634,26.9937035765362,-15.));
#10812=CARTESIAN_POINT('Ctrl Pts',(-26.576155057655,26.9937035765362,-15.));
#10813=CARTESIAN_POINT('Ctrl Pts',(-26.7230867561133,26.9609106872837,-15.));
#10814=CARTESIAN_POINT('Ctrl Pts',(-26.9306225343115,26.7958427412001,-15.));
#10815=CARTESIAN_POINT('Ctrl Pts',(-26.9937035765361,26.6125669742509,-15.));
#10816=CARTESIAN_POINT('Ctrl Pts',(-26.9937035765362,26.5033312244634,-15.));
#10817=CARTESIAN_POINT('Ctrl Pts',(-26.5033312244634,27.2472440397828,-14.8977931049953));
#10818=CARTESIAN_POINT('Ctrl Pts',(-26.6133358440457,27.2472440397828,-14.8977931049953));
#10819=CARTESIAN_POINT('Ctrl Pts',(-26.8359406195989,27.1975601645566,-14.8977931049953));
#10820=CARTESIAN_POINT('Ctrl Pts',(-27.1515062453698,26.9465696462863,-14.8977931049953));
#10821=CARTESIAN_POINT('Ctrl Pts',(-27.2472440397828,26.6683381538369,-14.8977931049953));
#10822=CARTESIAN_POINT('Ctrl Pts',(-27.2472440397828,26.5033312244635,-14.8977931049953));
#10823=CARTESIAN_POINT('Ctrl Pts',(-26.5033312244635,27.3604129361498,-14.6489521582343));
#10824=CARTESIAN_POINT('Ctrl Pts',(-26.6301621241086,27.3604129361498,-14.6489521582343));
#10825=CARTESIAN_POINT('Ctrl Pts',(-26.8864352846872,27.3036615389151,-14.6489521582343));
#10826=CARTESIAN_POINT('Ctrl Pts',(-27.2508197541348,27.0138563630833,-14.6489521582343));
#10827=CARTESIAN_POINT('Ctrl Pts',(-27.3604129361498,26.6935775739314,-14.6489521582343));
#10828=CARTESIAN_POINT('Ctrl Pts',(-27.3604129361498,26.5033312244635,-14.6489521582343));
#10829=CARTESIAN_POINT('Ctrl Pts',(-26.5033312244635,27.3659640960359,-14.5218096936827));
#10830=CARTESIAN_POINT('Ctrl Pts',(-26.6308416409464,27.3659640960358,-14.5218096936827));
#10831=CARTESIAN_POINT('Ctrl Pts',(-26.8888350415121,27.3085674354556,-14.5218096936827));
#10832=CARTESIAN_POINT('Ctrl Pts',(-27.2552349624254,27.0171511504924,-14.5218096936827));
#10833=CARTESIAN_POINT('Ctrl Pts',(-27.3659640960358,26.6945968491881,-14.5218096936827));
#10834=CARTESIAN_POINT('Ctrl Pts',(-27.3659640960359,26.5033312244635,-14.5218096936827));
#10835=CARTESIAN_POINT('Ctrl Pts',(-26.5033312244635,27.3659640960359,-14.5218096936827));
#10836=CARTESIAN_POINT('Ctrl Pts',(-26.6308416409464,27.3659640960358,-14.5218096936827));
#10837=CARTESIAN_POINT('Ctrl Pts',(-26.8888350415121,27.3085674354556,-14.5218096936827));
#10838=CARTESIAN_POINT('Ctrl Pts',(-27.2552349624254,27.0171511504924,-14.5218096936827));
#10839=CARTESIAN_POINT('Ctrl Pts',(-27.3659640960358,26.6945968491881,-14.5218096936827));
#10840=CARTESIAN_POINT('Ctrl Pts',(-27.3659640960359,26.5033312244635,-14.5218096936827));
#10841=CARTESIAN_POINT('Ctrl Pts',(26.5033312244637,-26.8664399852449,-15.));
#10842=CARTESIAN_POINT('Ctrl Pts',(26.5844621945707,-26.8664399852449,-15.));
#10843=CARTESIAN_POINT('Ctrl Pts',(26.7201830781685,-26.8195200336813,-15.));
#10844=CARTESIAN_POINT('Ctrl Pts',(26.8419744141341,-26.6664012189038,-15.));
#10845=CARTESIAN_POINT('Ctrl Pts',(26.8664399852449,-26.5574185378682,-15.));
#10846=CARTESIAN_POINT('Ctrl Pts',(26.8664399852449,-26.5033312244635,-15.));
#10847=CARTESIAN_POINT('Ctrl Pts',(26.5033312244636,-26.9937035765362,-15.));
#10848=CARTESIAN_POINT('Ctrl Pts',(26.6125669742516,-26.9937035765362,-15.));
#10849=CARTESIAN_POINT('Ctrl Pts',(26.7958427412001,-26.9306225343116,-15.));
#10850=CARTESIAN_POINT('Ctrl Pts',(26.9609106872831,-26.7230867561137,-15.));
#10851=CARTESIAN_POINT('Ctrl Pts',(26.9937035765362,-26.5761550576552,-15.));
#10852=CARTESIAN_POINT('Ctrl Pts',(26.9937035765362,-26.5033312244635,-15.));
#10853=CARTESIAN_POINT('Ctrl Pts',(26.5033312244636,-27.2472440397828,-14.8977931049953));
#10854=CARTESIAN_POINT('Ctrl Pts',(26.6683381538386,-27.2472440397828,-14.8977931049953));
#10855=CARTESIAN_POINT('Ctrl Pts',(26.9465696462861,-27.1515062453704,-14.8977931049953));
#10856=CARTESIAN_POINT('Ctrl Pts',(27.1975601645549,-26.8359406196002,-14.8977931049953));
#10857=CARTESIAN_POINT('Ctrl Pts',(27.2472440397828,-26.6133358440463,-14.8977931049953));
#10858=CARTESIAN_POINT('Ctrl Pts',(27.2472440397828,-26.5033312244635,-14.8977931049953));
#10859=CARTESIAN_POINT('Ctrl Pts',(26.5033312244636,-27.3604129361498,-14.6489521582343));
#10860=CARTESIAN_POINT('Ctrl Pts',(26.6935775739335,-27.3604129361498,-14.6489521582343));
#10861=CARTESIAN_POINT('Ctrl Pts',(27.0138563630831,-27.2508197541356,-14.6489521582343));
#10862=CARTESIAN_POINT('Ctrl Pts',(27.3036615389129,-26.8864352846888,-14.6489521582343));
#10863=CARTESIAN_POINT('Ctrl Pts',(27.3604129361498,-26.6301621241094,-14.6489521582343));
#10864=CARTESIAN_POINT('Ctrl Pts',(27.3604129361498,-26.5033312244635,-14.6489521582343));
#10865=CARTESIAN_POINT('Ctrl Pts',(26.5033312244636,-27.3659640960358,-14.5218096936827));
#10866=CARTESIAN_POINT('Ctrl Pts',(26.6945968491902,-27.3659640960359,-14.5218096936827));
#10867=CARTESIAN_POINT('Ctrl Pts',(27.0171511504921,-27.2552349624262,-14.5218096936827));
#10868=CARTESIAN_POINT('Ctrl Pts',(27.3085674354534,-26.8888350415137,-14.5218096936827));
#10869=CARTESIAN_POINT('Ctrl Pts',(27.3659640960359,-26.6308416409472,-14.5218096936827));
#10870=CARTESIAN_POINT('Ctrl Pts',(27.3659640960359,-26.5033312244635,-14.5218096936827));
#10871=CARTESIAN_POINT('Ctrl Pts',(26.5033312244636,-27.3659640960358,-14.5218096936827));
#10872=CARTESIAN_POINT('Ctrl Pts',(26.6945968491902,-27.3659640960359,-14.5218096936827));
#10873=CARTESIAN_POINT('Ctrl Pts',(27.0171511504921,-27.2552349624262,-14.5218096936827));
#10874=CARTESIAN_POINT('Ctrl Pts',(27.3085674354534,-26.8888350415137,-14.5218096936827));
#10875=CARTESIAN_POINT('Ctrl Pts',(27.3659640960359,-26.6308416409472,-14.5218096936827));
#10876=CARTESIAN_POINT('Ctrl Pts',(27.3659640960359,-26.5033312244635,-14.5218096936827));
#10877=CARTESIAN_POINT('Origin',(-28.,26.5033312244635,0.));
#10878=CARTESIAN_POINT('',(-28.,26.5033312244635,0.));
#10879=CARTESIAN_POINT('',(-28.,26.5033312244635,0.));
#10880=CARTESIAN_POINT('',(-28.,13.2516656122318,0.));
#10881=CARTESIAN_POINT('Ctrl Pts',(-28.,26.5033312244635,0.));
#10882=CARTESIAN_POINT('Ctrl Pts',(-27.7886546986786,26.5033312244635,-4.84060323122756));
#10883=CARTESIAN_POINT('Ctrl Pts',(-27.5773093973572,26.5033312244635,-9.68120646245511));
#10884=CARTESIAN_POINT('Ctrl Pts',(-27.3659640960359,26.5033312244634,-14.5218096936827));
#10885=CARTESIAN_POINT('Ctrl Pts',(-28.,26.8402678244499,0.));
#10886=CARTESIAN_POINT('Ctrl Pts',(-27.7884742094198,26.7930186602636,-4.84060323122754));
#10887=CARTESIAN_POINT('Ctrl Pts',(-27.577489886616,26.7452427151379,-9.68120646245513));
#10888=CARTESIAN_POINT('Ctrl Pts',(-27.3659640960358,26.6979935509516,-14.5218096936827));
#10889=CARTESIAN_POINT('Ctrl Pts',(-27.7264714282007,27.6246086481861,0.));
#10890=CARTESIAN_POINT('Ctrl Pts',(-27.5538230384285,27.4665122010079,-4.84060323122757));
#10891=CARTESIAN_POINT('Ctrl Pts',(-27.3808682724572,27.3078843193919,-9.68120646245509));
#10892=CARTESIAN_POINT('Ctrl Pts',(-27.208219882685,27.1497878722137,-14.5218096936827));
#10893=CARTESIAN_POINT('Ctrl Pts',(-26.9525800244454,28.,0.));
#10894=CARTESIAN_POINT('Ctrl Pts',(-26.8891681062977,27.7879547764065,-4.84060323122755));
#10895=CARTESIAN_POINT('Ctrl Pts',(-26.8262929112622,27.5780093196293,-9.68120646245512));
#10896=CARTESIAN_POINT('Ctrl Pts',(-26.7628809931145,27.3659640960358,-14.5218096936827));
#10897=CARTESIAN_POINT('Ctrl Pts',(-26.5033312244635,28.,0.));
#10898=CARTESIAN_POINT('Ctrl Pts',(-26.5033312244635,27.7886546986786,-4.84060323122756));
#10899=CARTESIAN_POINT('Ctrl Pts',(-26.5033312244635,27.5773093973572,-9.68120646245511));
#10900=CARTESIAN_POINT('Ctrl Pts',(-26.5033312244635,27.3659640960359,-14.5218096936827));
#10901=CARTESIAN_POINT('Ctrl Pts',(-28.,26.5033312244635,0.));
#10902=CARTESIAN_POINT('Ctrl Pts',(-28.,26.8402678244499,0.));
#10903=CARTESIAN_POINT('Ctrl Pts',(-27.7264714282007,27.6246086481861,0.));
#10904=CARTESIAN_POINT('Ctrl Pts',(-26.9525800244454,28.,0.));
#10905=CARTESIAN_POINT('Ctrl Pts',(-26.5033312244635,28.,0.));
#10906=CARTESIAN_POINT('Ctrl Pts',(28.,-26.5033312244635,0.));
#10907=CARTESIAN_POINT('Ctrl Pts',(27.7886546986786,-26.5033312244635,-4.84060323122756));
#10908=CARTESIAN_POINT('Ctrl Pts',(27.5773093973572,-26.5033312244635,-9.68120646245511));
#10909=CARTESIAN_POINT('Ctrl Pts',(27.3659640960359,-26.5033312244635,-14.5218096936827));
#10910=CARTESIAN_POINT('Ctrl Pts',(28.,-26.8402678244499,0.));
#10911=CARTESIAN_POINT('Ctrl Pts',(27.7884742094198,-26.7930186602636,-4.84060323122755));
#10912=CARTESIAN_POINT('Ctrl Pts',(27.577489886616,-26.7452427151377,-9.68120646245512));
#10913=CARTESIAN_POINT('Ctrl Pts',(27.3659640960359,-26.6979935509514,-14.5218096936827));
#10914=CARTESIAN_POINT('Ctrl Pts',(27.7264714282008,-27.624608648186,0.));
#10915=CARTESIAN_POINT('Ctrl Pts',(27.5538230384286,-27.4665122010078,-4.84060323122757));
#10916=CARTESIAN_POINT('Ctrl Pts',(27.3808682724577,-27.3078843193919,-9.6812064624551));
#10917=CARTESIAN_POINT('Ctrl Pts',(27.2082198826855,-27.1497878722137,-14.5218096936827));
#10918=CARTESIAN_POINT('Ctrl Pts',(26.9525800244453,-28.,0.));
#10919=CARTESIAN_POINT('Ctrl Pts',(26.8891681062976,-27.7879547764066,-4.84060323122755));
#10920=CARTESIAN_POINT('Ctrl Pts',(26.8262929112614,-27.5780093196293,-9.68120646245512));
#10921=CARTESIAN_POINT('Ctrl Pts',(26.7628809931137,-27.3659640960359,-14.5218096936827));
#10922=CARTESIAN_POINT('Ctrl Pts',(26.5033312244635,-28.,0.));
#10923=CARTESIAN_POINT('Ctrl Pts',(26.5033312244635,-27.7886546986786,-4.84060323122756));
#10924=CARTESIAN_POINT('Ctrl Pts',(26.5033312244636,-27.5773093973572,-9.68120646245511));
#10925=CARTESIAN_POINT('Ctrl Pts',(26.5033312244636,-27.3659640960358,-14.5218096936827));
#10926=CARTESIAN_POINT('Ctrl Pts',(28.,-26.5033312244635,0.));
#10927=CARTESIAN_POINT('Ctrl Pts',(28.,-26.8402678244499,0.));
#10928=CARTESIAN_POINT('Ctrl Pts',(27.7264714282008,-27.624608648186,0.));
#10929=CARTESIAN_POINT('Ctrl Pts',(26.9525800244453,-28.,0.));
#10930=CARTESIAN_POINT('Ctrl Pts',(26.5033312244635,-28.,0.));
#10931=CARTESIAN_POINT('Origin',(26.4530003980167,-26.4530003980167,-1.00009759301794));
#10932=CARTESIAN_POINT('',(30.,-26.5033312244635,0.));
#10933=CARTESIAN_POINT('',(29.9496691735532,-26.4530003980167,-1.15276544879662));
#10934=CARTESIAN_POINT('Origin',(26.4966656019284,-26.4966656019284,0.));
#10935=CARTESIAN_POINT('Origin',(26.4530003980167,26.4530003980167,-1.00009759301794));
#10936=CARTESIAN_POINT('',(26.5033312244635,30.,0.));
#10937=CARTESIAN_POINT('',(26.4530003980167,29.9496691735532,-1.15276544879662));
#10938=CARTESIAN_POINT('',(30.,26.5033312244635,0.));
#10939=CARTESIAN_POINT('Origin',(26.4966656019284,26.4966656019284,0.));
#10940=CARTESIAN_POINT('',(29.9496691735532,26.4530003980167,-1.15276544879662));
#10941=CARTESIAN_POINT('Origin',(30.,30.,0.));
#10942=CARTESIAN_POINT('',(-30.,30.,0.));
#10943=CARTESIAN_POINT('Origin',(30.,-30.,0.));
#10944=CARTESIAN_POINT('',(30.,30.,0.));
#10945=CARTESIAN_POINT('Origin',(-2.22044604925031E-15,6.3585500501259E-15,
0.));
#10946=CARTESIAN_POINT('',(0.,0.,0.));
#10947=CARTESIAN_POINT('Origin',(-3.61249999999996,1.09318164609115E-16,
2.5));
#10948=CARTESIAN_POINT('',(27.4872587757842,-29.8578743439321,3.));
#10949=CARTESIAN_POINT('',(29.1274540355251,-28.8122468058585,2.5));
#10950=CARTESIAN_POINT('Ctrl Pts',(27.4872587757842,-29.8578743439321,3.));
#10951=CARTESIAN_POINT('Ctrl Pts',(27.6814862420373,-29.8007689400615,3.));
#10952=CARTESIAN_POINT('Ctrl Pts',(27.8927954792281,-29.7203488732712,2.96965433586011));
#10953=CARTESIAN_POINT('Ctrl Pts',(28.4648305157137,-29.4237175433735,2.82322178337175));
#10954=CARTESIAN_POINT('Ctrl Pts',(28.8045805835218,-29.1708194676307,2.67484461330912));
#10955=CARTESIAN_POINT('Ctrl Pts',(29.1090507900121,-28.8330337935066,2.51006347972856));
#10956=CARTESIAN_POINT('Ctrl Pts',(29.1182834640562,-28.8226675165512,2.50503171008063));
#10957=CARTESIAN_POINT('Ctrl Pts',(29.1274540355251,-28.8122468058585,2.5));
#10958=CARTESIAN_POINT('',(37.8548853439681,-13.5094821878879,2.5));
#10959=CARTESIAN_POINT('Origin',(-3.61249999999996,1.09318164609115E-16,
2.5));
#10960=CARTESIAN_POINT('',(37.3794782319708,-13.3546013373532,3.));
#10961=CARTESIAN_POINT('Origin',(37.3794782319708,-13.3546013373532,2.5));
#10962=CARTESIAN_POINT('Origin',(-3.61249999999996,1.09318164609115E-16,
3.));
#10963=CARTESIAN_POINT('Origin',(32.15,-11.6509119814717,2.5));
#10964=CARTESIAN_POINT('',(38.15,-11.6509119814717,2.5));
#10965=CARTESIAN_POINT('',(37.65,-11.6509119814717,3.));
#10966=CARTESIAN_POINT('Origin',(37.65,-11.6509119814717,2.5));
#10967=CARTESIAN_POINT('Origin',(32.15,-11.6509119814717,3.));
#10968=CARTESIAN_POINT('Origin',(32.15,-11.6509119814717,2.5));
#10969=CARTESIAN_POINT('Origin',(37.65,6.28378369296719,2.5));
#10970=CARTESIAN_POINT('',(38.15,11.6509119814717,2.5));
#10971=CARTESIAN_POINT('',(37.65,11.6509119814717,3.));
#10972=CARTESIAN_POINT('Origin',(37.65,11.6509119814717,2.5));
#10973=CARTESIAN_POINT('',(37.65,6.28378369296719,3.));
#10974=CARTESIAN_POINT('',(38.15,6.28378369296719,2.5));
#10975=CARTESIAN_POINT('Origin',(32.15,11.6509119814717,2.5));
#10976=CARTESIAN_POINT('',(37.8548853439681,13.5094821878879,2.5));
#10977=CARTESIAN_POINT('',(37.3794782319708,13.3546013373532,3.));
#10978=CARTESIAN_POINT('Origin',(37.3794782319708,13.3546013373532,2.5));
#10979=CARTESIAN_POINT('Origin',(32.15,11.6509119814717,3.));
#10980=CARTESIAN_POINT('Origin',(32.15,11.6509119814717,2.5));
#10981=CARTESIAN_POINT('Origin',(-3.61249999999996,1.09318164609115E-16,
2.5));
#10982=CARTESIAN_POINT('',(29.1274540355251,28.8122468058585,2.5));
#10983=CARTESIAN_POINT('',(27.4872587757842,29.8578743439321,3.));
#10984=CARTESIAN_POINT('Ctrl Pts',(29.1274540355251,28.8122468058585,2.5));
#10985=CARTESIAN_POINT('Ctrl Pts',(29.1182834640562,28.8226675165513,2.50503171008067));
#10986=CARTESIAN_POINT('Ctrl Pts',(29.1090507900121,28.8330337935066,2.51006347972827));
#10987=CARTESIAN_POINT('Ctrl Pts',(28.8045805835214,29.1708194676312,2.67484461331135));
#10988=CARTESIAN_POINT('Ctrl Pts',(28.4648305157109,29.423717543375,2.82322178337247));
#10989=CARTESIAN_POINT('Ctrl Pts',(27.8927954792282,29.7203488732712,2.96965433586009));
#10990=CARTESIAN_POINT('Ctrl Pts',(27.6814862420373,29.8007689400615,3.));
#10991=CARTESIAN_POINT('Ctrl Pts',(27.4872587757842,29.8578743439321,3.));
#10992=CARTESIAN_POINT('Origin',(-3.61249999999996,1.09318164609115E-16,
3.));
#10993=CARTESIAN_POINT('Origin',(-3.61249999999996,1.09318164609115E-16,
2.5));
#10994=CARTESIAN_POINT('Origin',(32.15,11.6509119814717,3.));
#10995=CARTESIAN_POINT('',(38.15,11.6509119814717,0.5));
#10996=CARTESIAN_POINT('',(38.15,11.6509119814717,3.));
#10997=CARTESIAN_POINT('',(37.8548853439681,13.5094821878879,0.5));
#10998=CARTESIAN_POINT('Origin',(32.15,11.6509119814717,0.5));
#10999=CARTESIAN_POINT('',(37.8548853439681,13.5094821878879,3.));
#11000=CARTESIAN_POINT('Origin',(38.15,12.5675673859344,3.));
#11001=CARTESIAN_POINT('',(38.15,-11.6509119814717,0.5));
#11002=CARTESIAN_POINT('',(38.15,-11.6509119814717,3.));
#11003=CARTESIAN_POINT('',(38.15,6.28378369296719,0.5));
#11004=CARTESIAN_POINT('Origin',(32.15,-11.6509119814717,3.));
#11005=CARTESIAN_POINT('',(37.8548853439681,-13.5094821878879,0.5));
#11006=CARTESIAN_POINT('',(37.8548853439681,-13.5094821878879,3.));
#11007=CARTESIAN_POINT('Origin',(32.15,-11.6509119814717,0.5));
#11008=CARTESIAN_POINT('Origin',(-3.61249999999996,1.09318164609115E-16,
3.));
#11009=CARTESIAN_POINT('',(29.1274540355251,-28.8122468058585,0.5));
#11010=CARTESIAN_POINT('',(29.1274540355251,-28.8122468058585,3.));
#11011=CARTESIAN_POINT('Origin',(-3.61249999999996,1.09318164609115E-16,
0.5));
#11012=CARTESIAN_POINT('Origin',(26.5,-26.5,0.));
#11013=CARTESIAN_POINT('',(26.5,-30.,3.));
#11014=CARTESIAN_POINT('Origin',(26.5,-26.5,3.));
#11015=CARTESIAN_POINT('',(26.5,-30.,0.5));
#11016=CARTESIAN_POINT('',(26.5,-30.,0.));
#11017=CARTESIAN_POINT('Origin',(26.5,-26.5,0.5));
#11018=CARTESIAN_POINT('Origin',(3.61249999999995,5.64907072498444E-15,
2.5));
#11019=CARTESIAN_POINT('',(-29.1274540355251,-28.8122468058585,2.5));
#11020=CARTESIAN_POINT('',(-27.4872587757842,-29.857874343932,3.));
#11021=CARTESIAN_POINT('Ctrl Pts',(-29.1274540355251,-28.8122468058585,
2.5));
#11022=CARTESIAN_POINT('Ctrl Pts',(-29.118283464056,-28.8226675165514,2.50503171008074));
#11023=CARTESIAN_POINT('Ctrl Pts',(-29.1090507900123,-28.8330337935063,
2.5100634797287));
#11024=CARTESIAN_POINT('Ctrl Pts',(-28.8045805835226,-29.1708194676299,
2.67484461330669));
#11025=CARTESIAN_POINT('Ctrl Pts',(-28.4648305157169,-29.4237175433719,
2.82322178337094));
#11026=CARTESIAN_POINT('Ctrl Pts',(-27.8927954792281,-29.7203488732712,
2.96965433586012));
#11027=CARTESIAN_POINT('Ctrl Pts',(-27.6814862420373,-29.8007689400615,
3.));
#11028=CARTESIAN_POINT('Ctrl Pts',(-27.4872587757842,-29.857874343932,3.));
#11029=CARTESIAN_POINT('',(-37.3794782319707,-13.3546013373533,3.));
#11030=CARTESIAN_POINT('Origin',(3.61249999999995,5.64907072498444E-15,
3.));
#11031=CARTESIAN_POINT('',(-37.8548853439681,-13.509482187888,2.5));
#11032=CARTESIAN_POINT('Origin',(-37.3794782319707,-13.3546013373533,2.5));
#11033=CARTESIAN_POINT('Origin',(3.61249999999995,5.64907072498444E-15,
2.5));
#11034=CARTESIAN_POINT('Origin',(-32.15,-11.6509119814718,2.5));
#11035=CARTESIAN_POINT('',(-37.65,-11.6509119814718,3.));
#11036=CARTESIAN_POINT('',(-38.15,-11.6509119814718,2.5));
#11037=CARTESIAN_POINT('Origin',(-37.65,-11.6509119814718,2.5));
#11038=CARTESIAN_POINT('Origin',(-32.15,-11.6509119814718,2.5));
#11039=CARTESIAN_POINT('Origin',(-32.15,-11.6509119814718,3.));
#11040=CARTESIAN_POINT('Origin',(-37.65,-6.28378369296721,2.5));
#11041=CARTESIAN_POINT('',(-37.65,11.6509119814718,3.));
#11042=CARTESIAN_POINT('',(-38.15,11.6509119814718,2.5));
#11043=CARTESIAN_POINT('Origin',(-37.65,11.6509119814718,2.5));
#11044=CARTESIAN_POINT('',(-38.15,-6.28378369296721,2.5));
#11045=CARTESIAN_POINT('',(-37.65,-6.28378369296721,3.));
#11046=CARTESIAN_POINT('Origin',(-32.15,11.6509119814718,2.5));
#11047=CARTESIAN_POINT('',(-37.3794782319707,13.3546013373533,3.));
#11048=CARTESIAN_POINT('',(-37.8548853439681,13.509482187888,2.5));
#11049=CARTESIAN_POINT('Origin',(-37.3794782319707,13.3546013373533,2.5));
#11050=CARTESIAN_POINT('Origin',(-32.15,11.6509119814718,2.5));
#11051=CARTESIAN_POINT('Origin',(-32.15,11.6509119814718,3.));
#11052=CARTESIAN_POINT('Origin',(3.61249999999995,5.64907072498444E-15,
2.5));
#11053=CARTESIAN_POINT('',(-27.4872587757842,29.8578743439321,3.));
#11054=CARTESIAN_POINT('',(-29.1274540355251,28.8122468058585,2.5));
#11055=CARTESIAN_POINT('Ctrl Pts',(-27.4872587757842,29.8578743439321,3.));
#11056=CARTESIAN_POINT('Ctrl Pts',(-27.6814862420373,29.8007689400615,3.));
#11057=CARTESIAN_POINT('Ctrl Pts',(-27.8927954792281,29.7203488732713,2.96965433586011));
#11058=CARTESIAN_POINT('Ctrl Pts',(-28.4648305157135,29.4237175433736,2.82322178337179));
#11059=CARTESIAN_POINT('Ctrl Pts',(-28.8045805835217,29.1708194676309,2.6748446133092));
#11060=CARTESIAN_POINT('Ctrl Pts',(-29.1090507900122,28.8330337935065,2.51006347972848));
#11061=CARTESIAN_POINT('Ctrl Pts',(-29.1182834640561,28.8226675165514,2.50503171008071));
#11062=CARTESIAN_POINT('Ctrl Pts',(-29.1274540355251,28.8122468058585,2.5));
#11063=CARTESIAN_POINT('Origin',(3.61249999999995,5.64907072498444E-15,
2.5));
#11064=CARTESIAN_POINT('Origin',(3.61249999999995,5.64907072498444E-15,
3.));
#11065=CARTESIAN_POINT('Origin',(1.11022302462516E-15,6.3585500501259E-15,
3.));
#11066=CARTESIAN_POINT('',(26.5,30.,3.));
#11067=CARTESIAN_POINT('Origin',(26.5,26.5,3.));
#11068=CARTESIAN_POINT('',(-26.5,30.,3.));
#11069=CARTESIAN_POINT('',(-30.,30.,3.));
#11070=CARTESIAN_POINT('Origin',(-26.5,26.5,3.));
#11071=CARTESIAN_POINT('',(-26.5,-30.,3.));
#11072=CARTESIAN_POINT('Origin',(-26.5,-26.5,3.));
#11073=CARTESIAN_POINT('',(30.,-30.,3.));
#11074=CARTESIAN_POINT('',(-36.15,6.00000000000001,3.));
#11075=CARTESIAN_POINT('',(-36.15,-5.99999999999999,3.));
#11076=CARTESIAN_POINT('',(-36.15,3.,3.));
#11077=CARTESIAN_POINT('',(-31.65,6.00000000000001,3.));
#11078=CARTESIAN_POINT('Origin',(-33.9,6.00000000000001,3.));
#11079=CARTESIAN_POINT('',(-31.65,-6.,3.));
#11080=CARTESIAN_POINT('',(-31.65,-2.99999999999999,3.));
#11081=CARTESIAN_POINT('Origin',(-33.9,-6.,3.));
#11082=CARTESIAN_POINT('',(27.9,26.5,3.));
#11083=CARTESIAN_POINT('',(27.9,-26.5,3.));
#11084=CARTESIAN_POINT('',(27.9,13.25,3.));
#11085=CARTESIAN_POINT('',(26.5,-27.9,3.));
#11086=CARTESIAN_POINT('Origin',(26.5,-26.5,3.));
#11087=CARTESIAN_POINT('',(-26.5,-27.9,3.));
#11088=CARTESIAN_POINT('',(13.25,-27.9,3.));
#11089=CARTESIAN_POINT('',(-27.9,-26.5,3.));
#11090=CARTESIAN_POINT('Origin',(-26.5,-26.5,3.));
#11091=CARTESIAN_POINT('',(-27.9,26.5,3.));
#11092=CARTESIAN_POINT('',(-27.9,-13.25,3.));
#11093=CARTESIAN_POINT('',(-26.5,27.9,3.));
#11094=CARTESIAN_POINT('Origin',(-26.5,26.5,3.));
#11095=CARTESIAN_POINT('',(26.5,27.9,3.));
#11096=CARTESIAN_POINT('',(-13.25,27.9,3.));
#11097=CARTESIAN_POINT('Origin',(26.5,26.5,3.));
#11098=CARTESIAN_POINT('',(31.65,6.,3.));
#11099=CARTESIAN_POINT('',(31.65,-6.,3.));
#11100=CARTESIAN_POINT('',(31.65,3.,3.));
#11101=CARTESIAN_POINT('',(36.15,6.,3.));
#11102=CARTESIAN_POINT('Origin',(33.9,6.,3.));
#11103=CARTESIAN_POINT('',(36.15,-6.,3.));
#11104=CARTESIAN_POINT('',(36.15,-3.,3.));
#11105=CARTESIAN_POINT('Origin',(33.9,-6.,3.));
#11106=CARTESIAN_POINT('Origin',(-26.5,-26.5,0.));
#11107=CARTESIAN_POINT('',(-29.1274540355251,-28.8122468058585,0.5));
#11108=CARTESIAN_POINT('',(-29.1274540355251,-28.8122468058585,3.));
#11109=CARTESIAN_POINT('',(-26.5,-30.,0.5));
#11110=CARTESIAN_POINT('Origin',(-26.5,-26.5,0.5));
#11111=CARTESIAN_POINT('',(-26.5,-30.,0.));
#11112=CARTESIAN_POINT('Origin',(3.61249999999995,5.64907072498444E-15,
3.));
#11113=CARTESIAN_POINT('',(-37.8548853439681,-13.509482187888,0.5));
#11114=CARTESIAN_POINT('',(-37.8548853439681,-13.509482187888,3.));
#11115=CARTESIAN_POINT('Origin',(3.61249999999995,5.64907072498444E-15,
0.5));
#11116=CARTESIAN_POINT('Origin',(32.15,-11.6509119814717,0.5));
#11117=CARTESIAN_POINT('',(37.3794782319708,-13.3546013373532,0.));
#11118=CARTESIAN_POINT('Origin',(37.3794782319708,-13.3546013373532,0.5));
#11119=CARTESIAN_POINT('',(37.65,-11.6509119814717,0.));
#11120=CARTESIAN_POINT('Origin',(32.15,-11.6509119814717,0.));
#11121=CARTESIAN_POINT('Origin',(37.65,-11.6509119814717,0.5));
#11122=CARTESIAN_POINT('Origin',(-3.61249999999996,1.09318164609115E-16,
0.5));
#11123=CARTESIAN_POINT('',(28.7521034590215,-28.481925833593,0.));
#11124=CARTESIAN_POINT('Origin',(28.7521034590215,-28.481925833593,0.5));
#11125=CARTESIAN_POINT('Origin',(-3.61249999999996,1.09318164609115E-16,
0.));
#11126=CARTESIAN_POINT('Origin',(37.65,6.28378369296719,0.5));
#11127=CARTESIAN_POINT('',(37.65,11.6509119814717,0.));
#11128=CARTESIAN_POINT('Origin',(37.65,11.6509119814717,0.5));
#11129=CARTESIAN_POINT('',(37.65,6.28378369296719,0.));
#11130=CARTESIAN_POINT('Origin',(26.5,-26.5,0.5));
#11131=CARTESIAN_POINT('',(26.5,-29.5,0.));
#11132=CARTESIAN_POINT('Origin',(26.5,-29.5,0.5));
#11133=CARTESIAN_POINT('Origin',(26.5,-26.5,0.));
#11134=CARTESIAN_POINT('Origin',(32.15,11.6509119814717,0.5));
#11135=CARTESIAN_POINT('',(37.3794782319708,13.3546013373532,0.));
#11136=CARTESIAN_POINT('Origin',(37.3794782319708,13.3546013373532,0.5));
#11137=CARTESIAN_POINT('Origin',(32.15,11.6509119814717,0.));
#11138=CARTESIAN_POINT('Origin',(15.,-29.5,0.5));
#11139=CARTESIAN_POINT('',(-26.5,-29.5,0.));
#11140=CARTESIAN_POINT('Origin',(-26.5,-29.5,0.5));
#11141=CARTESIAN_POINT('',(15.,-29.5,0.));
#11142=CARTESIAN_POINT('',(15.,-30.,0.5));
#11143=CARTESIAN_POINT('Origin',(-3.61249999999996,1.09318164609115E-16,
0.5));
#11144=CARTESIAN_POINT('',(28.7521034590215,28.481925833593,0.));
#11145=CARTESIAN_POINT('',(29.1274540355251,28.8122468058585,0.5));
#11146=CARTESIAN_POINT('Origin',(28.7521034590215,28.481925833593,0.5));
#11147=CARTESIAN_POINT('Origin',(-3.61249999999996,1.09318164609115E-16,
0.5));
#11148=CARTESIAN_POINT('Origin',(-3.61249999999996,1.09318164609115E-16,
0.));
#11149=CARTESIAN_POINT('Origin',(-26.5,-26.5,0.5));
#11150=CARTESIAN_POINT('',(-28.7521034590215,-28.481925833593,0.));
#11151=CARTESIAN_POINT('Origin',(-28.7521034590215,-28.481925833593,0.5));
#11152=CARTESIAN_POINT('Origin',(-26.5,-26.5,0.));
#11153=CARTESIAN_POINT('Origin',(26.5,26.5,0.5));
#11154=CARTESIAN_POINT('',(26.5,29.5,0.));
#11155=CARTESIAN_POINT('',(26.5,30.,0.5));
#11156=CARTESIAN_POINT('Origin',(26.5,29.5,0.5));
#11157=CARTESIAN_POINT('Origin',(26.5,26.5,0.5));
#11158=CARTESIAN_POINT('Origin',(26.5,26.5,0.));
#11159=CARTESIAN_POINT('Origin',(3.61249999999995,5.64907072498444E-15,
0.5));
#11160=CARTESIAN_POINT('',(-37.3794782319707,-13.3546013373533,0.));
#11161=CARTESIAN_POINT('Origin',(-37.3794782319707,-13.3546013373533,0.5));
#11162=CARTESIAN_POINT('Origin',(3.61249999999995,5.64907072498444E-15,
0.));
#11163=CARTESIAN_POINT('Origin',(-15.,29.5,0.5));
#11164=CARTESIAN_POINT('',(-26.5,29.5,0.));
#11165=CARTESIAN_POINT('',(-26.5,30.,0.5));
#11166=CARTESIAN_POINT('Origin',(-26.5,29.5,0.5));
#11167=CARTESIAN_POINT('',(-15.,30.,0.5));
#11168=CARTESIAN_POINT('',(-15.,29.5,0.));
#11169=CARTESIAN_POINT('Origin',(-32.15,-11.6509119814718,0.5));
#11170=CARTESIAN_POINT('',(-38.15,-11.6509119814718,0.5));
#11171=CARTESIAN_POINT('',(-37.65,-11.6509119814718,0.));
#11172=CARTESIAN_POINT('Origin',(-37.65,-11.6509119814718,0.5));
#11173=CARTESIAN_POINT('Origin',(-32.15,-11.6509119814718,0.));
#11174=CARTESIAN_POINT('Origin',(-32.15,-11.6509119814718,0.5));
#11175=CARTESIAN_POINT('Origin',(-26.5,26.5,0.5));
#11176=CARTESIAN_POINT('',(-28.7521034590215,28.481925833593,0.));
#11177=CARTESIAN_POINT('',(-29.1274540355251,28.8122468058585,0.5));
#11178=CARTESIAN_POINT('Origin',(-28.7521034590215,28.481925833593,0.5));
#11179=CARTESIAN_POINT('Origin',(-26.5,26.5,0.5));
#11180=CARTESIAN_POINT('Origin',(-26.5,26.5,0.));
#11181=CARTESIAN_POINT('Origin',(-37.65,-6.28378369296721,0.5));
#11182=CARTESIAN_POINT('',(-38.15,11.6509119814718,0.5));
#11183=CARTESIAN_POINT('',(-37.65,11.6509119814718,0.));
#11184=CARTESIAN_POINT('Origin',(-37.65,11.6509119814718,0.5));
#11185=CARTESIAN_POINT('',(-37.65,-6.28378369296721,0.));
#11186=CARTESIAN_POINT('',(-38.15,-6.28378369296721,0.5));
#11187=CARTESIAN_POINT('Origin',(3.61249999999995,5.64907072498444E-15,
0.5));
#11188=CARTESIAN_POINT('',(-37.3794782319707,13.3546013373533,0.));
#11189=CARTESIAN_POINT('',(-37.8548853439681,13.509482187888,0.5));
#11190=CARTESIAN_POINT('Origin',(-37.3794782319707,13.3546013373533,0.5));
#11191=CARTESIAN_POINT('Origin',(3.61249999999995,5.64907072498444E-15,
0.5));
#11192=CARTESIAN_POINT('Origin',(3.61249999999995,5.64907072498444E-15,
0.));
#11193=CARTESIAN_POINT('Origin',(-32.15,11.6509119814718,0.5));
#11194=CARTESIAN_POINT('Origin',(-32.15,11.6509119814718,0.5));
#11195=CARTESIAN_POINT('Origin',(-32.15,11.6509119814718,0.));
#11196=CARTESIAN_POINT('Origin',(-38.15,-12.5675673859344,3.));
#11197=CARTESIAN_POINT('',(-38.15,11.6509119814718,3.));
#11198=CARTESIAN_POINT('',(-38.15,-11.6509119814718,3.));
#11199=CARTESIAN_POINT('Origin',(-32.15,-11.6509119814718,3.));
#11200=CARTESIAN_POINT('Origin',(30.,-30.,0.));
#11201=CARTESIAN_POINT('Origin',(1.11022302462516E-15,6.25762068425088E-15,
0.));
#11202=CARTESIAN_POINT('',(-26.5,23.5,0.));
#11203=CARTESIAN_POINT('',(-20.5,23.5,-1.38777878078145E-16));
#11204=CARTESIAN_POINT('Origin',(-23.5,23.5,0.));
#11205=CARTESIAN_POINT('Origin',(-23.5,23.5,0.));
#11206=CARTESIAN_POINT('',(20.5,-23.5,0.));
#11207=CARTESIAN_POINT('',(26.5,-23.5,-1.38777878078145E-16));
#11208=CARTESIAN_POINT('Origin',(23.5,-23.5,0.));
#11209=CARTESIAN_POINT('Origin',(23.5,-23.5,0.));
#11210=CARTESIAN_POINT('',(32.15,6.,0.));
#11211=CARTESIAN_POINT('',(32.15,-6.,0.));
#11212=CARTESIAN_POINT('',(32.15,3.,0.));
#11213=CARTESIAN_POINT('',(35.65,-6.,0.));
#11214=CARTESIAN_POINT('Origin',(33.9,-6.,0.));
#11215=CARTESIAN_POINT('',(35.65,6.,0.));
#11216=CARTESIAN_POINT('',(35.65,-3.,0.));
#11217=CARTESIAN_POINT('Origin',(33.9,6.,0.));
#11218=CARTESIAN_POINT('',(-35.65,6.00000000000001,0.));
#11219=CARTESIAN_POINT('',(-35.65,-6.,0.));
#11220=CARTESIAN_POINT('',(-35.65,3.,0.));
#11221=CARTESIAN_POINT('',(-32.15,-6.,0.));
#11222=CARTESIAN_POINT('Origin',(-33.9,-6.,0.));
#11223=CARTESIAN_POINT('',(-32.15,6.00000000000001,0.));
#11224=CARTESIAN_POINT('',(-32.15,-2.99999999999999,0.));
#11225=CARTESIAN_POINT('Origin',(-33.9,6.00000000000001,0.));
#11226=CARTESIAN_POINT('Origin',(-36.15,3.,2.5));
#11227=CARTESIAN_POINT('',(-35.65,-6.,2.5));
#11228=CARTESIAN_POINT('Origin',(-36.15,-5.99999999999999,2.5));
#11229=CARTESIAN_POINT('',(-35.65,6.00000000000001,2.5));
#11230=CARTESIAN_POINT('',(-35.65,3.,2.5));
#11231=CARTESIAN_POINT('Origin',(-36.15,6.00000000000001,2.5));
#11232=CARTESIAN_POINT('Origin',(-33.9,-6.,2.5));
#11233=CARTESIAN_POINT('',(-32.15,-6.,2.5));
#11234=CARTESIAN_POINT('Origin',(-31.65,-6.,2.5));
#11235=CARTESIAN_POINT('Origin',(-33.9,-6.,2.5));
#11236=CARTESIAN_POINT('Origin',(-33.9,6.00000000000001,2.5));
#11237=CARTESIAN_POINT('',(-32.15,6.00000000000001,2.5));
#11238=CARTESIAN_POINT('Origin',(-31.65,6.00000000000001,2.5));
#11239=CARTESIAN_POINT('Origin',(-33.9,6.00000000000001,2.5));
#11240=CARTESIAN_POINT('Origin',(-31.65,-2.99999999999999,2.5));
#11241=CARTESIAN_POINT('',(-32.15,-2.99999999999999,2.5));
#11242=CARTESIAN_POINT('Origin',(-33.9,6.00000000000001,3.));
#11243=CARTESIAN_POINT('',(-35.65,6.00000000000001,3.));
#11244=CARTESIAN_POINT('',(-32.15,6.00000000000001,3.));
#11245=CARTESIAN_POINT('Origin',(-35.65,6.00000000000001,3.));
#11246=CARTESIAN_POINT('',(-35.65,-6.,3.));
#11247=CARTESIAN_POINT('Origin',(31.65,3.,2.5));
#11248=CARTESIAN_POINT('',(32.15,-6.,2.5));
#11249=CARTESIAN_POINT('Origin',(31.65,-6.,2.5));
#11250=CARTESIAN_POINT('',(32.15,6.,2.5));
#11251=CARTESIAN_POINT('',(32.15,3.,2.5));
#11252=CARTESIAN_POINT('Origin',(31.65,6.,2.5));
#11253=CARTESIAN_POINT('Origin',(33.9,-6.,2.5));
#11254=CARTESIAN_POINT('',(35.65,-6.,2.5));
#11255=CARTESIAN_POINT('Origin',(36.15,-6.,2.5));
#11256=CARTESIAN_POINT('Origin',(33.9,-6.,2.5));
#11257=CARTESIAN_POINT('Origin',(33.9,6.,2.5));
#11258=CARTESIAN_POINT('',(35.65,6.,2.5));
#11259=CARTESIAN_POINT('Origin',(36.15,6.,2.5));
#11260=CARTESIAN_POINT('Origin',(33.9,6.,2.5));
#11261=CARTESIAN_POINT('Origin',(36.15,-3.,2.5));
#11262=CARTESIAN_POINT('',(35.65,-3.,2.5));
#11263=CARTESIAN_POINT('Origin',(33.9,6.,3.));
#11264=CARTESIAN_POINT('',(32.15,6.,3.));
#11265=CARTESIAN_POINT('',(35.65,6.,3.));
#11266=CARTESIAN_POINT('Origin',(32.15,6.,3.));
#11267=CARTESIAN_POINT('',(32.15,-6.,3.));
#11268=CARTESIAN_POINT('Origin',(-32.15,11.6509119814718,3.));
#11269=CARTESIAN_POINT('',(-37.8548853439681,13.509482187888,3.));
#11270=CARTESIAN_POINT('Origin',(3.61249999999995,5.64907072498444E-15,
3.));
#11271=CARTESIAN_POINT('',(-29.1274540355251,28.8122468058585,3.));
#11272=CARTESIAN_POINT('Origin',(-3.61249999999996,1.09318164609115E-16,
3.));
#11273=CARTESIAN_POINT('',(29.1274540355251,28.8122468058585,3.));
#11274=CARTESIAN_POINT('Origin',(-32.15,-6.,3.));
#11275=CARTESIAN_POINT('',(-32.15,-6.,3.));
#11276=CARTESIAN_POINT('Origin',(-33.9,-6.,3.));
#11277=CARTESIAN_POINT('Origin',(35.65,-6.,3.));
#11278=CARTESIAN_POINT('',(35.65,-6.,3.));
#11279=CARTESIAN_POINT('Origin',(33.9,-6.,3.));
#11280=CARTESIAN_POINT('Origin',(23.5,-23.5,0.718980254513131));
#11281=CARTESIAN_POINT('',(25.25,-23.5,1.43796050902626));
#11282=CARTESIAN_POINT('',(25.875,-23.5,0.718980254513131));
#11283=CARTESIAN_POINT('',(21.75,-23.5,1.43796050902626));
#11284=CARTESIAN_POINT('Origin',(23.5,-23.5,1.43796050902626));
#11285=CARTESIAN_POINT('Origin',(23.5,-23.5,1.43796050902626));
#11286=CARTESIAN_POINT('Origin',(23.5,-23.5,85.));
#11287=CARTESIAN_POINT('',(25.25,-23.5,5.));
#11288=CARTESIAN_POINT('',(25.25,-23.5,85.));
#11289=CARTESIAN_POINT('Origin',(23.5,-23.5,5.));
#11290=CARTESIAN_POINT('Origin',(-23.5,23.5,0.718980254513131));
#11291=CARTESIAN_POINT('',(-21.75,23.5,1.43796050902626));
#11292=CARTESIAN_POINT('',(-21.125,23.5,0.718980254513131));
#11293=CARTESIAN_POINT('',(-25.25,23.5,1.43796050902626));
#11294=CARTESIAN_POINT('Origin',(-23.5,23.5,1.43796050902626));
#11295=CARTESIAN_POINT('Origin',(-23.5,23.5,1.43796050902626));
#11296=CARTESIAN_POINT('Origin',(-23.5,23.5,85.));
#11297=CARTESIAN_POINT('',(-21.75,23.5,5.));
#11298=CARTESIAN_POINT('',(-21.75,23.5,85.));
#11299=CARTESIAN_POINT('Origin',(-23.5,23.5,5.));
#11300=CARTESIAN_POINT('Origin',(-23.5,23.5,2.));
#11301=CARTESIAN_POINT('',(-21.0523651947847,23.5,5.));
#11302=CARTESIAN_POINT('Origin',(-23.5,23.5,5.));
#11303=CARTESIAN_POINT('',(-21.,23.5,2.));
#11304=CARTESIAN_POINT('',(-21.,23.5,2.));
#11305=CARTESIAN_POINT('Origin',(-23.5,23.5,2.));
#11306=CARTESIAN_POINT('Origin',(-23.5,23.5,5.));
#11307=CARTESIAN_POINT('Origin',(23.5,-23.5,2.));
#11308=CARTESIAN_POINT('',(25.9476348052154,-23.5,5.));
#11309=CARTESIAN_POINT('Origin',(23.5,-23.5,5.));
#11310=CARTESIAN_POINT('',(26.,-23.5,2.));
#11311=CARTESIAN_POINT('',(26.,-23.5,2.));
#11312=CARTESIAN_POINT('Origin',(23.5,-23.5,2.));
#11313=CARTESIAN_POINT('Origin',(23.5,-23.5,5.));
#11314=CARTESIAN_POINT('Origin',(1.6306400674182E-15,7.02563007770607E-15,
2.));
#11315=CARTESIAN_POINT('',(26.8650792305083,-26.5,2.));
#11316=CARTESIAN_POINT('',(26.8650792305083,26.5,2.));
#11317=CARTESIAN_POINT('',(26.8650792305083,-26.5,2.));
#11318=CARTESIAN_POINT('',(26.5,26.8650792305083,2.));
#11319=CARTESIAN_POINT('Origin',(26.5,26.5,2.));
#11320=CARTESIAN_POINT('',(-26.5,26.8650792305083,2.));
#11321=CARTESIAN_POINT('',(26.5,26.8650792305083,2.));
#11322=CARTESIAN_POINT('',(-26.8650792305083,26.5,2.));
#11323=CARTESIAN_POINT('Origin',(-26.5,26.5,2.));
#11324=CARTESIAN_POINT('',(-26.8650792305083,-26.5,2.));
#11325=CARTESIAN_POINT('',(-26.8650792305083,26.5,2.));
#11326=CARTESIAN_POINT('',(-26.5,-26.8650792305083,2.));
#11327=CARTESIAN_POINT('Origin',(-26.5,-26.5,2.));
#11328=CARTESIAN_POINT('',(26.5,-26.8650792305082,2.));
#11329=CARTESIAN_POINT('',(-26.5,-26.8650792305083,2.));
#11330=CARTESIAN_POINT('Origin',(26.5,-26.5,2.));
#11331=CARTESIAN_POINT('Origin',(27.3386566641605,13.25,4.1));
#11332=CARTESIAN_POINT('',(27.3386566641605,26.5,4.5));
#11333=CARTESIAN_POINT('',(26.9389003333528,26.5,4.113959798681));
#11334=CARTESIAN_POINT('Origin',(27.3386566641605,26.5,4.1));
#11335=CARTESIAN_POINT('',(26.9389003333528,-26.5,4.113959798681));
#11336=CARTESIAN_POINT('',(26.9389003333528,13.25,4.113959798681));
#11337=CARTESIAN_POINT('',(27.3386566641605,-26.5,4.5));
#11338=CARTESIAN_POINT('Origin',(27.3386566641605,-26.5,4.1));
#11339=CARTESIAN_POINT('',(27.3386566641605,13.25,4.5));
#11340=CARTESIAN_POINT('Origin',(26.5,26.5,4.1));
#11341=CARTESIAN_POINT('',(26.5,27.3386566641605,4.5));
#11342=CARTESIAN_POINT('',(26.5,26.9389003333528,4.113959798681));
#11343=CARTESIAN_POINT('Origin',(26.5,27.3386566641605,4.1));
#11344=CARTESIAN_POINT('Origin',(26.5,26.5,4.113959798681));
#11345=CARTESIAN_POINT('Origin',(26.5,26.5,4.5));
#11346=CARTESIAN_POINT('Origin',(26.5,-26.5,4.1));
#11347=CARTESIAN_POINT('',(26.5,-26.9389003333528,4.113959798681));
#11348=CARTESIAN_POINT('',(26.5,-27.3386566641604,4.5));
#11349=CARTESIAN_POINT('Origin',(26.5,-27.3386566641604,4.1));
#11350=CARTESIAN_POINT('Origin',(26.5,-26.5,4.5));
#11351=CARTESIAN_POINT('Origin',(26.5,-26.5,4.113959798681));
#11352=CARTESIAN_POINT('Origin',(-13.25,27.3386566641605,4.1));
#11353=CARTESIAN_POINT('',(-26.5,27.3386566641605,4.5));
#11354=CARTESIAN_POINT('',(-26.5,26.9389003333528,4.113959798681));
#11355=CARTESIAN_POINT('Origin',(-26.5,27.3386566641605,4.1));
#11356=CARTESIAN_POINT('',(-13.25,26.9389003333528,4.113959798681));
#11357=CARTESIAN_POINT('',(-13.25,27.3386566641605,4.5));
#11358=CARTESIAN_POINT('Origin',(13.25,-27.3386566641604,4.1));
#11359=CARTESIAN_POINT('',(-26.5,-26.9389003333528,4.113959798681));
#11360=CARTESIAN_POINT('',(-26.5,-27.3386566641604,4.5));
#11361=CARTESIAN_POINT('Origin',(-26.5,-27.3386566641604,4.1));
#11362=CARTESIAN_POINT('',(13.25,-27.3386566641604,4.5));
#11363=CARTESIAN_POINT('',(13.25,-26.9389003333528,4.113959798681));
#11364=CARTESIAN_POINT('Origin',(-26.5,26.5,4.1));
#11365=CARTESIAN_POINT('',(-27.3386566641605,26.5,4.5));
#11366=CARTESIAN_POINT('',(-26.9389003333528,26.5,4.113959798681));
#11367=CARTESIAN_POINT('Origin',(-27.3386566641605,26.5,4.1));
#11368=CARTESIAN_POINT('Origin',(-26.5,26.5,4.113959798681));
#11369=CARTESIAN_POINT('Origin',(-26.5,26.5,4.5));
#11370=CARTESIAN_POINT('Origin',(-26.5,-26.5,4.1));
#11371=CARTESIAN_POINT('',(-26.9389003333528,-26.5,4.113959798681));
#11372=CARTESIAN_POINT('',(-27.3386566641605,-26.5,4.5));
#11373=CARTESIAN_POINT('Origin',(-27.3386566641605,-26.5,4.1));
#11374=CARTESIAN_POINT('Origin',(-26.5,-26.5,4.5));
#11375=CARTESIAN_POINT('Origin',(-26.5,-26.5,4.113959798681));
#11376=CARTESIAN_POINT('Origin',(-27.3386566641605,-13.25,4.1));
#11377=CARTESIAN_POINT('',(-27.3386566641605,-13.25,4.5));
#11378=CARTESIAN_POINT('',(-26.9389003333528,-13.25,4.113959798681));
#11379=CARTESIAN_POINT('Origin',(-26.5,-26.5,3.));
#11380=CARTESIAN_POINT('',(-26.5,-26.9,3.));
#11381=CARTESIAN_POINT('',(-26.9,-26.5,3.));
#11382=CARTESIAN_POINT('Origin',(26.5,-26.9,3.));
#11383=CARTESIAN_POINT('',(26.5,-26.9,3.));
#11384=CARTESIAN_POINT('Origin',(26.5,-26.5,3.));
#11385=CARTESIAN_POINT('',(26.9,-26.5,3.));
#11386=CARTESIAN_POINT('Origin',(26.9,26.5,3.));
#11387=CARTESIAN_POINT('',(26.9,26.5,3.));
#11388=CARTESIAN_POINT('Origin',(1.11022302462516E-15,5.91604279571857E-15,
4.5));
#11389=CARTESIAN_POINT('',(-27.4613433358396,-26.5,4.5));
#11390=CARTESIAN_POINT('',(-27.4613433358396,26.5,4.5));
#11391=CARTESIAN_POINT('',(-27.4613433358396,-13.25,4.5));
#11392=CARTESIAN_POINT('',(-26.5,-27.4613433358395,4.5));
#11393=CARTESIAN_POINT('Origin',(-26.5,-26.5,4.5));
#11394=CARTESIAN_POINT('',(26.5,-27.4613433358395,4.5));
#11395=CARTESIAN_POINT('',(13.25,-27.4613433358395,4.5));
#11396=CARTESIAN_POINT('',(27.4613433358396,-26.5,4.5));
#11397=CARTESIAN_POINT('Origin',(26.5,-26.5,4.5));
#11398=CARTESIAN_POINT('',(27.4613433358396,26.5,4.5));
#11399=CARTESIAN_POINT('',(27.4613433358396,13.25,4.5));
#11400=CARTESIAN_POINT('',(26.5,27.4613433358396,4.5));
#11401=CARTESIAN_POINT('Origin',(26.5,26.5,4.5));
#11402=CARTESIAN_POINT('',(-26.5,27.4613433358396,4.5));
#11403=CARTESIAN_POINT('',(-13.25,27.4613433358396,4.5));
#11404=CARTESIAN_POINT('Origin',(-26.5,26.5,4.5));
#11405=CARTESIAN_POINT('Origin',(-27.4613433358396,-13.25,4.1));
#11406=CARTESIAN_POINT('',(-27.8610996666472,-26.5,4.113959798681));
#11407=CARTESIAN_POINT('Origin',(-27.4613433358396,-26.5,4.1));
#11408=CARTESIAN_POINT('',(-27.8610996666472,26.5,4.113959798681));
#11409=CARTESIAN_POINT('Origin',(-27.4613433358396,26.5,4.1));
#11410=CARTESIAN_POINT('',(-27.8610996666472,-13.25,4.113959798681));
#11411=CARTESIAN_POINT('Origin',(-26.5,-26.5,4.1));
#11412=CARTESIAN_POINT('',(-26.5,-27.8610996666472,4.113959798681));
#11413=CARTESIAN_POINT('Origin',(-26.5,-27.4613433358395,4.1));
#11414=CARTESIAN_POINT('Origin',(-26.5,-26.5,4.113959798681));
#11415=CARTESIAN_POINT('Origin',(-26.5,26.5,4.1));
#11416=CARTESIAN_POINT('',(-26.5,27.8610996666472,4.113959798681));
#11417=CARTESIAN_POINT('Origin',(-26.5,27.4613433358396,4.1));
#11418=CARTESIAN_POINT('Origin',(-26.5,26.5,4.113959798681));
#11419=CARTESIAN_POINT('Origin',(13.25,-27.4613433358395,4.1));
#11420=CARTESIAN_POINT('',(26.5,-27.8610996666472,4.113959798681));
#11421=CARTESIAN_POINT('Origin',(26.5,-27.4613433358395,4.1));
#11422=CARTESIAN_POINT('',(13.25,-27.8610996666472,4.113959798681));
#11423=CARTESIAN_POINT('Origin',(-13.25,27.4613433358396,4.1));
#11424=CARTESIAN_POINT('',(26.5,27.8610996666472,4.113959798681));
#11425=CARTESIAN_POINT('Origin',(26.5,27.4613433358396,4.1));
#11426=CARTESIAN_POINT('',(-13.25,27.8610996666472,4.113959798681));
#11427=CARTESIAN_POINT('Origin',(26.5,-26.5,4.1));
#11428=CARTESIAN_POINT('',(27.8610996666472,-26.5,4.113959798681));
#11429=CARTESIAN_POINT('Origin',(27.4613433358396,-26.5,4.1));
#11430=CARTESIAN_POINT('Origin',(26.5,-26.5,4.113959798681));
#11431=CARTESIAN_POINT('Origin',(26.5,26.5,4.1));
#11432=CARTESIAN_POINT('',(27.8610996666472,26.5,4.113959798681));
#11433=CARTESIAN_POINT('Origin',(27.4613433358396,26.5,4.1));
#11434=CARTESIAN_POINT('Origin',(26.5,26.5,4.113959798681));
#11435=CARTESIAN_POINT('Origin',(27.4613433358396,13.25,4.1));
#11436=CARTESIAN_POINT('',(27.8610996666472,13.25,4.113959798681));
#11437=CARTESIAN_POINT('Origin',(26.5,-26.5,3.));
#11438=CARTESIAN_POINT('',(26.5,-27.9,3.));
#11439=CARTESIAN_POINT('',(27.9,-26.5,3.));
#11440=CARTESIAN_POINT('Origin',(26.5,-27.9,3.));
#11441=CARTESIAN_POINT('',(-26.5,-27.9,3.));
#11442=CARTESIAN_POINT('Origin',(-26.5,-26.5,3.));
#11443=CARTESIAN_POINT('',(-27.9,-26.5,3.));
#11444=CARTESIAN_POINT('Origin',(-27.9,-26.5,3.));
#11445=CARTESIAN_POINT('',(-27.9,26.5,3.));
#11446=CARTESIAN_POINT('Origin',(-26.9,-26.5,3.));
#11447=CARTESIAN_POINT('',(-26.9,26.5,3.));
#11448=CARTESIAN_POINT('Origin',(-26.5,26.5,3.));
#11449=CARTESIAN_POINT('',(-26.5,26.9,3.));
#11450=CARTESIAN_POINT('Origin',(-26.5,26.9,3.));
#11451=CARTESIAN_POINT('',(26.5,26.9,3.));
#11452=CARTESIAN_POINT('Origin',(26.5,26.5,3.));
#11453=CARTESIAN_POINT('Origin',(27.9,26.5,3.));
#11454=CARTESIAN_POINT('',(27.9,26.5,3.));
#11455=CARTESIAN_POINT('Origin',(-26.5,26.5,3.));
#11456=CARTESIAN_POINT('',(-26.5,27.9,3.));
#11457=CARTESIAN_POINT('Origin',(-26.5,27.9,3.));
#11458=CARTESIAN_POINT('',(26.5,27.9,3.));
#11459=CARTESIAN_POINT('Origin',(26.5,26.5,3.));
#11460=CARTESIAN_POINT('Origin',(26.5,26.5,0.));
#11461=CARTESIAN_POINT('',(26.5,30.,0.));
#11462=CARTESIAN_POINT('Origin',(-30.,30.,0.));
#11463=CARTESIAN_POINT('',(-26.5,30.,0.));
#11464=CARTESIAN_POINT('Origin',(-26.5,26.5,0.));
#11465=CARTESIAN_POINT('',(0.,0.,0.));
#11466=CARTESIAN_POINT('Origin',(0.014,0.0640673151393876,-0.0426060342211794));
#11467=CARTESIAN_POINT('',(0.014,0.0640673151393876,-0.0426060342211794));
#11468=CARTESIAN_POINT('',(0.0220000000161816,0.0640673151393875,-0.0220000000161816));
#11469=CARTESIAN_POINT('',(0.00255777761806936,0.0640673151393876,-0.0720783873844725));
#11470=CARTESIAN_POINT('',(0.00871019057874607,0.0340673151393876,-0.0416152135163638));
#11471=CARTESIAN_POINT('',(0.0140761675651121,0.0644992828666526,-0.0426203009734456));
#11472=CARTESIAN_POINT('',(0.0179124512625601,0.0340673151393876,-0.0179124512625601));
#11473=CARTESIAN_POINT('',(0.0129465921206561,0.0340673151393876,-0.0307032841535975));
#11474=CARTESIAN_POINT('',(0.0221128233904688,0.0648953667254679,-0.0221128233904689));
#11475=CARTESIAN_POINT('Origin',(0.014,0.0640673151393876,-0.0696060342211794));
#11476=CARTESIAN_POINT('',(0.014,0.0640673151393876,-0.0696060342211794));
#11477=CARTESIAN_POINT('',(0.014,0.0640673151393876,-0.0873030171105897));
#11478=CARTESIAN_POINT('',(0.00871019057874607,0.0340673151393876,-0.065130344126045));
#11479=CARTESIAN_POINT('Ctrl Pts',(0.0140000000000533,0.0640673151392848,
-0.0696060342250437));
#11480=CARTESIAN_POINT('Ctrl Pts',(0.0112672365095005,0.0485690432379961,
-0.06736818917762));
#11481=CARTESIAN_POINT('Ctrl Pts',(0.00871019057881708,0.0340673151393837,
-0.0651303441301963));
#11482=CARTESIAN_POINT('',(0.00871019057874606,0.0340673151393876,-0.0348030171105897));
#11483=CARTESIAN_POINT('Origin',(-2.01595932679427E-17,0.0640673151393876,
2.73184799366426E-18));
#11484=CARTESIAN_POINT('',(-0.014,0.0640673151393876,-0.0696060342211794));
#11485=CARTESIAN_POINT('Origin',(-2.01595932679427E-17,0.0640673151393876,
2.73184799366426E-18));
#11486=CARTESIAN_POINT('',(-0.00871019057874603,0.0340673151393876,-0.065130344126045));
#11487=CARTESIAN_POINT('Ctrl Pts',(-0.014000000000168,0.0640673151398393,
-0.0696060342208224));
#11488=CARTESIAN_POINT('Ctrl Pts',(-0.0112672365095511,0.0485690432381919,
-0.067368189173212));
#11489=CARTESIAN_POINT('Ctrl Pts',(-0.00871019057883356,0.034067315139386,
-0.0651303441256015));
#11490=CARTESIAN_POINT('Origin',(-9.23220129328565E-18,0.0340673151393876,
2.73184799366426E-18));
#11491=CARTESIAN_POINT('Origin',(-0.014,0.0640673151393876,-0.0426060342211794));
#11492=CARTESIAN_POINT('',(-0.014,0.0640673151393876,-0.0426060342211794));
#11493=CARTESIAN_POINT('',(-0.014,0.0640673151393876,-0.0738030171105897));
#11494=CARTESIAN_POINT('',(-0.00871019057874603,0.0340673151393876,-0.0416152135163638));
#11495=CARTESIAN_POINT('',(-0.0140623572396434,0.0644209606188989,-0.0426177141966216));
#11496=CARTESIAN_POINT('',(-0.00871019057874604,0.0340673151393876,-0.0213030171105897));
#11497=CARTESIAN_POINT('Origin',(-0.0220000000161816,0.0640673151393876,
-0.0220000000161816));
#11498=CARTESIAN_POINT('',(-0.0220000000161816,0.0640673151393876,-0.0220000000161816));
#11499=CARTESIAN_POINT('',(-0.00655777762616014,0.0640673151393876,-0.0617753702819736));
#11500=CARTESIAN_POINT('',(-0.0179124512625601,0.0340673151393876,-0.0179124512625601));
#11501=CARTESIAN_POINT('',(-0.0221128233904689,0.0648953667254679,-0.0221128233904688));
#11502=CARTESIAN_POINT('',(-0.0217317546895722,0.0340673151393876,-0.00807486415042389));
#11503=CARTESIAN_POINT('Origin',(0.0426060342211794,0.0640673151393876,
0.014));
#11504=CARTESIAN_POINT('',(0.0426060342211794,0.0640673151393876,0.014));
#11505=CARTESIAN_POINT('',(0.0220000000161816,0.0640673151393875,0.0220000000161816));
#11506=CARTESIAN_POINT('',(0.0441676665501377,0.0640673151393875,0.013393718435452));
#11507=CARTESIAN_POINT('',(0.0416152135163638,0.0340673151393876,0.00871019057874607));
#11508=CARTESIAN_POINT('',(0.0426203009734456,0.0644992828666526,0.0140761675651121));
#11509=CARTESIAN_POINT('',(0.0179124512625601,0.0340673151393876,0.0179124512625601));
#11510=CARTESIAN_POINT('',(0.00866697812526254,0.0340673151393876,0.0215018748514061));
#11511=CARTESIAN_POINT('',(0.0221128233904689,0.0648953667254679,0.0221128233904688));
#11512=CARTESIAN_POINT('Origin',(0.0696060342211794,0.0640673151393876,
0.014));
#11513=CARTESIAN_POINT('',(0.0696060342211794,0.0640673151393876,0.014));
#11514=CARTESIAN_POINT('',(0.0348030171105897,0.0640673151393875,0.014));
#11515=CARTESIAN_POINT('',(0.065130344126045,0.0340673151393876,0.00871019057874607));
#11516=CARTESIAN_POINT('Ctrl Pts',(0.0696060342250437,0.0640673151392848,
0.0140000000000533));
#11517=CARTESIAN_POINT('Ctrl Pts',(0.06736818917762,0.0485690432379961,
0.0112672365095005));
#11518=CARTESIAN_POINT('Ctrl Pts',(0.0651303441301963,0.0340673151393837,
0.00871019057881708));
#11519=CARTESIAN_POINT('',(0.0165368312521794,0.0340673151393876,0.00871019057874606));
#11520=CARTESIAN_POINT('Origin',(-2.73184799366426E-18,0.0640673151393876,
-2.01595932679427E-17));
#11521=CARTESIAN_POINT('',(0.0696060342211794,0.0640673151393876,-0.014));
#11522=CARTESIAN_POINT('Origin',(-2.73184799366426E-18,0.0640673151393876,
-2.01595932679427E-17));
#11523=CARTESIAN_POINT('',(0.065130344126045,0.0340673151393876,-0.00871019057874603));
#11524=CARTESIAN_POINT('Ctrl Pts',(0.0696060342207647,0.0640673151398168,
-0.0140000000001652));
#11525=CARTESIAN_POINT('Ctrl Pts',(0.0673681891731545,0.0485690432381822,
-0.0112672365095517));
#11526=CARTESIAN_POINT('Ctrl Pts',(0.0651303441255443,0.0340673151393917,
-0.00871019057883684));
#11527=CARTESIAN_POINT('Origin',(-2.73184799366426E-18,0.0340673151393876,
-9.23220129328565E-18));
#11528=CARTESIAN_POINT('Origin',(0.0426060342211794,0.0640673151393876,
-0.014));
#11529=CARTESIAN_POINT('',(0.0426060342211794,0.0640673151393876,-0.014));
#11530=CARTESIAN_POINT('',(0.0213030171105897,0.0640673151393876,-0.014));
#11531=CARTESIAN_POINT('',(0.0416152135163638,0.0340673151393876,-0.00871019057874603));
#11532=CARTESIAN_POINT('',(0.0426177141966216,0.0644209606188989,-0.0140623572396434));
#11533=CARTESIAN_POINT('',(0.00303683125217941,0.0340673151393876,-0.00871019057874604));
#11534=CARTESIAN_POINT('Origin',(0.0220000000161816,0.0640673151393875,
-0.0220000000161816));
#11535=CARTESIAN_POINT('',(-0.00156057053540905,0.0640673151393876,-0.0311470567918254));
#11536=CARTESIAN_POINT('',(-0.00163603897723635,0.0340673151393876,-0.0255018748594969));
#11537=CARTESIAN_POINT('Origin',(-0.014,0.0640673151393876,0.0426060342211794));
#11538=CARTESIAN_POINT('',(-0.014,0.0640673151393876,0.0426060342211794));
#11539=CARTESIAN_POINT('',(-0.0220000000161816,0.0640673151393875,0.0220000000161816));
#11540=CARTESIAN_POINT('',(-0.0379829976011172,0.0640673151393876,-0.0191682742672449));
#11541=CARTESIAN_POINT('',(-0.00871019057874606,0.0340673151393876,0.0416152135163638));
#11542=CARTESIAN_POINT('',(-0.0140761675651121,0.0644992828666526,0.0426203009734456));
#11543=CARTESIAN_POINT('',(-0.0179124512625601,0.0340673151393876,0.0179124512625601));
#11544=CARTESIAN_POINT('',(-0.0177317546814814,0.0340673151393876,0.0183778812529228));
#11545=CARTESIAN_POINT('',(-0.0221128233904688,0.0648953667254679,0.0221128233904689));
#11546=CARTESIAN_POINT('Origin',(-0.014,0.0640673151393876,0.0696060342211794));
#11547=CARTESIAN_POINT('',(-0.014,0.0640673151393876,0.0696060342211794));
#11548=CARTESIAN_POINT('',(-0.014,0.0640673151393876,-0.0176969828894103));
#11549=CARTESIAN_POINT('',(-0.00871019057874606,0.0340673151393875,0.065130344126045));
#11550=CARTESIAN_POINT('Ctrl Pts',(-0.0140000000000533,0.0640673151392848,
0.0696060342250438));
#11551=CARTESIAN_POINT('Ctrl Pts',(-0.0112672365095005,0.0485690432379961,
0.0673681891776201));
#11552=CARTESIAN_POINT('Ctrl Pts',(-0.00871019057881708,0.0340673151393837,
0.0651303441301964));
#11553=CARTESIAN_POINT('',(-0.00871019057874606,0.0340673151393876,0.0348030171105897));
#11554=CARTESIAN_POINT('Origin',(2.01595932679427E-17,0.0640673151393876,
-2.73184799366426E-18));
#11555=CARTESIAN_POINT('',(0.014,0.0640673151393876,0.0696060342211794));
#11556=CARTESIAN_POINT('Origin',(2.01595932679427E-17,0.0640673151393876,
-2.73184799366426E-18));
#11557=CARTESIAN_POINT('',(0.00871019057874603,0.0340673151393875,0.065130344126045));
#11558=CARTESIAN_POINT('Ctrl Pts',(0.0140000000001638,0.0640673151398168,
0.0696060342207639));
#11559=CARTESIAN_POINT('Ctrl Pts',(0.0112672365095503,0.0485690432381822,
0.0673681891731537));
#11560=CARTESIAN_POINT('Ctrl Pts',(0.00871019057883544,0.0340673151393917,
0.0651303441255436));
#11561=CARTESIAN_POINT('Origin',(9.23220129328564E-18,0.0340673151393876,
-2.73184799366426E-18));
#11562=CARTESIAN_POINT('Origin',(0.014,0.0640673151393876,0.0426060342211794));
#11563=CARTESIAN_POINT('',(0.014,0.0640673151393876,0.0426060342211794));
#11564=CARTESIAN_POINT('',(0.014,0.0640673151393876,-0.0311969828894103));
#11565=CARTESIAN_POINT('',(0.00871019057874604,0.0340673151393876,0.0416152135163638));
#11566=CARTESIAN_POINT('',(0.0140623572396434,0.0644209606188989,0.0426177141966216));
#11567=CARTESIAN_POINT('',(0.00871019057874603,0.0340673151393876,0.0213030171105897));
#11568=CARTESIAN_POINT('Origin',(0.0220000000161816,0.0640673151393875,
0.0220000000161816));
#11569=CARTESIAN_POINT('',(0.0419829976092081,0.0640673151393876,-0.0294712913697437));
#11570=CARTESIAN_POINT('',(0.0169465921287469,0.0340673151393876,0.0204002670510986));
#11571=CARTESIAN_POINT('Origin',(0.,0.0640673151393876,-0.105));
#11572=CARTESIAN_POINT('',(0.,0.0640673151393876,-0.105));
#11573=CARTESIAN_POINT('',(-1.28587913910472E-17,0.0640673151393875,0.105));
#11574=CARTESIAN_POINT('Origin',(0.,0.0640673151393876,2.2891441261607E-17));
#11575=CARTESIAN_POINT('Origin',(0.,0.0640673151393876,2.2891441261607E-17));
#11576=CARTESIAN_POINT('',(-0.0426060342211794,0.0640673151393876,0.014));
#11577=CARTESIAN_POINT('',(-0.0338646494476389,0.0640673151393875,0.0173937184435428));
#11578=CARTESIAN_POINT('',(-0.0696060342211794,0.0640673151393876,0.014));
#11579=CARTESIAN_POINT('',(-0.0213030171105897,0.0640673151393875,0.014));
#11580=CARTESIAN_POINT('',(-0.0696060342211794,0.0640673151393876,-0.014));
#11581=CARTESIAN_POINT('Origin',(2.73184799366426E-18,0.0640673151393876,
2.01595932679427E-17));
#11582=CARTESIAN_POINT('',(-0.0426060342211794,0.0640673151393876,-0.014));
#11583=CARTESIAN_POINT('',(-0.0348030171105897,0.0640673151393876,-0.014));
#11584=CARTESIAN_POINT('',(-0.00874244656708986,0.0640673151393876,-0.0271470567837346));
#11585=CARTESIAN_POINT('Origin',(-0.0426060342211794,0.0640673151393876,
-0.014));
#11586=CARTESIAN_POINT('',(-0.0416152135163638,0.0340673151393876,-0.00871019057874606));
#11587=CARTESIAN_POINT('',(-0.0426203009734456,0.0644992828666526,-0.0140761675651121));
#11588=CARTESIAN_POINT('',(-0.0404141872812578,0.0340673151393876,-0.00917647195073138));
#11589=CARTESIAN_POINT('Origin',(-0.0696060342211794,0.0640673151393876,
-0.014));
#11590=CARTESIAN_POINT('',(-0.065130344126045,0.0340673151393876,-0.00871019057874606));
#11591=CARTESIAN_POINT('Ctrl Pts',(-0.0696060342250492,0.0640673151393237,
-0.0140000000000585));
#11592=CARTESIAN_POINT('Ctrl Pts',(-0.067368189177623,0.0485690432380154,
-0.0112672365095025));
#11593=CARTESIAN_POINT('Ctrl Pts',(-0.0651303441301967,0.0340673151393863,
-0.00871019057881616));
#11594=CARTESIAN_POINT('',(-0.053069202969,0.0340673151393876,-0.00871019057874606));
#11595=CARTESIAN_POINT('Origin',(2.73184799366426E-18,0.0640673151393876,
2.01595932679427E-17));
#11596=CARTESIAN_POINT('',(-0.065130344126045,0.0340673151393876,0.00871019057874604));
#11597=CARTESIAN_POINT('Ctrl Pts',(-0.0696060342207639,0.0640673151398168,
0.0140000000001638));
#11598=CARTESIAN_POINT('Ctrl Pts',(-0.0673681891731537,0.0485690432381822,
0.0112672365095503));
#11599=CARTESIAN_POINT('Ctrl Pts',(-0.0651303441255436,0.0340673151393917,
0.00871019057883544));
#11600=CARTESIAN_POINT('Origin',(2.73184799366426E-18,0.0340673151393876,
9.23220129328565E-18));
#11601=CARTESIAN_POINT('Origin',(-0.0426060342211794,0.0640673151393876,
0.014));
#11602=CARTESIAN_POINT('',(-0.0416152135163638,0.0340673151393876,0.00871019057874604));
#11603=CARTESIAN_POINT('',(-0.0426177141966215,0.0644209606188989,0.0140623572396434));
#11604=CARTESIAN_POINT('',(-0.039569202969,0.0340673151393876,0.00871019057874604));
#11605=CARTESIAN_POINT('Origin',(-0.0220000000161816,0.0640673151393875,
0.0220000000161816));
#11606=CARTESIAN_POINT('',(-0.0301111701787589,0.0340673151393876,0.0131764719588222));
#11607=CARTESIAN_POINT('Origin',(-0.0365323717168206,0.0340673151393876,
-1.20929799933561E-18));
#11608=CARTESIAN_POINT('Origin',(0.,-0.191466342430306,-6.84114906607584E-17));
#11609=CARTESIAN_POINT('',(0.,-0.382932684860612,-0.0580000000000002));
#11610=CARTESIAN_POINT('',(-7.10295143505466E-18,-0.382932684860612,0.0579999999999999));
#11611=CARTESIAN_POINT('Origin',(0.,-0.382932684860612,-1.36822981321517E-16));
#11612=CARTESIAN_POINT('Origin',(0.,-0.382932684860612,-1.36822981321517E-16));
#11613=CARTESIAN_POINT('',(-7.10295143505466E-18,2.18547839493141E-17,0.0580000000000001));
#11614=CARTESIAN_POINT('',(-7.10295143505466E-18,-0.191466342430306,0.058));
#11615=CARTESIAN_POINT('',(0.,0.,-0.0580000000000001));
#11616=CARTESIAN_POINT('Origin',(0.,-2.07235716103382E-17,-7.40459345325545E-33));
#11617=CARTESIAN_POINT('Origin',(0.,-2.07235716103382E-17,-7.40459345325545E-33));
#11618=CARTESIAN_POINT('Origin',(0.,-0.397932684860612,-1.42182525703501E-16));
#11619=CARTESIAN_POINT('',(0.,-0.412932684860612,-0.0400000000000002));
#11620=CARTESIAN_POINT('',(-4.89858719658942E-18,-0.412932684860612,0.0399999999999999));
#11621=CARTESIAN_POINT('Origin',(0.,-0.412932684860612,-1.47542070085485E-16));
#11622=CARTESIAN_POINT('Origin',(0.,-0.412932684860612,-1.47542070085485E-16));
#11623=CARTESIAN_POINT('',(-6.00076931582204E-18,-0.397932684860612,0.0489999999999999));
#11624=CARTESIAN_POINT('Origin',(0.,-0.412932684860612,-1.76993841772255E-16));
#11625=CARTESIAN_POINT('Origin',(0.,0.0590673151393876,2.11049264676123E-17));
#11626=CARTESIAN_POINT('',(0.,0.0540673151393876,-0.105));
#11627=CARTESIAN_POINT('',(-1.28587913910472E-17,0.0540673151393875,0.105));
#11628=CARTESIAN_POINT('Origin',(0.,0.0540673151393876,1.93184116736176E-17));
#11629=CARTESIAN_POINT('Origin',(0.,0.0540673151393876,1.93184116736176E-17));
#11630=CARTESIAN_POINT('',(-1.28587913910472E-17,0.0590673151393875,0.105));
#11631=CARTESIAN_POINT('Origin',(0.,0.0270336575696938,9.6592058368088E-18));
#11632=CARTESIAN_POINT('',(-9.98087141305093E-18,0.0270336575696937,0.0815));
#11633=CARTESIAN_POINT('',(0.,0.,0.));
#11634=CARTESIAN_POINT('',(0.,0.,3.));
#11635=CARTESIAN_POINT('',(23.5,23.5,1.27269019545956));
#11636=CARTESIAN_POINT('',(-23.5,-23.5,1.27269019545956));
#11637=UNCERTAINTY_MEASURE_WITH_UNIT(LENGTH_MEASURE(0.01),#11647,
'DISTANCE_ACCURACY_VALUE',
'Maximum model space distance between geometric entities at asserted c
onnectivities');
#11638=UNCERTAINTY_MEASURE_WITH_UNIT(LENGTH_MEASURE(0.01),#11647,
'DISTANCE_ACCURACY_VALUE',
'Maximum model space distance between geometric entities at asserted c
onnectivities');
#11639=UNCERTAINTY_MEASURE_WITH_UNIT(LENGTH_MEASURE(0.01),#11647,
'DISTANCE_ACCURACY_VALUE',
'Maximum model space distance between geometric entities at asserted c
onnectivities');
#11640=UNCERTAINTY_MEASURE_WITH_UNIT(LENGTH_MEASURE(0.000393700787401575),
#28,'DISTANCE_ACCURACY_VALUE',
'Maximum model space distance between geometric entities at asserted c
onnectivities');
#11641=UNCERTAINTY_MEASURE_WITH_UNIT(LENGTH_MEASURE(0.01),#11647,
'DISTANCE_ACCURACY_VALUE',
'Maximum model space distance between geometric entities at asserted c
onnectivities');
#11642=(
GEOMETRIC_REPRESENTATION_CONTEXT(3)
GLOBAL_UNCERTAINTY_ASSIGNED_CONTEXT((#11637))
GLOBAL_UNIT_ASSIGNED_CONTEXT((#11647,#11649,#11650))
REPRESENTATION_CONTEXT('','3D')
);
#11643=(
GEOMETRIC_REPRESENTATION_CONTEXT(3)
GLOBAL_UNCERTAINTY_ASSIGNED_CONTEXT((#11638))
GLOBAL_UNIT_ASSIGNED_CONTEXT((#11647,#11649,#11650))
REPRESENTATION_CONTEXT('','3D')
);
#11644=(
GEOMETRIC_REPRESENTATION_CONTEXT(3)
GLOBAL_UNCERTAINTY_ASSIGNED_CONTEXT((#11639))
GLOBAL_UNIT_ASSIGNED_CONTEXT((#11647,#11649,#11650))
REPRESENTATION_CONTEXT('','3D')
);
#11645=(
GEOMETRIC_REPRESENTATION_CONTEXT(3)
GLOBAL_UNCERTAINTY_ASSIGNED_CONTEXT((#11640))
GLOBAL_UNIT_ASSIGNED_CONTEXT((#28,#11649,#11650))
REPRESENTATION_CONTEXT('','3D')
);
#11646=(
GEOMETRIC_REPRESENTATION_CONTEXT(3)
GLOBAL_UNCERTAINTY_ASSIGNED_CONTEXT((#11641))
GLOBAL_UNIT_ASSIGNED_CONTEXT((#11647,#11649,#11650))
REPRESENTATION_CONTEXT('','3D')
);
#11647=(
LENGTH_UNIT()
NAMED_UNIT(*)
SI_UNIT(.MILLI.,.METRE.)
);
#11648=(
LENGTH_UNIT()
NAMED_UNIT(*)
SI_UNIT(.CENTI.,.METRE.)
);
#11649=(
NAMED_UNIT(*)
PLANE_ANGLE_UNIT()
SI_UNIT($,.RADIAN.)
);
#11650=(
NAMED_UNIT(*)
SI_UNIT($,.STERADIAN.)
SOLID_ANGLE_UNIT()
);
#11651=SHAPE_DEFINITION_REPRESENTATION(#11655,#11663);
#11652=SHAPE_DEFINITION_REPRESENTATION(#11656,#11664);
#11653=SHAPE_DEFINITION_REPRESENTATION(#11657,#11665);
#11654=SHAPE_DEFINITION_REPRESENTATION(#11658,#11666);
#11655=PRODUCT_DEFINITION_SHAPE('',$,#11668);
#11656=PRODUCT_DEFINITION_SHAPE('',$,#11669);
#11657=PRODUCT_DEFINITION_SHAPE('',$,#11670);
#11658=PRODUCT_DEFINITION_SHAPE('',$,#11671);
#11659=PRODUCT_DEFINITION_SHAPE($,$,#23);
#11660=PRODUCT_DEFINITION_SHAPE($,$,#24);
#11661=PRODUCT_DEFINITION_SHAPE($,$,#25);
#11662=PRODUCT_DEFINITION_SHAPE($,$,#26);
#11663=SHAPE_REPRESENTATION('',(#6492,#7038,#7039,#7040,#7041),#11642);
#11664=SHAPE_REPRESENTATION('',(#6493),#11643);
#11665=SHAPE_REPRESENTATION('',(#6747),#11644);
#11666=SHAPE_REPRESENTATION('',(#6992),#11645);
#11667=PRODUCT_DEFINITION_CONTEXT('part definition',#11681,'design');
#11668=PRODUCT_DEFINITION('1551X','1551TFL',#11672,#11667);
#11669=PRODUCT_DEFINITION('1551T Box','1551T Box',#11673,#11667);
#11670=PRODUCT_DEFINITION('1551T Flange Lid','1551T Flange Lid',#11674,
#11667);
#11671=PRODUCT_DEFINITION('SC510 (screw #4X 1_2'''' FH)',
'SC510 (screw #4X 1_2'''' FH)',#11675,#11667);
#11672=PRODUCT_DEFINITION_FORMATION('',$,#11683);
#11673=PRODUCT_DEFINITION_FORMATION('',$,#11684);
#11674=PRODUCT_DEFINITION_FORMATION('',$,#11685);
#11675=PRODUCT_DEFINITION_FORMATION('',$,#11686);
#11676=PRODUCT_RELATED_PRODUCT_CATEGORY('1551TFL','1551TFL',(#11683));
#11677=PRODUCT_RELATED_PRODUCT_CATEGORY('1551T Box','1551T Box',(#11684));
#11678=PRODUCT_RELATED_PRODUCT_CATEGORY('1551T Flange Lid',
'1551T Flange Lid',(#11685));
#11679=PRODUCT_RELATED_PRODUCT_CATEGORY('SC510 (screw #4X 1_2'''' FH)',
'SC510 (screw #4X 1_2'''' FH)',(#11686));
#11680=APPLICATION_PROTOCOL_DEFINITION('international standard',
'automotive_design',2009,#11681);
#11681=APPLICATION_CONTEXT(
'Core Data for Automotive Mechanical Design Process');
#11682=PRODUCT_CONTEXT('part definition',#11681,'mechanical');
#11683=PRODUCT('1551X','1551TFL',$,(#11682));
#11684=PRODUCT('1551T Box','1551T Box',$,(#11682));
#11685=PRODUCT('1551T Flange Lid','1551T Flange Lid',$,(#11682));
#11686=PRODUCT('SC510 (screw #4X 1_2'''' FH)',
'SC510 (screw #4X 1_2'''' FH)',$,(#11682));
ENDSEC;
END-ISO-10303-21;
